Field,ID,Type (Type),default,en-us,sq,ar,af,as,am,hy,az,bn,eu,be,bs,bg,frc,ca,chr,zh,hr,cs,da,prs,nl,en,et,fil,fi,frp,fr,gl,ka,de,el,gu,ha-latn,he,hi,hu,is,ig,id,iu,ga,xh,zu,it,ja,kn,kk,km,quc,rw,sw,kok,ko,ku,ky,lo,lv,lt,lb,mk,ms,ml,mt,mi,mr,mn,ne,mk-mk,no,or,fa,pl,pt,pa,quz,ro,ru,gd,sr,nso,tn,sd,si,sk,sl,es,sv,tg,ta,tt,te,th,ti,tr,tk,uk,ur,ug,uz
Description,2,Text,"Modern Tasbeeh Tracker is a sleek, minimalist, and lightweight desktop application designed for Muslims to track their daily dhikr (remembrance) and tasbeeh seamlessly while working on their Windows PC.

Key Features:
• Floating Orb UI: A beautiful, semi-transparent circular window that stays topmost and adapts to your workflow.
• Adaptive Windows Integration: The orb automatically synchronizes with Windows light/dark mode and tints its background with your active Windows accent color for a seamless desktop experience.
• Global Hotkey: Increment your counter instantly from any screen or application using a custom hotkey (default is NumPad Plus) without needing to switch focus.
• Interactive Animations: Features a smooth scale bounce animation and dynamic glow effects on every increment.
• Hover Controls: Close and reset controls fade in only when you hover over the orb, keeping the interface clean and distraction-free.
• Easy Customization: Change the global hotkey easily using the integrated settings overlay.
• 100% Offline & Private: No accounts, no data collection, and no internet required. Your count is saved locally.","Modern Tasbeeh Tracker is a sleek, minimalist, and lightweight desktop application designed for Muslims to track their daily dhikr (remembrance) and tasbeeh seamlessly while working on their Windows PC.

Key Features:
• Floating Orb UI: A beautiful, semi-transparent circular window that stays topmost and adapts to your workflow.
• Adaptive Windows Integration: The orb automatically synchronizes with Windows light/dark mode and tints its background with your active Windows accent color for a seamless desktop experience.
• Global Hotkey: Increment your counter instantly from any screen or application using a custom hotkey (default is NumPad Plus) without needing to switch focus.
• Interactive Animations: Features a smooth scale bounce animation and dynamic glow effects on every increment.
• Hover Controls: Close and reset controls fade in only when you hover over the orb, keeping the interface clean and distraction-free.
• Easy Customization: Change the global hotkey easily using the integrated settings overlay.
• 100% Offline & Private: No accounts, no data collection, and no internet required. Your count is saved locally.","Modern Tasbeeh Tracker është një aplikacion i shkëlqyeshëm, minimalist dhe i lehtë për desktop i krijuar për muslimanët që të gjurmojnë pa probleme dhikrin (kujtimin) dhe tesbihin e tyre të përditshëm ndërsa punojnë në kompjuterin e tyre Windows.

Karakteristikat kryesore:
• Floating Orb UI: Një dritare rrethore e bukur, gjysmë transparente që qëndron në krye dhe përshtatet me rrjedhën tuaj të punës.
• Integrimi adaptiv i Windows: Orbi sinkronizohet automatikisht me modalitetin dritë/errësirë ​​të Windows dhe ngjyros sfondin e tij me ngjyrën tuaj aktive të theksit të Windows për një përvojë të qetë në desktop.
• Global Hotkey: Rritni numëruesin tuaj në çast nga çdo ekran ose aplikacion duke përdorur një çelës kyç të personalizuar (parazgjedhja është NumPad Plus) pa pasur nevojë të ndërroni fokusin.
• Animacionet interaktive: Paraqitet një animacion të qetë në shkallë dhe efekte dinamike të shkëlqimit në çdo rritje.
• Kontrollet e pezullimit: Kontrollet e mbylljes dhe rivendosjes zbehen vetëm kur kaloni pezull mbi rruzull, duke e mbajtur ndërfaqen të pastër dhe pa shpërqendrime.
• Përshtatje e lehtë: Ndryshoni butonin e nxehtë global me lehtësi duke përdorur mbivendosjen e cilësimeve të integruara.
• 100% Offline & Private: Nuk ka llogari, nuk ka mbledhje të të dhënave dhe nuk kërkohet internet. Numri juaj ruhet në nivel lokal.","Modern Tasbeeh Tracker هو تطبيق سطح مكتب أنيق وبسيط وخفيف الوزن مصمم للمسلمين لتتبع أذكارهم اليومية والتسبيح بسلاسة أثناء العمل على أجهزة الكمبيوتر الشخصية التي تعمل بنظام Windows.

الميزات الرئيسية:
• واجهة مستخدم الجرم السماوي العائم: نافذة دائرية جميلة وشبه شفافة تظل في الأعلى وتتكيف مع سير عملك.
• تكامل Windows المتكيف: يتزامن الجرم السماوي تلقائيًا مع Windows وضع فاتح/داكن وتلوين خلفيته بلون تمييز Windows النشط الخاص بك للحصول على تجربة سطح مكتب سلسة.
• مفتاح التشغيل السريع العالمي: قم بزيادة العداد الخاص بك على الفور من أي شاشة أو تطبيق باستخدام مفتاح تشغيل سريع مخصص (الافتراضي هو NumPad Plus) دون الحاجة إلى تبديل التركيز.
• الرسوم المتحركة التفاعلية: تتميز برسوم متحركة ترتد بمقياس سلس وتأثيرات توهج ديناميكية مع كل زيادة.
• عناصر التحكم في التمرير: تتلاشى عناصر التحكم في الإغلاق وإعادة التعيين فقط عند التمرير فوق الجرم السماوي، مما يحافظ على نظافة الواجهة خالية من التشتيت.
• سهولة التخصيص: يمكنك تغيير مفتاح التشغيل السريع العام بسهولة باستخدام تراكب الإعدادات المدمجة.
• غير متصل بالإنترنت وخاصة بنسبة 100%: لا توجد حسابات، ولا جمع بيانات، ولا يلزم الاتصال بالإنترنت. يتم حفظ العد الخاص بك محليا.","Modern Tasbeeh Tracker is 'n slanke, minimalistiese en liggewig lessenaartoepassing wat ontwerp is vir Moslems om hul daaglikse dhikr (herinnering) en tasbeeh naatloos op te spoor terwyl hulle op hul Windows-rekenaar werk.

Sleutel kenmerke:
• Floating Orb UI: 'n Pragtige, semi-deursigtige sirkelvormige venster wat bo bly en by jou werkvloei aanpas.
• Aanpasbare Windows-integrasie: Die bol sinchroniseer outomaties met Windows-lig/donkermodus en kleur sy agtergrond met jou aktiewe Windows-aksentkleur vir 'n naatlose lessenaarervaring.
• Global Hotkey: Verhoog jou teller onmiddellik vanaf enige skerm of toepassing deur 'n pasgemaakte sneltoets (verstek is NumPad Plus) sonder om fokus te verander.
• Interaktiewe animasies: Beskik oor 'n gladde skaal weiering-animasie en dinamiese gloei-effekte op elke inkrement.
• Beweegkontroles: Maak toe en stel kontroles in net wanneer jy oor die bol beweeg, wat die koppelvlak skoon en afleidingsvry hou.
• Maklike aanpassing: Verander die globale snelsleutel maklik deur die geïntegreerde instellings-oorleg te gebruik.
• 100% vanlyn en privaat: Geen rekeninge, geen data-insameling en geen internet nodig nie. Jou telling word plaaslik gestoor.","আধুনিক Tasbeeh Tracker হৈছে এটা চিকচিকিয়া, নূন্যতম, আৰু লঘু ডেস্কটপ এপ্লিকেচন যিটো মুছলমানসকলে তেওঁলোকৰ উইণ্ড'জ পিচিত কাম কৰাৰ সময়ত তেওঁলোকৰ দৈনন্দিন জিকিৰ (স্মৃতি) আৰু তছবীহক নিৰৱচ্ছিন্নভাৱে অনুসৰণ কৰিবলৈ ডিজাইন কৰা হৈছে।

মূল বৈশিষ্ট্যসমূহ:
• ফ্লটিং অৰ্ব ইউআই: এটা সুন্দৰ, অৰ্ধ-স্বচ্ছ বৃত্তাকাৰ উইণ্ড' যি শীৰ্ষত থাকে আৰু আপোনাৰ কাৰ্য্যপ্ৰবাহৰ সৈতে খাপ খায়।
• এডাপ্টিভ উইণ্ড'জ সংহতি: অৰ্বে স্বয়ংক্ৰিয়ভাৱে উইণ্ড'জ লাইট/ডাৰ্ক মোডৰ সৈতে সমন্বয় কৰে আৰু এটা নিৰৱচ্ছিন্ন ডেস্কটপ অভিজ্ঞতাৰ বাবে আপোনাৰ সক্ৰিয় উইণ্ড'জ উচ্চাৰণৰ ৰঙৰ সৈতে ইয়াৰ পটভূমি টিন্ট কৰে।
• গ্লোবেল হটকি: ফ'কাচ সলনি কৰাৰ প্ৰয়োজন নোহোৱাকৈ এটা কাষ্টম হটকি ব্যৱহাৰ কৰি যিকোনো পৰ্দা বা এপ্লিকেচনৰ পৰা আপোনাৰ কাউণ্টাৰক তৎক্ষণাত বৃদ্ধি কৰক (অবিকল্পিত হৈছে NumPad Plus)।
• ইন্টাৰেক্টিভ এনিমেচনসমূহ: এটা মসৃণ স্কেল বাউন্স এনিমেচন আৰু ডাইনামিক বৈশিষ্ট্য গ্লো ইফেক্টসমূহ প্ৰতিটো বৃদ্ধিৰ ওপৰত।
• হোভাৰ নিয়ন্ত্ৰণসমূহ: বন্ধ আৰু ৰিছেট নিয়ন্ত্ৰণসমূহ কেৱল ম্লান হয় যেতিয়া আপুনি অৰ্বৰ ওপৰত হোভাৰ কৰে, আন্তঃপৃষ্ঠ পৰিষ্কাৰ আৰু বিক্ষিপ্ততা-মুক্ত কৰি ৰাখে।
• সহজ কাষ্টমাইজেচন: সংহত ছেটিংছ অভাৰলে ব্যৱহাৰ কৰি গ্লোবেল হটকি সহজে সলনি কৰক।
• ১০০% অফলাইন আৰু ব্যক্তিগত: কোনো একাউণ্ট নাই, কোনো তথ্য সংগ্ৰহ নাই, আৰু কোনো ইণ্টাৰনেটৰ প্ৰয়োজন নাই। আপোনাৰ গণনা স্থানীয়ভাৱে সংৰক্ষণ কৰা হয়।","ዘመናዊው የተስቢህ መከታተያ በዊንዶውስ ፒሲቸው ላይ በሚሰሩበት ጊዜ ሙስሊሞች ዕለታዊ ዚክርን (ትዝታውን) እና ተስቢህ ያለምንም እንከን እንዲከታተሉ የተነደፈ ቀልጣፋ፣ አነስተኛ እና ቀላል ክብደት ያለው የዴስክቶፕ መተግበሪያ ነው።

ቁልፍ ባህሪዎች
• ተንሳፋፊ ኦርብ ዩአይ፡ ቆንጆ፣ ከፊል-ግልጽ የሆነ ክብ መስኮት ከላይ የሚቆይ እና ከስራ ሂደትዎ ጋር የሚስማማ።
• አስማሚ የዊንዶውስ ውህደት፡- ኦርብ በራስ-ሰር ከዊንዶውስ ብርሃን/ጨለማ ሁነታ ጋር ይመሳሰላል እና ያለምንም እንከን የለሽ የዴስክቶፕ ልምድ ዳራውን በነቃ የዊንዶውስ ዘዬ ቀለም ይቀባዋል።
• ግሎባል ሆትኪ፡ የትኩረት አቅጣጫ መቀየር ሳያስፈልግ ብጁ ሆትኪን በመጠቀም ከማንኛውም ስክሪን ወይም አፕሊኬሽን በፍጥነት ያሳድጉ።
• በይነተገናኝ እነማዎች፡ ለስለስ ያለ ልኬት የባውንድ አኒሜሽን እና በእያንዳንዱ ጭማሪ ላይ ተለዋዋጭ የብርሃን ተፅእኖዎችን ያሳያል።
• የማንዣበብ ቁጥጥሮች፡- ዝጋ እና ዳግም ማስጀመር ቁጥጥሮች የሚጠፉት በበይነገጹ ንፁህ እና ትኩረትን የሚከፋፍል በሚያደርጉት ኦርብ ላይ ሲያንዣብቡ ብቻ ነው።
• ቀላል ማበጀት፡ የተቀናጀውን የቅንብሮች ተደራቢ በመጠቀም አለምአቀፍ ሆትኪን በቀላሉ ይቀይሩ።
• 100% ከመስመር ውጭ እና የግል፡ ምንም መለያዎች የሉም፣ ምንም መረጃ መሰብሰብ እና በይነመረብ አያስፈልግም። ቆጠራዎ በአካባቢው ተቀምጧል።","Modern Tasbeeh Tracker-ը խնամված, մինիմալիստական ​​և թեթև աշխատասեղանի հավելված է, որը նախատեսված է մուսուլմանների համար՝ իրենց Windows համակարգչի վրա աշխատելիս անխափան հետևելու իրենց ամենօրյա dhikr-ին (հիշողությանը) և թասբիին:

Հիմնական հատկանիշները:
• Floating Orb UI. Գեղեցիկ, կիսաթափանցիկ շրջանաձև պատուհան, որը մնում է ամենավերևում և հարմարվում է ձեր աշխատանքի ընթացքին:
• Հարմարվողական Windows ինտեգրում. գունդն ավտոմատ կերպով համաժամացվում է Windows-ի բաց/մութ ռեժիմի հետ և երանգավորում է իր ֆոնը Windows-ի ձեր ակտիվ շեշտադրման գույնով՝ աշխատասեղանի անխափան աշխատանքի համար:
• Համաշխարհային Hotkey. Անմիջապես ավելացրեք ձեր հաշվիչը ցանկացած էկրանից կամ հավելվածից՝ օգտագործելով հատուկ թեժ ստեղնը (կանխադրվածը NumPad Plus-ն է), առանց ֆոկուսը փոխելու անհրաժեշտության:
• Ինտերակտիվ անիմացիաներ. Հատկանշվում է սահուն մասշտաբով ցատկող անիմացիա և դինամիկ շողացող էֆեկտներ յուրաքանչյուր աճի վրա:
• Հավաքածուների կառավարում. փակեք և վերակայեք կառավարիչները միայն այն ժամանակ, երբ դուք սավառնում եք գնդիկի վրա՝ պահպանելով ինտերֆեյսը մաքուր և առանց շեղումների:
• Հեշտ անհատականացում. հեշտությամբ փոխեք գլոբալ թեժ ստեղնը՝ օգտագործելով ինտեգրված կարգավորումների ծածկույթը:
• 100% անցանց և մասնավոր. ոչ մի հաշիվ, ոչ տվյալների հավաքագրում և ոչ ինտերնետ պահանջվում է: Ձեր հաշիվը պահվում է տեղում:","Müasir Tasbeeh Tracker, müsəlmanların Windows kompüterlərində işləyərkən gündəlik zikrlərini (zikrlərini) və təsbihlərini problemsiz izləmək üçün nəzərdə tutulmuş parlaq, minimalist və yüngül bir iş masası proqramıdır.

Əsas Xüsusiyyətlər:
• Üzən Kürə UI: Ən yuxarıda qalan və iş axınınıza uyğunlaşan gözəl, yarı şəffaf dairəvi pəncərə.
• Uyğunlaşan Windows İnteqrasiyası: Kürə avtomatik olaraq Windows işıq/tünd rejimi ilə sinxronlaşır və problemsiz iş masası təcrübəsi üçün öz fonunu aktiv Windows vurğu rənginizlə rəngləndirir.
• Qlobal Qaynar düymə: Diqqəti dəyişməyə ehtiyac olmadan xüsusi isti düymədən (defolt NumPad Plus-dır) istifadə edərək sayğacınızı istənilən ekrandan və ya proqramdan dərhal artırın.
• İnteraktiv Animasiyalar: Hamar miqyaslı sıçrayış animasiyası və hər artımda dinamik parıltı effektləri təqdim edir.
• Hover Nəzarətləri: Bağlayın və sıfırlayın nəzarətləri yalnız kürə üzərində gəzdirdiyiniz zaman sönür, interfeysi təmiz və diqqəti yayındırmaz.
• Asan Fərdiləşdirmə: İnteqrasiya edilmiş parametrlərin üst-üstə düşməsindən istifadə edərək qlobal isti düyməni asanlıqla dəyişdirin.
• 100% Oflayn və Şəxsi: Hesablar, məlumatların toplanması və internet tələb olunmur. Hesabınız yerli olaraq yadda saxlanılır.","আধুনিক তাসবীহ ট্র্যাকার হল একটি মসৃণ, ন্যূনতম, এবং লাইটওয়েট ডেস্কটপ অ্যাপ্লিকেশন যা মুসলমানদের জন্য তাদের উইন্ডোজ পিসিতে কাজ করার সময় নির্বিঘ্নে তাদের প্রতিদিনের যিকর (স্মরণ) এবং তাসবীহ ট্র্যাক করার জন্য ডিজাইন করা হয়েছে।

মূল বৈশিষ্ট্য:
• ফ্লোটিং অর্ব UI: একটি সুন্দর, আধা-স্বচ্ছ বৃত্তাকার উইন্ডো যা শীর্ষে থাকে এবং আপনার কর্মপ্রবাহের সাথে খাপ খায়।
• অভিযোজিত উইন্ডোজ ইন্টিগ্রেশন: অরব স্বয়ংক্রিয়ভাবে উইন্ডোজ লাইট/ডার্ক মোডের সাথে সিঙ্ক্রোনাইজ করে এবং একটি বিরামহীন ডেস্কটপ অভিজ্ঞতার জন্য আপনার সক্রিয় উইন্ডোজ অ্যাকসেন্ট রঙের সাথে এর ব্যাকগ্রাউন্ড টিন্ট করে।
• গ্লোবাল হটকি: ফোকাস পরিবর্তন করার প্রয়োজন ছাড়াই একটি কাস্টম হটকি (ডিফল্ট হল NumPad Plus) ব্যবহার করে যেকোনো স্ক্রীন বা অ্যাপ্লিকেশন থেকে অবিলম্বে আপনার কাউন্টার বৃদ্ধি করুন।
• ইন্টারেক্টিভ অ্যানিমেশন: প্রতিটি বৃদ্ধিতে একটি মসৃণ স্কেল বাউন্স অ্যানিমেশন এবং গতিশীল গ্লো ইফেক্ট বৈশিষ্ট্যযুক্ত।
• হোভার কন্ট্রোল: ইন্টারফেসকে পরিষ্কার এবং বিভ্রান্তিমুক্ত রেখে আপনি কক্ষপথের উপর ঘোরাফেরা করলেই নিয়ন্ত্রণগুলি বন্ধ এবং রিসেট ফিকে হয়ে যায়৷
• সহজ কাস্টমাইজেশন: সমন্বিত সেটিংস ওভারলে ব্যবহার করে সহজেই গ্লোবাল হটকি পরিবর্তন করুন।
• 100% অফলাইন এবং ব্যক্তিগত: কোনও অ্যাকাউন্ট নেই, কোনও ডেটা সংগ্রহ নেই এবং কোনও ইন্টারনেটের প্রয়োজন নেই৷ আপনার গণনা স্থানীয়ভাবে সংরক্ষিত হয়.","Modern Tasbeeh Tracker mahaigaineko aplikazio dotore, minimalista eta arina da musulmanek beren eguneroko dhikr (oroimena) eta tasbeeh-a modu errazean jarraitzeko beren Windows ordenagailuan lan egiten duten bitartean.

Ezaugarri nagusiak:
• Floating Orb UI: leiho zirkular eder eta erdi gardena, goiko aldean geratzen dena eta zure lan-fluxura egokitzen dena.
• Windows integrazio moldagarria: Orbea automatikoki sinkronizatzen da Windows modu argi/ilunarekin eta atzeko planoa zure Windows azentu kolore aktiboarekin tindatzen du mahaigaineko esperientzia ezin hobea izateko.
• Laster-tekla globala: handitu zure kontagailua berehala edozein pantaila edo aplikaziotatik laster-tekla pertsonalizatua erabiliz (lehenetsia NumPad Plus da) fokua aldatu beharrik gabe.
• Animazio interaktiboak: eskala leuneko errebote-animazioa eta distira efektu dinamikoak ditu gehikuntza bakoitzean.
• Pasatzeko kontrolak: Itxi eta berrezarri kontrolak orbearen gainean pasatzean bakarrik desagertzen dira, interfazea garbi eta distrakziorik gabe mantenduz.
• Pertsonalizazio erraza: Aldatu laster-tekla globala erraz integratutako ezarpenen gainjartzea erabiliz.
• 100% lineaz kanpo eta pribatua: ez dago konturik, ez da datu-bilketarik eta ez da internetik behar. Zure zenbaketa lokalean gordetzen da.","Modern Tasbeeh Tracker - гэта гладкае, мінімалістычнае і лёгкае настольнае прыкладанне, распрацаванае для бесперашкоднага адсочвання штодзённага зікр (успаміну) і тасбіха падчас працы на ПК з Windows.

Асноўныя характарыстыкі:
• Карыстальніцкі інтэрфейс Floating Orb: прыгожае, напаўпразрыстае круглае акно, якое застаецца самым верхнім і адаптуецца да вашага працоўнага працэсу.
• Адаптыўная Windows Інтэграцыя: Orb аўтаматычна сінхранізуецца са светлым/цёмным рэжымам Windows і падфарбоўвае свой фон вашым актыўным акцэнтным колерам Windows для бесперашкоднага працоўнага стала.
• Глабальная гарачая клавіша: імгненна павялічвайце свой лічыльнік з любога экрана або прыкладання з дапамогай спецыяльнай гарачай клавішы (па змаўчанні — NumPad Plus) без неабходнасці пераключаць фокус.
• Інтэрактыўная анімацыя: мае плыўную анімацыю адскоку маштабу і дынамічныя эфекты святлення на кожным павялічваць.
• Элементы кіравання пры навядзенні: элементы кіравання закрыццём і скідам з'яўляюцца, толькі калі вы наводзіце курсор на шар, захоўваючы інтэрфейс чыстым і не адцягваючым увагу.
• Лёгкая налада: лёгка змяняйце глабальную гарачую клавішу з дапамогай убудаванай накладкі налад.
• 100% аўтаномны і прыватны: без уліковых запісаў, збору даных і інтэрнэту не патрабуецца. Ваш лік захоўваецца лакальна.","Moderna Tasbeeh Tracker je elegantna, minimalistička i lagana desktop aplikacija dizajnirana za muslimane da nesmetano prate svoje dnevne zikr (sjećanje) i tasbeeh dok rade na svom Windows PC-u.

Ključne karakteristike:
• Plutajuća kugla korisničko sučelje: prekrasan, poluproziran kružni prozor koji ostaje na vrhu i prilagođava se vašem toku rada.
• Prilagodljiva Windows integracija: kugla se automatski sinhronizuje sa Windows svetlim/tamnim režimom i nijansira svoju pozadinu aktivnom bojom naglaska na Windows-u za besprekorno iskustvo na radnoj površini.
• Globalni interventni taster: odmah povećajte svoj brojač sa bilo kog ekrana ili aplikacije pomoću prilagođene prečice (podrazumevano je NumPad Plus) bez potrebe za prebacivanjem fokusa.
• Interaktivne animacije: Sadrži glatku animaciju odbijanja i dinamičke efekte sjaja na svakom koraku.
• Kontrole lebdenja: kontrole zatvaranja i resetovanja blede samo kada lebdite iznad kugle, održavajući interfejs čistim i bez ometanja.
• Jednostavna prilagodba: Lako promijenite globalnu interventnu tipku pomoću integriranog preklapanja postavki.
• 100% van mreže i privatno: Nema naloga, nema prikupljanja podataka i nije potreban internet. Vaš broj se čuva lokalno.","Modern Tasbeeh Tracker е елегантно, минималистично и леко настолно приложение, предназначено за мюсюлманите да проследяват безпроблемно ежедневния си зикр (възпоменание) и тасбих, докато работят на своя компютър с Windows.

Основни характеристики:
• Потребителски интерфейс на плаваща сфера: красив, полупрозрачен кръгъл прозорец, който остава най-отгоре и се адаптира към вашия работен процес.
• Адаптивен Windows Интегриране: Кълбото автоматично се синхронизира със светъл/тъмен режим на Windows и оцветява фона си с вашия активен акцентен цвят на Windows за безпроблемно изживяване на работния плот.
• Глобален клавиш за бърз достъп: Увеличете брояча си незабавно от всеки екран или приложение с помощта на персонализиран клавиш за бърз достъп (по подразбиране е NumPad Plus), без да е необходимо да превключвате фокуса.
• Интерактивни анимации: Включва плавна анимация за отскачане на мащаба и динамични светещи ефекти на всеки увеличение.
• Контроли при насочване: Контролите за затваряне и нулиране избледняват само когато задържите курсора на мишката над кълбото, поддържайки интерфейса чист и без разсейване.
• Лесно персонализиране: Променете глобалния клавиш за бърз достъп лесно с помощта на интегрираното наслагване на настройките.
• 100% Офлайн и частно: Без акаунти, без събиране на данни и не е необходим интернет. Вашият брой се запазва локално.","Modern Tasbeeh Tracker est une application de bureau élégante, minimaliste et légère conçue pour permettre aux musulmans de suivre leur dhikr (souvenir) et leur tasbeeh quotidiens de manière transparente tout en travaillant sur leur PC Windows.

Principales caractéristiques :
• Interface utilisateur de l'orbe flottant : une belle fenêtre circulaire semi-transparente qui reste au premier plan et s'adapte à votre flux de travail.
• Intégration adaptative de Windows : l'orbe se synchronise automatiquement avec le mode clair/sombre de Windows et teinte son arrière-plan avec votre Windows actif. accentuez la couleur pour une expérience de bureau fluide.
• Touche de raccourci globale : incrémentez instantanément votre compteur à partir de n'importe quel écran ou application à l'aide d'une touche de raccourci personnalisée (la valeur par défaut est Pavé numérique Plus) sans avoir à changer de focus.
• Animations interactives : propose une animation de rebond à échelle fluide et des effets de lueur dynamiques à chaque incrément.
• Contrôles de survol : les contrôles de fermeture et de réinitialisation apparaissent uniquement lorsque vous survolez l'orbe, gardant l'interface propre et sans distraction.
• Personnalisation facile : modifiez le raccourci clavier global. facilement en utilisant la superposition de paramètres intégrée.
• 100 % hors ligne et privé : aucun compte, aucune collecte de données et aucune connexion Internet requise. Votre décompte est enregistré localement.","Modern Tasbeeh Tracker és una aplicació d'escriptori elegant, minimalista i lleugera dissenyada perquè els musulmans facin un seguiment diari del seu dhikr (record) i tasbeeh sense problemes mentre treballen al seu ordinador Windows.

Característiques principals:
• Interfície d'usuari flotant d'Orb: una bonica finestra circular semitransparent que es manté a la part superior i s'adapta al vostre flux de treball.
• Integració adaptativa de Windows: l'orbe es sincronitza automàticament amb el mode clar/fosc de Windows i matisa el seu fons amb el color d'accent de Windows actiu per a una experiència d'escriptori perfecta.
• Tecla d'accés ràpid global: augmenteu el vostre comptador a l'instant des de qualsevol pantalla o aplicació mitjançant una tecla d'accés ràpid personalitzada (el valor predeterminat és NumPad Plus) sense necessitat de canviar el focus.
• Animacions interactives: inclou una animació de rebot a escala suau i efectes de resplendor dinàmics a cada increment.
• Controls del ratolí: els controls de tancament i restabliment només s'esvaeixen quan passeu el ratolí per sobre de l'orbe, mantenint la interfície neta i sense distraccions.
• Personalització fàcil: canvieu la tecla d'accés ràpid global fàcilment mitjançant la superposició de configuració integrada.
• 100% fora de línia i privat: no hi ha cap compte, cap recopilació de dades i no es requereix Internet. El vostre recompte es desa localment.","Modern Tasbeeh Tracker is a sleek, minimalist, and lightweight desktop application designed for Muslims to track their daily dhikr (remembrance) and tasbeeh seamlessly while working on their Windows PC.

Key Features:
• Floating Orb UI: A beautiful, semi-transparent circular window that stays topmost and adapts to your workflow.
• Adaptive Windows Integration: The orb automatically synchronizes with Windows light/dark mode and tints its background with your active Windows accent color for a seamless desktop experience.
• Global Hotkey: Increment your counter instantly from any screen or application using a custom hotkey (default is NumPad Plus) without needing to switch focus.
• Interactive Animations: Features a smooth scale bounce animation and dynamic glow effects on every increment.
• Hover Controls: Close and reset controls fade in only when you hover over the orb, keeping the interface clean and distraction-free.
• Easy Customization: Change the global hotkey easily using the integrated settings overlay.
• 100% Offline & Private: No accounts, no data collection, and no internet required. Your count is saved locally.","现代 Tasbeeh Tracker 是一款时尚、简约、轻量级的桌面应用程序，专为穆斯林设计，可在 Windows PC 上工作时无缝跟踪他们的日常 dhikr（纪念）和 tasbeeh。

主要功能：
• 浮动 Orb UI：一个漂亮的半透明圆形窗口，位于最上面并适应您的工作流程。
• 自适应 Windows 集成：Orb 自动与 Windows 亮/暗模式同步并为其着色。 
• 全局热键：使用自定义热键（默认为 NumPad Plus）从任何屏幕或应用程序立即增加计数器，无需切换焦点。
• 交互式动画：在每次增量时具有平滑的缩放动画和动态发光效果。
• 悬停控件：仅当您将鼠标悬停在球体上时关闭和重置控件才会淡入，从而保持界面干净且无干扰。
• 轻松自定义：更改使用集成设置覆盖轻松实现全局热键。
• 100% 离线和私密：无需帐户、无需数据收集、无需互联网。您的计数保存在本地。","Moderni Tasbeeh Tracker je elegantna, minimalistička i lagana aplikacija za stolna računala dizajnirana za muslimane da prate svoj dnevni dhikr (sjećanje) i tasbeeh besprijekorno dok rade na Windows računalu.

Ključne značajke:
• Floating Orb UI: prekrasan, polu-proziran kružni prozor koji ostaje na vrhu i prilagođava se vašem tijeku rada.
• Adaptivni Windows Integracija: Kugla se automatski sinkronizira sa Windows svijetlim/tamnim načinom rada i nijansira svoju pozadinu vašom aktivnom Windows akcentnom bojom za besprijekorno iskustvo na radnoj površini.
• Global Hotkey: Inkrementirajte svoj brojač trenutno s bilo kojeg zaslona ili aplikacije pomoću prilagođene tipke hotkey (zadano je NumPad Plus) bez potrebe za prebacivanjem fokusa.
• Interaktivne animacije: Sadrži glatku animaciju odbijanja skale i efekte dinamičkog sjaja na svakom inkrement.
• Kontrole lebdenja: Kontrole zatvaranja i resetiranja blijede samo kada lebdite iznad kugle, održavajući sučelje čistim i bez ometanja.
• Jednostavna prilagodba: Jednostavno promijenite globalnu tipku prečaca korištenjem integriranog preklapanja postavki.
• 100% Offline & Private: Nema računa, prikupljanja podataka i nije potreban internet. Vaš broj se sprema lokalno.","Modern Tasbeeh Tracker je elegantní, minimalistická a lehká desktopová aplikace určená pro muslimy, aby mohli bezproblémově sledovat jejich denní dhikr (vzpomínku) a tasbeeh při práci na svém počítači s Windows.

Klíčové vlastnosti:
• Uživatelské rozhraní Floating Orb: Krásné, poloprůhledné kruhové okno, které zůstane nahoře a přizpůsobí se vašemu pracovnímu postupu.
• Adaptivní integrace Windows: Orb se automaticky synchronizuje se světlým/tmavým režimem Windows a zabarví pozadí vaší aktivní akcentovou barvou Windows pro bezproblémový zážitek z pracovní plochy.
• Globální klávesová zkratka: Zvyšte své počítadlo okamžitě z libovolné obrazovky nebo aplikace pomocí vlastní klávesové zkratky (výchozí je NumPad Plus), aniž byste museli přepínat fokus.
• Interaktivní animace: Vyznačuje se plynulou animací skoků v měřítku a dynamickými efekty záře na každém kroku.
• Ovládací prvky vznášení: Ovládací prvky zavření a resetování se projeví pouze tehdy, když umístíte kurzor na kouli, čímž zůstane rozhraní čisté a bez rušivých vlivů.
• Snadné přizpůsobení: Změňte globální klávesovou zkratku snadno pomocí integrovaného překryvného nastavení.
• 100% offline a soukromí: Žádné účty, žádný sběr dat a žádný internet. Váš počet se uloží lokálně.","Modern Tasbeeh Tracker er en slank, minimalistisk og let desktop-applikation designet til muslimer til at spore deres daglige dhikr (erindring) og tasbeeh problemfrit, mens de arbejder på deres Windows-pc.

Nøglefunktioner:
• Floating Orb UI: Et smukt, semi-gennemsigtigt cirkulært vindue, der forbliver øverst og tilpasser sig din arbejdsgang.
• Adaptiv Windows-integration: Kuglen synkroniserer automatisk med Windows lys/mørke-tilstand og toner dens baggrund med din aktive Windows-accentfarve for en problemfri skrivebordsoplevelse.
• Global genvejstast: Øg din tæller med det samme fra enhver skærm eller applikation ved hjælp af en brugerdefineret genvejstast (standard er NumPad Plus) uden at skulle skifte fokus.
• Interaktive animationer: Indeholder en jævn skala-bounce-animation og dynamiske glødeffekter ved hvert trin.
• Svævekontroller: Luk og nulstil kontrollerne toner kun ind, når du svæver over kuglen, hvilket holder grænsefladen ren og distraktionsfri.
• Nem tilpasning: Skift nemt den globale genvejstast ved hjælp af den integrerede indstillingsoverlejring.
• 100 % offline og privat: Ingen konti, ingen dataindsamling og intet internet påkrævet. Din optælling gemmes lokalt.","Modern Tasbeeh Tracker یک برنامه دسکتاپ شیک، مینیمالیستی و سبک است که برای مسلمانان طراحی شده است تا ذکر (ذکر) و تسبیح روزانه خود را به طور یکپارچه در حین کار با رایانه شخصی ویندوزی خود پیگیری کنند.

ویژگی های کلیدی:
• Floating Orb UI: یک پنجره دایره ای زیبا و نیمه شفاف که در بالاترین سطح باقی می ماند و با گردش کار شما سازگار می شود.
• یکپارچه سازی تطبیقی ​​ویندوز: گوی به طور خودکار با حالت روشن/تاریک ویندوز همگام می شود و پس زمینه خود را با رنگ تاکیدی فعال ویندوز شما برای یک تجربه دسکتاپ بدون درز رنگ می کند.
• کلید میانبر جهانی: شمارنده خود را فوراً از هر صفحه یا برنامه ای با استفاده از یک کلید میانبر سفارشی (پیش فرض NumPad Plus است) بدون نیاز به تغییر فوکوس افزایش دهید.
• انیمیشن های تعاملی: دارای یک انیمیشن پرش در مقیاس صاف و جلوه های درخشش پویا در هر افزایش است.
• کنترل‌های شناور: کنترل‌های بسته و بازنشانی تنها زمانی که روی گوی قرار می‌گیرید محو می‌شوند و رابط را تمیز و بدون حواس‌پرتی حفظ می‌کنند.
• سفارشی سازی آسان: کلید میانبر سراسری را به راحتی با استفاده از پوشش تنظیمات یکپارچه تغییر دهید.
• 100% آفلاین و خصوصی: بدون حساب، بدون جمع آوری داده، و بدون نیاز به اینترنت. تعداد شما به صورت محلی ذخیره می شود.","Modern Tasbeeh Tracker is een gestroomlijnde, minimalistische en lichtgewicht desktopapplicatie ontworpen voor moslims om hun dagelijkse dhikr (herinnering) en tasbeeh naadloos te volgen terwijl ze op hun Windows-pc werken.

Belangrijkste kenmerken:
• Zwevende Orb-gebruikersinterface: een prachtig, semi-transparant rond venster dat bovenaan blijft staan en zich aanpast aan uw workflow.
• Adaptieve Windows-integratie: de bol synchroniseert automatisch met de licht/donker-modus van Windows en kleurt de achtergrond met uw actieve Windows-accentkleur voor een naadloze desktopervaring.
• Globale sneltoets: Verhoog uw teller direct vanaf elk scherm of elke applicatie met behulp van een aangepaste sneltoets (standaard is NumPad Plus) zonder dat u de focus hoeft te veranderen.
• Interactieve animaties: Beschikt over vloeiende schaal-bounce-animatie en dynamische gloedeffecten bij elke stap.
• Zweefbediening: Sluitings- en resetknoppen vervagen alleen wanneer u over de bol zweeft, waardoor de interface schoon en afleidingsvrij blijft.
• Gemakkelijke aanpassing: verander de globale sneltoets eenvoudig met behulp van de geïntegreerde instellingenoverlay.
• 100% offline en privé: geen accounts, geen gegevensverzameling en geen internet vereist. Uw telling wordt lokaal opgeslagen.","Modern Tasbeeh Tracker is a sleek, minimalist, and lightweight desktop application designed for Muslims to track their daily dhikr (remembrance) and tasbeeh seamlessly while working on their Windows PC.

Key Features:
• Floating Orb UI: A beautiful, semi-transparent circular window that stays topmost and adapts to your workflow.
• Adaptive Windows Integration: The orb automatically synchronizes with Windows light/dark mode and tints its background with your active Windows accent color for a seamless desktop experience.
• Global Hotkey: Increment your counter instantly from any screen or application using a custom hotkey (default is NumPad Plus) without needing to switch focus.
• Interactive Animations: Features a smooth scale bounce animation and dynamic glow effects on every increment.
• Hover Controls: Close and reset controls fade in only when you hover over the orb, keeping the interface clean and distraction-free.
• Easy Customization: Change the global hotkey easily using the integrated settings overlay.
• 100% Offline & Private: No accounts, no data collection, and no internet required. Your count is saved locally.","Kaasaegne Tasbeeh Tracker on elegantne, minimalistlik ja kerge töölauarakendus, mis on loodud moslemitele, et jälgida sujuvalt oma igapäevast dhikr (mälestus) ja tasbeeh oma Windowsi arvutiga töötades.

Peamised omadused:
• Floating Orb UI: ilus, poolläbipaistev ringikujuline aken, mis jääb kõige kõrgemale ja kohandub teie töövooga.
• Adaptiivne Windowsi integratsioon: kera sünkroonib automaatselt Windowsi heleda/tumeda režiimiga ja toonib selle tausta teie aktiivse Windowsi aktsentvärviga, et töölaual oleks sujuv kasutuskogemus.
• Globaalne kiirklahv: suurendage loendurit kohe mis tahes ekraanil või rakenduses, kasutades kohandatud kiirklahvi (vaikimisi on NumPad Plus), ilma et peaksite fookust vahetama.
• Interaktiivsed animatsioonid: igal sammul on sujuva skaalaga põrkeanimatsioon ja dünaamilised säraefektid.
• Hõljumise juhtnupud: sulgemise ja lähtestamise juhtnupud taanduvad ainult siis, kui hõljutate kursorit kera kohal, hoides liidese puhtana ja häireteta.
• Lihtne kohandamine: muutke globaalset kiirklahvi hõlpsalt integreeritud sätete ülekatte abil.
• 100% võrguühenduseta ja privaatne: kontosid, andmete kogumist ja Internetti pole vaja. Teie arv salvestatakse kohapeal.","Ang Modern Tasbeeh Tracker ay isang makinis, minimalist, at magaan na desktop application na idinisenyo para sa mga Muslim na subaybayan ang kanilang pang-araw-araw na dhikr (pag-alala) at tasbeeh nang walang putol habang nagtatrabaho sa kanilang Windows PC.

Mga Pangunahing Tampok:
• Floating Orb UI: Isang maganda, semi-transparent na pabilog na window na nananatiling pinakamataas at umaangkop sa iyong workflow.
• Adaptive Windows Integration: Awtomatikong nagsi-synchronize ang orb sa light/dark mode ng Windows at nagpapakulay ng background nito sa iyong aktibong kulay ng Windows accent para sa tuluy-tuloy na karanasan sa desktop.
• Global Hotkey: Agad na dagdagan ang iyong counter mula sa anumang screen o application gamit ang custom na hotkey (ang default ay NumPad Plus) nang hindi kailangang lumipat ng focus.
• Mga Interactive na Animation: Nagtatampok ng smooth scale bounce animation at dynamic na glow effect sa bawat pagtaas.
• Mga Kontrol sa Hover: Ang pagsara at pag-reset ng mga kontrol ay mawawala lamang kapag nag-hover ka sa ibabaw ng orb, na pinananatiling malinis at walang distraction ang interface.
• Madaling Pag-customize: Madaling baguhin ang pandaigdigang hotkey gamit ang pinagsamang overlay ng mga setting.
• 100% Offline at Pribado: Walang mga account, walang pangongolekta ng data, at walang kinakailangang internet. Ang iyong bilang ay lokal na nai-save.","Modern Tasbeeh Tracker on tyylikäs, minimalistinen ja kevyt työpöytäsovellus, joka on suunniteltu muslimeille, jotka voivat seurata päivittäistä dhikr (muisto) ja tasbeeh saumattomasti työskennellessään Windows-tietokoneella.

Tärkeimmät ominaisuudet:
• Floating Orb UI: Kaunis, puoliksi läpinäkyvä pyöreä ikkuna, joka pysyy ylhäällä ja mukautuu työnkulkuusi.
• Mukautuva Windows-integraatio: Orb synkronoituu automaattisesti Windowsin vaalea/tumma-tilan kanssa ja sävyttää taustansa aktiivisella Windows-korostusvärilläsi saumattoman työpöytäkokemuksen saavuttamiseksi.
• Yleinen pikanäppäin: Kasvata laskuriasi välittömästi mistä tahansa näytöstä tai sovelluksesta mukautetulla pikanäppäimellä (oletus on NumPad Plus) ilman, että sinun tarvitsee vaihtaa tarkennusta.
• Interaktiiviset animaatiot: Sisältää tasaisen mittakaavan pomppivan animaation ja dynaamiset hehkuefektit jokaisella askeleella.
• Hover Controls: Sulkemis- ja nollaussäätimet häivyttävät vain, kun viet hiiren pallon päälle, jolloin käyttöliittymä pysyy puhtaana ja häiriöttömänä.
• Helppo mukauttaminen: Muuta yleistä pikanäppäintä helposti integroidun asetuspeittokuvan avulla.
• 100 % offline ja yksityinen: Ei tilejä, ei tiedonkeruuta eikä Internetiä tarvita. Laskentasi tallennetaan paikallisesti.","Modern Tasbeeh Tracker est une application de bureau élégante, minimaliste et légère conçue pour permettre aux musulmans de suivre leur dhikr (souvenir) et leur tasbeeh quotidiens de manière transparente tout en travaillant sur leur PC Windows.

Principales caractéristiques :
• Interface utilisateur de l'orbe flottant : une belle fenêtre circulaire semi-transparente qui reste au premier plan et s'adapte à votre flux de travail.
• Intégration adaptative de Windows : l'orbe se synchronise automatiquement avec le mode clair/sombre de Windows et teinte son arrière-plan avec votre Windows actif. accentuez la couleur pour une expérience de bureau fluide.
• Touche de raccourci globale : incrémentez instantanément votre compteur à partir de n'importe quel écran ou application à l'aide d'une touche de raccourci personnalisée (la valeur par défaut est Pavé numérique Plus) sans avoir à changer de focus.
• Animations interactives : propose une animation de rebond à échelle fluide et des effets de lueur dynamiques à chaque incrément.
• Contrôles de survol : les contrôles de fermeture et de réinitialisation apparaissent uniquement lorsque vous survolez l'orbe, gardant l'interface propre et sans distraction.
• Personnalisation facile : modifiez le raccourci clavier global. facilement en utilisant la superposition de paramètres intégrée.
• 100 % hors ligne et privé : aucun compte, aucune collecte de données et aucune connexion Internet requise. Votre décompte est enregistré localement.","Modern Tasbeeh Tracker est une application de bureau élégante, minimaliste et légère conçue pour permettre aux musulmans de suivre leur dhikr (souvenir) et leur tasbeeh quotidiens de manière transparente tout en travaillant sur leur PC Windows.

Principales caractéristiques :
• Interface utilisateur de l'orbe flottant : une belle fenêtre circulaire semi-transparente qui reste au premier plan et s'adapte à votre flux de travail.
• Intégration adaptative de Windows : l'orbe se synchronise automatiquement avec le mode clair/sombre de Windows et teinte son arrière-plan avec votre Windows actif. accentuez la couleur pour une expérience de bureau fluide.
• Touche de raccourci globale : incrémentez instantanément votre compteur à partir de n'importe quel écran ou application à l'aide d'une touche de raccourci personnalisée (la valeur par défaut est Pavé numérique Plus) sans avoir à changer de focus.
• Animations interactives : propose une animation de rebond à échelle fluide et des effets de lueur dynamiques à chaque incrément.
• Contrôles de survol : les contrôles de fermeture et de réinitialisation apparaissent uniquement lorsque vous survolez l'orbe, gardant l'interface propre et sans distraction.
• Personnalisation facile : modifiez le raccourci clavier global. facilement en utilisant la superposition de paramètres intégrée.
• 100 % hors ligne et privé : aucun compte, aucune collecte de données et aucune connexion Internet requise. Votre décompte est enregistré localement.","Modern Tasbeeh Tracker é unha aplicación de escritorio elegante, minimalista e lixeira deseñada para que os musulmáns rastrexan o seu dhikr (lembranza) e tasbeeh diarios sen problemas mentres traballan no seu PC con Windows.

Características principais:
• Floating Orb UI: unha fermosa xanela circular semitransparente que se mantén na parte superior e se adapta ao teu fluxo de traballo.
• Integración adaptativa de Windows: o orbe sincronízase automaticamente co modo claro/escuro de Windows e matiza o seu fondo coa súa cor activa de acento de Windows para unha experiencia de escritorio perfecta.
• Tecla de acceso rápido global: aumenta o teu contador ao instante desde calquera pantalla ou aplicación usando unha tecla de acceso rápido personalizada (o predeterminado é NumPad Plus) sen necesidade de cambiar o foco.
• Animacións interactivas: presenta unha animación de rebote a escala suave e efectos de brillo dinámicos en cada incremento.
• Controis do rato: os controis de pechar e restablecer só desaparecen cando pasas o rato sobre o orbe, mantendo a interface limpa e sen distraccións.
• Personalización sinxela: cambie facilmente a tecla de acceso rápido global mediante a superposición de configuración integrada.
• 100 % fóra de liña e privado: sen contas, sen recollida de datos e sen necesidade de internet. O teu reconto gárdase localmente.","Modern Tasbeeh Tracker არის გლუვი, მინიმალისტური და მსუბუქი დესკტოპის პროგრამა, რომელიც შექმნილია მუსლიმებისთვის, რათა თვალყური ადევნონ მათ ყოველდღიურ დჰიქარს (მოგონებას) და ტასბეჰს უპრობლემოდ Windows კომპიუტერზე მუშაობისას.

ძირითადი მახასიათებლები:
• მცურავი Orb UI: ლამაზი, ნახევრად გამჭვირვალე წრიული ფანჯარა, რომელიც რჩება ყველაზე მაღლა და ერგება თქვენს სამუშაო პროცესს.
• Windows-ის ადაპტირებადი ინტეგრაცია: ორბი ავტომატურად სინქრონიზდება Windows-ის ღია/მუქ რეჟიმთან და აფერადებს მის ფონს თქვენი აქტიური Windows აქცენტის ფერით, დესკტოპის უწყვეტი გამოცდილებისთვის.
• გლობალური Hotkey: მყისიერად გაზარდეთ თქვენი მრიცხველი ნებისმიერი ეკრანიდან ან აპლიკაციიდან მორგებული ცხელი კლავიშის გამოყენებით (ნაგულისხმევი არის NumPad Plus) ფოკუსის გადართვის გარეშე.
• ინტერაქტიული ანიმაციები: ახასიათებს გლუვი მასშტაბის დაბრუნების ანიმაცია და დინამიური ბზინვის ეფექტები ყოველ ნამატზე.
• Hover Controls: დახურვა და გადატვირთვის კონტროლი ქრებოდა მხოლოდ მაშინ, როდესაც თქვენ ატარებთ ორბიტაზე, რაც ინტერფეისს სუფთა და ყურადღების გაფანტვის გარეშე ინახავს.
• მარტივი პერსონალიზაცია: მარტივად შეცვალეთ გლობალური ცხელი გასაღები ინტეგრირებული პარამეტრების გადაფარვის გამოყენებით.
• 100% ოფლაინ და პირადი: არ არის საჭირო ანგარიშები, მონაცემთა შეგროვება და ინტერნეტი. თქვენი რაოდენობა შენახულია ადგილობრივად.","Modern Tasbeeh Tracker ist eine schlanke, minimalistische und leichte Desktop-Anwendung, die für Muslime entwickelt wurde, um ihren täglichen Dhikr (Gedenktag) und Tasbeeh nahtlos zu verfolgen, während sie auf ihrem Windows-PC arbeiten.

Hauptmerkmale:
• Floating Orb UI: Ein schönes, halbtransparentes kreisförmiges Fenster, das ganz oben bleibt und sich an Ihren Arbeitsablauf anpasst.
• Adaptive Windows-Integration: Der Orb synchronisiert sich automatisch mit dem Windows-Hell-/Dunkelmodus und tönt seinen Hintergrund mit Ihrem aktiven Windows Akzentfarbe für ein nahtloses Desktop-Erlebnis.
• Globaler Hotkey: Erhöhen Sie Ihren Zähler sofort von jedem Bildschirm oder jeder Anwendung aus mit einem benutzerdefinierten Hotkey (Standard ist NumPad Plus), ohne dass Sie den Fokus wechseln müssen.
• Interaktive Animationen: Bietet eine sanfte Skalierungsanimation und dynamische Leuchteffekte bei jedem Schritt.
• Hover-Steuerelemente: Die Steuerelemente zum Schließen und Zurücksetzen werden nur eingeblendet, wenn Sie mit der Maus über die Kugel fahren, sodass die Benutzeroberfläche sauber und ablenkungsfrei bleibt.
• Einfache Anpassung: Ändern Sie die globale Einfache Tastenkombination über das integrierte Einstellungs-Overlay.
• 100 % offline und privat: Keine Konten, keine Datenerfassung und keine Internetverbindung erforderlich. Ihre Zählung wird lokal gespeichert.","Το Modern Tasbeeh Tracker είναι μια κομψή, μινιμαλιστική και ελαφριά εφαρμογή επιφάνειας εργασίας που έχει σχεδιαστεί για τους Μουσουλμάνους να παρακολουθούν απρόσκοπτα το καθημερινό τους dhikr (μνήμη) και tasbeeh ενώ εργάζονται στον υπολογιστή τους με Windows.

Βασικά Χαρακτηριστικά:
• Floating Orb UI: Ένα όμορφο, ημιδιαφανές κυκλικό παράθυρο που παραμένει στην κορυφή και προσαρμόζεται στη ροή εργασίας σας.
• Προσαρμοστική ενσωμάτωση των Windows: Η σφαίρα συγχρονίζεται αυτόματα με τη φωτεινή/σκοτεινή λειτουργία των Windows και χρωματίζει το φόντο της με το ενεργό χρώμα έμφασης των Windows για μια απρόσκοπτη εμπειρία επιφάνειας εργασίας.
• Καθολικό πλήκτρο πρόσβασης: Αυξήστε τον μετρητή σας αμέσως από οποιαδήποτε οθόνη ή εφαρμογή χρησιμοποιώντας ένα προσαρμοσμένο πλήκτρο πρόσβασης (η προεπιλογή είναι NumPad Plus) χωρίς να χρειάζεται να αλλάξετε εστίαση.
• Διαδραστικά κινούμενα σχέδια: Διαθέτει κινούμενα σχέδια αναπήδησης ομαλής κλίμακας και δυναμικά εφέ λάμψης σε κάθε βήμα.
• Χειριστήρια αιώρησης: Τα στοιχεία ελέγχου κλεισίματος και επαναφοράς ξεθωριάζουν μόνο όταν τοποθετείτε το δείκτη του ποντικιού πάνω από τη σφαίρα, διατηρώντας τη διεπαφή καθαρή και χωρίς περισπασμούς.
• Εύκολη προσαρμογή: Αλλάξτε εύκολα το καθολικό πλήκτρο πρόσβασης χρησιμοποιώντας την ενσωματωμένη επικάλυψη ρυθμίσεων.
• 100% Offline & Private: Δεν απαιτούνται λογαριασμοί, δεν συλλέγονται δεδομένα και δεν απαιτείται διαδίκτυο. Η μέτρησή σας αποθηκεύεται τοπικά.","આધુનિક તસ્બીહ ટ્રેકર એક આકર્ષક, લઘુત્તમ અને હળવા વજનની ડેસ્કટોપ એપ્લિકેશન છે જે મુસ્લિમો માટે તેમના વિન્ડોઝ પીસી પર કામ કરતી વખતે તેમના દૈનિક ધિક્ર (યાદ) અને તસ્બીહને એકીકૃત રીતે ટ્રેક કરવા માટે બનાવવામાં આવી છે.

મુખ્ય લક્ષણો:
• ફ્લોટિંગ ઓર્બ UI: એક સુંદર, અર્ધ-પારદર્શક ગોળ વિન્ડો જે સૌથી ઉપર રહે છે અને તમારા વર્કફ્લોને સ્વીકારે છે.
• અનુકૂલનશીલ વિન્ડોઝ ઈન્ટીગ્રેશન: ઓર્બ આપમેળે વિન્ડોઝ લાઈટ/ડાર્ક મોડ સાથે સિંક્રનાઈઝ થાય છે અને સીમલેસ ડેસ્કટોપ અનુભવ માટે તમારા સક્રિય વિન્ડોઝ એક્સેન્ટ રંગ સાથે તેની પૃષ્ઠભૂમિને ટિન્ટ કરે છે.
• ગ્લોબલ હોટકી: ફોકસ સ્વિચ કરવાની જરૂર વગર કસ્ટમ હોટકી (ડિફોલ્ટ NumPad Plus છે) નો ઉપયોગ કરીને કોઈપણ સ્ક્રીન અથવા એપ્લિકેશનથી તમારા કાઉન્ટરને તરત જ વધારો.
• ઇન્ટરેક્ટિવ એનિમેશન: દરેક ઇન્ક્રીમેન્ટ પર સરળ સ્કેલ બાઉન્સ એનિમેશન અને ડાયનેમિક ગ્લો ઇફેક્ટ્સ દર્શાવે છે.
• હોવર કંટ્રોલ્સ: ઈન્ટરફેસને સ્વચ્છ અને વિક્ષેપ-મુક્ત રાખીને, જ્યારે તમે ઓર્બ પર હોવર કરો છો ત્યારે જ નિયંત્રણો બંધ કરો અને રીસેટ કરો ત્યારે ફેડ થઈ જાય છે.
• સરળ કસ્ટમાઇઝેશન: સંકલિત સેટિંગ્સ ઓવરલેનો ઉપયોગ કરીને વૈશ્વિક હોટકીને સરળતાથી બદલો.
• 100% ઑફલાઇન અને ખાનગી: કોઈ એકાઉન્ટ નથી, કોઈ ડેટા સંગ્રહ નથી, અને કોઈ ઇન્ટરનેટ જરૂરી નથી. તમારી ગણતરી સ્થાનિક રીતે સાચવવામાં આવે છે.","Modern Tasbeeh Tracker shine aikace-aikacen tebur mai sumul, mafi ƙarancin nauyi, da nauyi wanda aka tsara don Musulmai don bin diddigin zikiri (tunawa) da tasbihi na yau da kullun yayin aiki akan Windows PC.

Mabuɗin fasali:
• Orb UI mai iyo: Kyakykyawa, taga madauwari mai tsaka-tsaki wanda ke tsayawa saman kuma ya dace da aikin ku.
• Haɗin Windows Adaɗi: Orb yana aiki tare ta atomatik tare da yanayin haske/ duhun Windows kuma yana yin tintsin bangon sa tare da launi mai aiki na Windows don ƙwarewar tebur mara kyau.
• Maɓalli mai zafi na Duniya: Ƙara mashin ɗin ku nan take daga kowane allo ko aikace-aikace ta amfani da maɓalli na al'ada (tsoho shine NumPad Plus) ba tare da buƙatar canza mayar da hankali ba.
• Haɗawa Mai Raɗaɗi: Yana da fasalin raye-rayen sikelin santsi da tasirin haske mai ƙarfi akan kowane haɓaka.
• Sarrafa Hover: Rufewa da sake saiti masu sarrafawa suna ɓacewa a cikin kawai lokacin da kuke shawagi akan orb, kiyaye tsaftataccen keɓancewar ke dubawa kuma ba tare da raba hankali ba.
• Sauƙaƙe Keɓancewa: Canja maɓallin hotkey na duniya cikin sauƙi ta amfani da haɗe-haɗe mai rufin saiti.
• 100% Offline & Masu zaman kansu: Babu asusu, babu tarin bayanai, kuma babu intanet da ake buƙata. An ajiye lissafin ku a gida.","Modern Tasbeeh Tracker הוא יישום שולחן עבודה אלגנטי, מינימליסטי וקל משקל שנועד למוסלמים לעקוב בצורה חלקה את ה-Dhikr (הזיכרון) וה-tasbeeh שלהם תוך כדי עבודה על מחשב Windows שלהם.

תכונות עיקריות:
• ממשק משתמש צף של Orb: חלון עגול יפהפה, שקוף למחצה, שנשאר למעלה ומתאים את עצמו לזרימת העבודה שלך.
• שילוב חלונות אדפטיבי: הכדור מסתנכרן אוטומטית עם מצב בהיר/כהה של Windows וגוון את הרקע שלו עם צבע המבטא הפעיל של Windows לחוויית שולחן עבודה חלקה.
• מקש קיצור עולמי: הגדל את המונה שלך באופן מיידי מכל מסך או יישום באמצעות מקש קיצור מותאם אישית (ברירת המחדל היא NumPad Plus) ללא צורך בשינוי מיקוד.
• אנימציות אינטראקטיביות: כולל אנימציית הקפצה בקנה מידה חלק ואפקטי זוהר דינמיים בכל שלב.
• בקרות ריחוף: בקרות סגירה ואיפוס נמוגות רק כאשר אתה מרחף מעל הכדור, ומשאירה את הממשק נקי וללא הסחות דעת.
• התאמה אישית קלה: שנה את מקש החם הגלובלי בקלות באמצעות שכבת-העל המשולבת של ההגדרות.
• 100% לא מקוון ופרטי: ללא חשבונות, ללא איסוף נתונים וללא צורך באינטרנט. הספירה שלך נשמרת באופן מקומי.","आधुनिक तस्बीह ट्रैकर एक चिकना, न्यूनतम और हल्का डेस्कटॉप एप्लिकेशन है जो मुसलमानों के लिए उनके विंडोज पीसी पर काम करते समय उनके दैनिक धिक्र (स्मरण) और तस्बीह को निर्बाध रूप से ट्रैक करने के लिए डिज़ाइन किया गया है। विंडोज लाइट/डार्क मोड के साथ और एक सहज डेस्कटॉप अनुभव के लिए अपने सक्रिय विंडोज एक्सेंट रंग के साथ इसकी पृष्ठभूमि को रंग देता है।
• ग्लोबल हॉटकी: फोकस स्विच करने की आवश्यकता के बिना कस्टम हॉटकी (डिफ़ॉल्ट न्यूमपैड प्लस) का उपयोग करके किसी भी स्क्रीन या एप्लिकेशन से तुरंत अपने काउंटर को बढ़ाएं।
• इंटरैक्टिव एनिमेशन: प्रत्येक वृद्धि पर एक चिकनी स्केल बाउंस एनीमेशन और गतिशील चमक प्रभाव की सुविधा है।
• होवर नियंत्रण: बंद और रीसेट नियंत्रण केवल तभी फीका होता है जब आप ऑर्ब पर होवर करते हैं, रखते हुए इंटरफ़ेस साफ़ और विकर्षण-मुक्त।
• आसान अनुकूलन: एकीकृत सेटिंग्स ओवरले का उपयोग करके वैश्विक हॉटकी को आसानी से बदलें।
• 100% ऑफ़लाइन और निजी: कोई खाता नहीं, कोई डेटा संग्रह नहीं, और कोई इंटरनेट की आवश्यकता नहीं है। आपकी गिनती स्थानीय रूप से सहेजी गई है.","A Modern Tasbeeh Tracker egy elegáns, minimalista és könnyű asztali alkalmazás, amelyet muszlimok számára terveztek, hogy zökkenőmentesen nyomon követhessék napi dhikr-jüket (emlékezésüket) és tasbeeh-üket, miközben Windows PC-jükön dolgoznak.

Főbb jellemzők:
• Floating Orb UI: Gyönyörű, félig átlátszó kör alakú ablak, amely a legfelső helyen marad, és alkalmazkodik a munkafolyamathoz.
• Adaptív Windows-integráció: A gömb automatikusan szinkronizálódik a Windows világos/sötét üzemmódjával, és a hátterét az Ön aktív Windows kiemelő színével színezi a zökkenőmentes asztali élmény érdekében.
• Globális gyorsbillentyű: Azonnal növelheti a számlálót bármely képernyőről vagy alkalmazásról egy egyéni gyorsbillentyűvel (alapértelmezett a NumPad Plus), anélkül, hogy át kellene váltania a fókuszt.
• Interaktív animációk: Sima léptékű ugráló animáció és dinamikus fényhatások minden lépésnél.
• Lebegő vezérlők: A bezárás és az alaphelyzetbe állítás vezérlői csak akkor jelennek meg, ha az egérmutatót a gömb fölé viszi, így a felület tiszta és zavarómentes marad.
• Egyszerű testreszabás: egyszerűen módosíthatja a globális gyorsbillentyűket az integrált beállítási átfedés segítségével.
• 100%-ban offline és privát: nincs fiók, nincs adatgyűjtés és nincs szükség internetre. Számlását a rendszer helyileg menti.","Modern Tasbeeh Tracker er slétt, naumhyggjulegt og létt skrifborðsforrit hannað fyrir múslima til að fylgjast með daglegum dhikr (minningu) og tasbeeh óaðfinnanlega meðan þeir vinna á Windows tölvunni sinni.

Helstu eiginleikar:
• Floating Orb UI: Fallegur, hálfgagnsær hringlaga gluggi sem helst efst og lagar sig að vinnuflæðinu þínu.
• Aðlagandi Windows samþætting: Kúlan samstillist sjálfkrafa við Windows ljós/dökk stillingu og litar bakgrunn sinn með virka Windows hreim litnum þínum fyrir óaðfinnanlega skjáborðsupplifun.
• Alþjóðlegur flýtilykill: Hækkaðu teljarann ​​þinn samstundis af hvaða skjá eða forriti sem er með því að nota sérsniðna flýtilykla (sjálfgefið er NumPad Plus) án þess að þurfa að skipta um fókus.
• Gagnvirk hreyfimyndir: Býður upp á sléttum mælikvarða hopp hreyfimyndum og kraftmiklum ljómaáhrifum við hvert stig.
• Stýringar fyrir sveima: Loka og endurstilla stýringar hverfa aðeins inn þegar þú sveimar yfir kúluna, sem heldur viðmótinu hreinu og truflunarlausu.
• Auðvelt að sérsníða: Breyttu alþjóðlegum flýtilykla auðveldlega með því að nota samþætta stillingaryfirborðið.
• 100% ótengdur og einkamál: Engir reikningar, engin gagnasöfnun og engin þörf á interneti. Talningin þín er vistuð á staðnum.","Modern Tasbeeh Tracker bụ ngwa desktọpụ mara mma, nke pere mpe yana dị fechaa emebere maka ndị Alakụba ka ha soro dhikr (ncheta) na tasbeeh ha kwa ụbọchị n'enweghị nsogbu mgbe ha na-arụ ọrụ na Windows PC ha.

Akụkụ ndị bụ isi:
• Orb UI na-ese n'elu: mpio okirikiri mara mma, nke na-agafe agafe nke na-anọkarị n'elu ma dabara na usoro ọrụ gị.
• Mmekọrịta Windows na-agbanwe agbanwe: Orb na-emekọrịta na-akpaghị aka na Windows ìhè/ụdị ọchịchịrị wee mee ka ndabere ya na agba ụda olu Windows gị na-arụ ọrụ maka ahụmịhe desktọpụ enweghị nkebi.
• Global Hotkey: Melite counter gị ozugbo site na ihuenyo ma ọ bụ ngwa ọ bụla site na iji igodo ọkụ omenala (ndabere bụ NumPad Plus) na-enweghị mkpa ịgbanwere mgbado.
• Animations mmekọrịta: na-egosipụta nrịanrịanrị bounce animation na mmetụta na-egbuke egbuke na mmụba ọ bụla.
• Njikwa hover: Mechie na nrụpụta njikwa na-adaba naanị mgbe ị na-efegharị n'elu orb, na-edebe interface ahụ ọcha na enweghị ndọpụ uche.
• Nhazi dị mfe: Gbanwee hotkey zuru ụwa ọnụ n'ụzọ dị mfe site na iji ihe mkpuchi ntọala agbakwunyere.
• 100% Na-anọghị n'ịntanetị & Nkeonwe: Enweghị akaụntụ, enweghị nnakọta data, yana enweghị ịntanetị achọrọ. A na-echekwa ọnụọgụ gị na mpaghara.","Modern Tasbeeh Tracker adalah aplikasi desktop yang ramping, minimalis, dan ringan yang dirancang bagi umat Islam untuk melacak dzikir dan tasbih harian mereka dengan lancar saat bekerja di PC Windows mereka.

Fitur Utama:
• UI Orb Mengambang: Jendela melingkar yang indah dan semi-transparan yang berada paling atas dan beradaptasi dengan alur kerja Anda.
• Integrasi Windows Adaptif: Orb secara otomatis disinkronkan dengan mode terang/gelap Windows dan mewarnai latar belakangnya dengan Windows aktif Anda warna aksen untuk pengalaman desktop yang mulus.
• Global Hotkey: Tingkatkan penghitung Anda secara instan dari layar atau aplikasi mana pun menggunakan hotkey khusus (defaultnya adalah NumPad Plus) tanpa perlu mengalihkan fokus.
• Animasi Interaktif: Menampilkan animasi pantulan skala halus dan efek cahaya dinamis di setiap kenaikan.
• Kontrol Arahkan: Kontrol tutup dan reset memudar hanya ketika Anda mengarahkan kursor ke bola, menjaga antarmuka tetap bersih dan bebas gangguan.
• Kustomisasi Mudah: Ubah hotkey global dengan mudah menggunakan hamparan pengaturan terintegrasi.
• 100% Offline & Pribadi: Tanpa akun, tanpa pengumpulan data, dan tanpa perlu internet. Hitungan Anda disimpan secara lokal.","Modern Tasbeeh Tracker is a sleek, minimalist, and lightweight desktop application designed for Muslims to track their daily dhikr (remembrance) and tasbeeh seamlessly while working on their Windows PC.

Key Features:
• Floating Orb UI: A beautiful, semi-transparent circular window that stays topmost and adapts to your workflow.
• Adaptive Windows Integration: The orb automatically synchronizes with Windows light/dark mode and tints its background with your active Windows accent color for a seamless desktop experience.
• Global Hotkey: Increment your counter instantly from any screen or application using a custom hotkey (default is NumPad Plus) without needing to switch focus.
• Interactive Animations: Features a smooth scale bounce animation and dynamic glow effects on every increment.
• Hover Controls: Close and reset controls fade in only when you hover over the orb, keeping the interface clean and distraction-free.
• Easy Customization: Change the global hotkey easily using the integrated settings overlay.
• 100% Offline & Private: No accounts, no data collection, and no internet required. Your count is saved locally.","Feidhmchlár deisce caol, íostach agus éadrom is ea Rianaire Tasbeeh Nua-Aimseartha atá deartha le gur féidir le Moslamaigh a ndikr laethúil (cuimhneachán) agus tasbeeh a rianú gan uaim agus iad ag obair ar a ríomhaire Windows.

Príomhghnéithe:
• Chomhéadain Orb ar Snámh: Fuinneog chiorclach álainn leath-thrédhearcach a fhanann ar an mbarr agus a oiriúnú do do shreabhadh oibre.
• Comhtháthú Oiriúnaitheach Windows: Sioncrónaíonn an orb go huathoibríoch le mód éadrom/dorcha Windows agus cuireann sé a chúlra le dath accent gníomhach Windows le haghaidh eispéireas deisce gan uaim.
• Global Hotkey: Ardaigh do chuntar láithreach ó aon scáileán nó feidhmchlár ag baint úsáide as eochair te saincheaptha (is é NumPad Plus an réamhshocrú) gan gá le fócas a athrú.
• Beochan Idirghníomhacha: Gnéithe beochan preab scála mín agus éifeachtaí dinimiciúla glow ar gach incrimint.
• Rialuithe Hover: Dúnann agus athshocraigh rialuithe céimnithe isteach ach amháin nuair a ainlíonn tú thar an orb, a choinneáil ar an comhéadan glan agus aon seachrán.
• Saincheapadh Éasca: Athraigh an eochair te domhanda go héasca ag baint úsáide as an forleagan socruithe comhtháite.
• 100% As Líne & Príobháideach: Níl aon chuntais, gan bailiú sonraí, agus níl aon cheangal ar an idirlíon. Déantar do chomhaireamh a shábháil go háitiúil.","I-Tasbeeh Tracker yanamhlanje sisicelo sedesktop esithambileyo, esincinci, kunye nesikhaphukhaphu esenzelwe ukuba amaSilamsi alandele umkhondo wabo wemihla ngemihla (inkumbulo) kunye ne-tasbeeh ngaphandle komthungo ngelixa besebenza kwiWindows PC yabo.

Iimpawu eziphambili:
• I-UI ye-Orb edadayo: Ifestile entle, engafihliyo setyhula ehlala phezulu kwaye iqhelana nomsebenzi wakho.
• I-Adaptive Windows Integration: I-orb ingqamanisa ngokuzenzekelayo kunye ne-Windows imowudi yokukhanya/emnyama kwaye ityinte imvelaphi yayo ngombala wakho we-Windows osebenzayo we-accent ye-desktop engenamthungo yamava.
• I-Global Hotkey: Yandisa ikhawuntari yakho ngoko nangoko kuso nasiphi na isikrini okanye usetyenziso usebenzisa ihotkey emiselweyo (ehlala ikho yiNumPad Plus) ngaphandle kokufuna ukutshintsha ingqalelo.
• Oopopayi abaSebenzayo: Ifaka oopopayi abagudileyo kunye nokukhanya okuguquguqukayo kuko konke ukunyuswa.
• Izilawuli ze-Hover: Vala kwaye usete ngokutsha izilawuli ziphela kuphela xa undanda phezu kwe-orb, gcina ujongano olucocekileyo kwaye lungenasiphazamiso.
• Ukwenziwa ngokwezifiso okuLula: Guqula ihotkey yehlabathi ngokulula usebenzisa isetingi esidityanisiweyo.
• 100% Offline & Private: Akukho akhawunti, akukho ngqokelela yedatha, kwaye akukho intanethi ifunekayo. Ubalo lwakho lugcinwe ekuhlaleni.","I-Modern Tasbeeh Tracker iwuhlelo lwedeskithophu eshelelayo, oluncane, futhi olulula oluklanyelwe amaSulumane ukulandelela i-dhikr (inkumbulo) yawo yansuku zonke kanye ne-tasbeeh ngaphandle komthungo ngenkathi esebenza ku-Windows PC yawo.

Izici Eziyinhloko:
• I-UI ye-Orb Entantayo: Iwindi eliyindilinga elihle, elibonakala kancane elihlala phezulu futhi livumelane nokugeleza komsebenzi wakho.
• I-Adaptive Windows Integration: I-orb ivumelanisa ngokuzenzakalela ne-Windows ukukhanya/imodi emnyama futhi ifiphaze ingemuva layo ngombala wakho we-Windows osebenzayo we-accent ye-desktop engenamthungo.
• I-Global Hotkey: Nyusa ikhawunta yakho ngokushesha kunoma yisiphi isikrini noma uhlelo lokusebenza usebenzisa i-hotkey yangokwezifiso (okuzenzakalelayo i-NumPad Plus) ngaphandle kokudinga ukushintsha ukugxila.
• Izithombe Ezinyakazayo Ezisebenzisanayo: Ifaka ukugqwayiza kwesikali esibushelelezi kanye nemiphumela yokukhanya eguqukayo kukho konke ukukhuphuka.
• Izilawuli Zokuhambisa umoya: Vala futhi usethe kabusha izilawuli ziyanyamalala kuphela uma uzulazula phezu kwe-orb, igcina isixhumi esibonakalayo sihlanzekile futhi kungenasiphazamiso.
• Ukwenza Ngokwezifiso Okulula: Shintsha i-hotkey yomhlaba kalula usebenzisa imbondela yezilungiselelo ezihlanganisiwe.
• Okungaxhunyiwe ku-inthanethi okungu-100% nokuyimfihlo: Awekho ama-akhawunti, akukho ukuqoqwa kwedatha, futhi akukho inthanethi edingekayo. Ukubala kwakho kulondolozwa endaweni.","Modern Tasbeeh Tracker è un'applicazione desktop elegante, minimalista e leggera progettata per i musulmani per tenere traccia del loro dhikr (ricordo) e tasbeeh quotidiano senza problemi mentre lavorano sul proprio PC Windows.

Caratteristiche principali:
• Interfaccia utente della sfera mobile: una bella finestra circolare semitrasparente che rimane in primo piano e si adatta al flusso di lavoro.
• Integrazione adattiva di Windows: la sfera si sincronizza automaticamente con la modalità chiaro/scuro di Windows e tinge lo sfondo con il colore attivo di Windows per un'esperienza desktop fluida.
• Tasto di scelta rapida globale: incrementa istantaneamente il contatore da qualsiasi schermata o applicazione utilizzando un tasto di scelta rapida personalizzato (l'impostazione predefinita è NumPad Plus) senza dover cambiare la messa a fuoco.
• Animazioni interattive: presenta un'animazione di rimbalzo su scala fluida ed effetti luminosi dinamici a ogni incremento.
• Controlli al passaggio del mouse: chiudi e ripristina i controlli che si dissolvono solo quando passi il mouse sopra la sfera, mantenendo l'interfaccia pulita e priva di distrazioni.
• Facile Personalizzazione: modifica facilmente il tasto di scelta rapida globale utilizzando la sovrapposizione delle impostazioni integrata.
• 100% offline e privato: nessun account, nessuna raccolta dati e nessuna connessione Internet richiesta. Il tuo conteggio viene salvato localmente.","Modern Tasbeeh Tracker は、イスラム教徒が Windows PC で作業しながら毎日のディクル (追憶) とタスビーをシームレスに追跡できるように設計された、洗練されたミニマリストの軽量デスクトップ アプリケーションです。

主な機能:
• フローティング オーブ UI: 美しい半透明の円形ウィンドウが最前面に表示され、ワークフローに適応します。
• 適応型 Windows 統合: オーブが自動的に表示されます。 Windows ライト/ダーク モードと同期し、シームレスなデスクトップ エクスペリエンスのために背景をアクティブな Windows アクセント カラーで着色します。
• グローバル ホットキー: フォーカスを切り替えることなく、カスタム ホットキー (デフォルトは NumPad Plus) を使用して、任意の画面またはアプリケーションからカウンターを即座に増分します。
• インタラクティブ アニメーション: 滑らかなスケール バウンス アニメーションと、増分ごとにダイナミックなグロー効果を備えています。
• ホバー コントロール: コントロールを閉じてリセットすると、上にマウスを置いたときにのみフェードインします。 orb により、インターフェースをすっきりと邪魔のない状態に保ちます。
• 簡単なカスタマイズ: 統合された設定オーバーレイを使用して、グローバル ホットキーを簡単に変更できます。
• 100% オフライン & プライベート: アカウント、データ収集、インターネットは不要です。カウントはローカルに保存されます。","ಆಧುನಿಕ ತಸ್ಬೀಹ್ ಟ್ರ್ಯಾಕರ್ ಎಂಬುದು ನಯವಾದ, ಕನಿಷ್ಠವಾದ ಮತ್ತು ಹಗುರವಾದ ಡೆಸ್ಕ್‌ಟಾಪ್ ಅಪ್ಲಿಕೇಶನ್‌ ಆಗಿದ್ದು, ಮುಸ್ಲಿಮರು ತಮ್ಮ ವಿಂಡೋಸ್ ಪಿಸಿಯಲ್ಲಿ ಕೆಲಸ ಮಾಡುವಾಗ ಅವರ ದೈನಂದಿನ ಧಿಕ್ರ್ (ನೆನಪು) ಮತ್ತು ತಸ್ಬೀಹ್ ಅನ್ನು ಮನಬಂದಂತೆ ಟ್ರ್ಯಾಕ್ ಮಾಡಲು ವಿನ್ಯಾಸಗೊಳಿಸಲಾಗಿದೆ.

ಪ್ರಮುಖ ಲಕ್ಷಣಗಳು:
• ಫ್ಲೋಟಿಂಗ್ ಆರ್ಬ್ UI: ಸುಂದರವಾದ, ಅರೆ-ಪಾರದರ್ಶಕ ವೃತ್ತಾಕಾರದ ಕಿಟಕಿಯು ಮೇಲ್ಭಾಗದಲ್ಲಿರುತ್ತದೆ ಮತ್ತು ನಿಮ್ಮ ಕೆಲಸದ ಹರಿವಿಗೆ ಹೊಂದಿಕೊಳ್ಳುತ್ತದೆ.
• ಅಡಾಪ್ಟಿವ್ ವಿಂಡೋಸ್ ಇಂಟಿಗ್ರೇಷನ್: ಆರ್ಬ್ ಸ್ವಯಂಚಾಲಿತವಾಗಿ ವಿಂಡೋಸ್ ಲೈಟ್/ಡಾರ್ಕ್ ಮೋಡ್‌ನೊಂದಿಗೆ ಸಿಂಕ್ರೊನೈಸ್ ಆಗುತ್ತದೆ ಮತ್ತು ತಡೆರಹಿತ ಡೆಸ್ಕ್‌ಟಾಪ್ ಅನುಭವಕ್ಕಾಗಿ ನಿಮ್ಮ ಸಕ್ರಿಯ ವಿಂಡೋಸ್ ಉಚ್ಚಾರಣಾ ಬಣ್ಣದೊಂದಿಗೆ ಅದರ ಹಿನ್ನೆಲೆಯನ್ನು ಬಣ್ಣಿಸುತ್ತದೆ.
• ಗ್ಲೋಬಲ್ ಹಾಟ್‌ಕೀ: ಫೋಕಸ್ ಬದಲಾಯಿಸುವ ಅಗತ್ಯವಿಲ್ಲದೇ ಕಸ್ಟಮ್ ಹಾಟ್‌ಕೀ (ಡೀಫಾಲ್ಟ್ ನಮ್‌ಪ್ಯಾಡ್ ಪ್ಲಸ್) ಬಳಸಿಕೊಂಡು ಯಾವುದೇ ಸ್ಕ್ರೀನ್ ಅಥವಾ ಅಪ್ಲಿಕೇಶನ್‌ನಿಂದ ನಿಮ್ಮ ಕೌಂಟರ್ ಅನ್ನು ತಕ್ಷಣವೇ ಹೆಚ್ಚಿಸಿ.
• ಇಂಟರಾಕ್ಟಿವ್ ಅನಿಮೇಷನ್‌ಗಳು: ನಯವಾದ ಸ್ಕೇಲ್ ಬೌನ್ಸ್ ಅನಿಮೇಷನ್ ಮತ್ತು ಪ್ರತಿ ಇನ್‌ಕ್ರಿಮೆಂಟ್‌ನಲ್ಲಿ ಡೈನಾಮಿಕ್ ಗ್ಲೋ ಪರಿಣಾಮಗಳನ್ನು ಒಳಗೊಂಡಿದೆ.
• ಹೋವರ್ ನಿಯಂತ್ರಣಗಳು: ಇಂಟರ್ಫೇಸ್ ಅನ್ನು ಸ್ವಚ್ಛವಾಗಿ ಮತ್ತು ವ್ಯಾಕುಲತೆ-ಮುಕ್ತವಾಗಿ ಇರಿಸಿಕೊಂಡು ನೀವು ಗೋಳದ ಮೇಲೆ ಸುಳಿದಾಡಿದಾಗ ಮಾತ್ರ ಮುಚ್ಚು ಮತ್ತು ಮರುಹೊಂದಿಸುವ ನಿಯಂತ್ರಣಗಳು ಮಸುಕಾಗುತ್ತವೆ.
• ಸುಲಭ ಗ್ರಾಹಕೀಕರಣ: ಸಮಗ್ರ ಸೆಟ್ಟಿಂಗ್‌ಗಳ ಓವರ್‌ಲೇ ಬಳಸಿಕೊಂಡು ಜಾಗತಿಕ ಹಾಟ್‌ಕೀಯನ್ನು ಸುಲಭವಾಗಿ ಬದಲಾಯಿಸಿ.
• 100% ಆಫ್‌ಲೈನ್ ಮತ್ತು ಖಾಸಗಿ: ಯಾವುದೇ ಖಾತೆಗಳಿಲ್ಲ, ಡೇಟಾ ಸಂಗ್ರಹಣೆ ಇಲ್ಲ ಮತ್ತು ಇಂಟರ್ನೆಟ್ ಅಗತ್ಯವಿಲ್ಲ. ನಿಮ್ಮ ಎಣಿಕೆಯನ್ನು ಸ್ಥಳೀಯವಾಗಿ ಉಳಿಸಲಾಗಿದೆ.","Modern Tasbeeh Tracker - бұл мұсылмандарға Windows компьютерінде жұмыс істеген кезде күнделікті зікірлері (еске алу) мен тасбихті үздіксіз бақылауға арналған тегіс, минималистік және жеңіл жұмыс үстелі қолданбасы.

Негізгі ерекшеліктері:
• Floating Orb UI: ең жоғарғы болып қалатын және жұмыс үрдісіңізге бейімделетін әдемі, жартылай мөлдір дөңгелек терезе.
• Бейімделетін Windows интеграциясы: орб Windows ашық/қараңғы режимімен автоматты түрде синхрондалады және жұмыс үстелінің үздіксіз тәжірибесі үшін оның өңін белсенді Windows екпін түсімен реңк етеді.
• Жаһандық жылдам перне: фокусты ауыстырмай-ақ реттелетін жылдам пернені (әдепкі NumPad Plus) пайдаланып кез келген экраннан немесе қолданбадан есептегішті лезде арттырыңыз.
• Интерактивті анимациялар: біркелкі масштабты серпіліс анимациясын және әрбір қадамда динамикалық жарқырау әсерлерін ұсынады.
• Меңзерді басқару элементтері: жабу және қалпына келтіру басқару элементтері меңзерді шардың үстіне апарған кезде ғана өшеді, интерфейс таза және алаңдатпайды.
• Оңай теңшеу: біріктірілген параметрлер қабатын пайдаланып жаһандық жылдам пернені оңай өзгертіңіз.
• 100% офлайн және жеке: тіркелгілер, деректер жинау және интернет қажет емес. Есеп жергілікті жерде сақталады.","Modern Tasbeeh Tracker គឺជាកម្មវិធីផ្ទៃតុរលោង តូចបំផុត និងទម្ងន់ស្រាល ដែលរចនាឡើងសម្រាប់ប្រជាជនម៉ូស្លីមដើម្បីតាមដាន dhikr ប្រចាំថ្ងៃរបស់ពួកគេ (ការចងចាំ) និង tasbeeh យ៉ាងរលូនខណៈពេលកំពុងធ្វើការនៅលើ Windows PC របស់ពួកគេ។

លក្ខណៈសំខាន់ៗ៖
• Floating Orb UI៖ បង្អួចរាងជារង្វង់ពាក់កណ្តាលថ្លាដ៏ស្រស់ស្អាត ដែលស្ថិតនៅកំពូលបំផុត និងសម្របទៅនឹងដំណើរការការងាររបស់អ្នក។
• ការរួមបញ្ចូល Windows ដែលអាចសម្របបាន៖ orb ធ្វើសមកាលកម្មដោយស្វ័យប្រវត្តិជាមួយនឹងរបៀបពន្លឺ/ងងឹតរបស់ Windows និងពណ៌ផ្ទៃខាងក្រោយរបស់វាជាមួយនឹងពណ៌សង្កត់សំឡេង Windows សកម្មរបស់អ្នកសម្រាប់បទពិសោធន៍ផ្ទៃតុដែលគ្មានថ្នេរ។
• Global Hotkey៖ បង្កើនការរាប់របស់អ្នកភ្លាមៗពីអេក្រង់ ឬកម្មវិធីណាមួយដោយប្រើ hotkey ផ្ទាល់ខ្លួន (លំនាំដើមគឺ NumPad Plus) ដោយមិនចាំបាច់ប្តូរការផ្តោតអារម្មណ៍។
• គំនូរជីវចលអន្តរកម្ម៖ បង្ហាញនូវចលនាលោតលើមាត្រដ្ឋានរលូន និងឥទ្ធិពលពន្លឺថាមវន្តលើរាល់ការបង្កើន។
• ការគ្រប់គ្រងលើទីតាំង៖ បិទ និងកំណត់ឡើងវិញ ការគ្រប់គ្រងថយចុះតែនៅពេលដែលអ្នកដាក់លើ orb ដោយរក្សាចំណុចប្រទាក់ស្អាត និងគ្មានការរំខាន។
• ការប្ដូរតាមបំណងងាយស្រួល៖ ផ្លាស់ប្តូរ hotkey សកលបានយ៉ាងងាយស្រួលដោយប្រើការកំណត់រួមបញ្ចូលគ្នា។
• 100% ក្រៅបណ្តាញ និងឯកជន៖ គ្មានគណនី គ្មានការប្រមូលទិន្នន័យ និងមិនត្រូវការអ៊ីនធឺណិត។ ការរាប់របស់អ្នកត្រូវបានរក្សាទុកក្នុងមូលដ្ឋាន។","Modern Tasbeeh Tracker es una aplicación de escritorio elegante, minimalista y liviana diseñada para que los musulmanes realicen un seguimiento de su dhikr (recuerdo) y tasbeeh diarios sin problemas mientras trabajan en su PC con Windows.

Características principales:
• Interfaz de usuario de orbe flotante: una hermosa ventana circular semitransparente que permanece en la parte superior y se adapta a su flujo de trabajo.
• Integración adaptable de Windows: el orbe se sincroniza automáticamente con el modo claro/oscuro de Windows y tiñe su fondo con su acento activo de Windows color para una experiencia de escritorio perfecta.
• Tecla de acceso rápido global: incremente su contador instantáneamente desde cualquier pantalla o aplicación usando una tecla de acceso rápido personalizada (la predeterminada es NumPad Plus) sin necesidad de cambiar el enfoque.
• Animaciones interactivas: presenta una animación de rebote de escala suave y efectos de brillo dinámicos en cada incremento.
• Controles de desplazamiento: los controles de cierre y restablecimiento se desvanecen solo cuando pasa el cursor sobre el orbe, manteniendo la interfaz limpia y sin distracciones.
• Fácil personalización: cambie la tecla de acceso rápido global fácilmente utilizando la superposición de configuración integrada.
• 100% sin conexión y privado: sin cuentas, sin recopilación de datos y sin necesidad de Internet. Su recuento se guarda localmente.","Modern Tasbeeh Tracker is a sleek, minimalist, and lightweight desktop application designed for Muslims to track their daily dhikr (remembrance) and tasbeeh seamlessly while working on their Windows PC.

Key Features:
• Floating Orb UI: A beautiful, semi-transparent circular window that stays topmost and adapts to your workflow.
• Adaptive Windows Integration: The orb automatically synchronizes with Windows light/dark mode and tints its background with your active Windows accent color for a seamless desktop experience.
• Global Hotkey: Increment your counter instantly from any screen or application using a custom hotkey (default is NumPad Plus) without needing to switch focus.
• Interactive Animations: Features a smooth scale bounce animation and dynamic glow effects on every increment.
• Hover Controls: Close and reset controls fade in only when you hover over the orb, keeping the interface clean and distraction-free.
• Easy Customization: Change the global hotkey easily using the integrated settings overlay.
• 100% Offline & Private: No accounts, no data collection, and no internet required. Your count is saved locally.","Modern Tasbeeh Tracker is a sleek, minimalist, and lightweight desktop application designed for Muslims to track their daily dhikr (remembrance) and tasbeeh seamlessly while working on their Windows PC.

Key Features:
• Floating Orb UI: A beautiful, semi-transparent circular window that stays topmost and adapts to your workflow.
• Adaptive Windows Integration: The orb automatically synchronizes with Windows light/dark mode and tints its background with your active Windows accent color for a seamless desktop experience.
• Global Hotkey: Increment your counter instantly from any screen or application using a custom hotkey (default is NumPad Plus) without needing to switch focus.
• Interactive Animations: Features a smooth scale bounce animation and dynamic glow effects on every increment.
• Hover Controls: Close and reset controls fade in only when you hover over the orb, keeping the interface clean and distraction-free.
• Easy Customization: Change the global hotkey easily using the integrated settings overlay.
• 100% Offline & Private: No accounts, no data collection, and no internet required. Your count is saved locally.","Modern Tasbeeh Tracker is a sleek, minimalist, and lightweight desktop application designed for Muslims to track their daily dhikr (remembrance) and tasbeeh seamlessly while working on their Windows PC.

Key Features:
• Floating Orb UI: A beautiful, semi-transparent circular window that stays topmost and adapts to your workflow.
• Adaptive Windows Integration: The orb automatically synchronizes with Windows light/dark mode and tints its background with your active Windows accent color for a seamless desktop experience.
• Global Hotkey: Increment your counter instantly from any screen or application using a custom hotkey (default is NumPad Plus) without needing to switch focus.
• Interactive Animations: Features a smooth scale bounce animation and dynamic glow effects on every increment.
• Hover Controls: Close and reset controls fade in only when you hover over the orb, keeping the interface clean and distraction-free.
• Easy Customization: Change the global hotkey easily using the integrated settings overlay.
• 100% Offline & Private: No accounts, no data collection, and no internet required. Your count is saved locally.","Modern Tasbeeh Tracker는 무슬림이 Windows PC에서 작업하는 동안 일상적인 dhikr(추억)과 tasbeeh를 원활하게 추적할 수 있도록 설계된 세련되고 미니멀하며 가벼운 데스크톱 애플리케이션입니다.

주요 기능:
• Floating Orb UI: 최상위에 위치하며 작업 흐름에 맞게 조정되는 아름다운 반투명 원형 창.
• 적응형 Windows 통합: Orb는 Windows 밝은/어두운 모드 및 색조와 자동으로 동기화됩니다. 원활한 데스크탑 경험을 위해 활성 Windows 액센트 색상으로 배경을 표시합니다.
• 전역 단축키: 초점을 전환할 필요 없이 맞춤 단축키(기본값은 NumPad Plus)를 사용하여 모든 화면이나 애플리케이션에서 즉시 카운터를 증가시킵니다.
• 대화형 애니메이션: 매 단계마다 부드러운 크기의 바운스 애니메이션과 동적 글로우 효과를 제공합니다.
• 호버 컨트롤: 닫기 및 재설정 컨트롤은 구 위에 마우스를 올릴 때만 페이드 인되어 인터페이스를 깔끔하고 산만하게 유지합니다.
• 간편 사용자 정의: 통합 설정 오버레이를 사용하여 글로벌 단축키를 쉽게 변경하세요.
• 100% 오프라인 및 비공개: 계정이 없고 데이터 수집이 없으며 인터넷이 필요하지 않습니다. 귀하의 카운트는 로컬에 저장됩니다.","Modern Tasbeeh Tracker is a sleek, minimalist, and lightweight desktop application designed for Muslims to track their daily dhikr (remembrance) and tasbeeh seamlessly while working on their Windows PC.

Key Features:
• Floating Orb UI: A beautiful, semi-transparent circular window that stays topmost and adapts to your workflow.
• Adaptive Windows Integration: The orb automatically synchronizes with Windows light/dark mode and tints its background with your active Windows accent color for a seamless desktop experience.
• Global Hotkey: Increment your counter instantly from any screen or application using a custom hotkey (default is NumPad Plus) without needing to switch focus.
• Interactive Animations: Features a smooth scale bounce animation and dynamic glow effects on every increment.
• Hover Controls: Close and reset controls fade in only when you hover over the orb, keeping the interface clean and distraction-free.
• Easy Customization: Change the global hotkey easily using the integrated settings overlay.
• 100% Offline & Private: No accounts, no data collection, and no internet required. Your count is saved locally.","Modern Tasbeeh Tracker is a sleek, minimalist, and lightweight desktop application designed for Muslims to track their daily dhikr (remembrance) and tasbeeh seamlessly while working on their Windows PC.

Key Features:
• Floating Orb UI: A beautiful, semi-transparent circular window that stays topmost and adapts to your workflow.
• Adaptive Windows Integration: The orb automatically synchronizes with Windows light/dark mode and tints its background with your active Windows accent color for a seamless desktop experience.
• Global Hotkey: Increment your counter instantly from any screen or application using a custom hotkey (default is NumPad Plus) without needing to switch focus.
• Interactive Animations: Features a smooth scale bounce animation and dynamic glow effects on every increment.
• Hover Controls: Close and reset controls fade in only when you hover over the orb, keeping the interface clean and distraction-free.
• Easy Customization: Change the global hotkey easily using the integrated settings overlay.
• 100% Offline & Private: No accounts, no data collection, and no internet required. Your count is saved locally.","Modern Tasbeeh Tracker is a sleek, minimalist, and lightweight desktop application designed for Muslims to track their daily dhikr (remembrance) and tasbeeh seamlessly while working on their Windows PC.

Key Features:
• Floating Orb UI: A beautiful, semi-transparent circular window that stays topmost and adapts to your workflow.
• Adaptive Windows Integration: The orb automatically synchronizes with Windows light/dark mode and tints its background with your active Windows accent color for a seamless desktop experience.
• Global Hotkey: Increment your counter instantly from any screen or application using a custom hotkey (default is NumPad Plus) without needing to switch focus.
• Interactive Animations: Features a smooth scale bounce animation and dynamic glow effects on every increment.
• Hover Controls: Close and reset controls fade in only when you hover over the orb, keeping the interface clean and distraction-free.
• Easy Customization: Change the global hotkey easily using the integrated settings overlay.
• 100% Offline & Private: No accounts, no data collection, and no internet required. Your count is saved locally.","Modern Tasbeeh Tracker is a sleek, minimalist, and lightweight desktop application designed for Muslims to track their daily dhikr (remembrance) and tasbeeh seamlessly while working on their Windows PC.

Key Features:
• Floating Orb UI: A beautiful, semi-transparent circular window that stays topmost and adapts to your workflow.
• Adaptive Windows Integration: The orb automatically synchronizes with Windows light/dark mode and tints its background with your active Windows accent color for a seamless desktop experience.
• Global Hotkey: Increment your counter instantly from any screen or application using a custom hotkey (default is NumPad Plus) without needing to switch focus.
• Interactive Animations: Features a smooth scale bounce animation and dynamic glow effects on every increment.
• Hover Controls: Close and reset controls fade in only when you hover over the orb, keeping the interface clean and distraction-free.
• Easy Customization: Change the global hotkey easily using the integrated settings overlay.
• 100% Offline & Private: No accounts, no data collection, and no internet required. Your count is saved locally.","Modern Tasbeeh Tracker is a sleek, minimalist, and lightweight desktop application designed for Muslims to track their daily dhikr (remembrance) and tasbeeh seamlessly while working on their Windows PC.

Key Features:
• Floating Orb UI: A beautiful, semi-transparent circular window that stays topmost and adapts to your workflow.
• Adaptive Windows Integration: The orb automatically synchronizes with Windows light/dark mode and tints its background with your active Windows accent color for a seamless desktop experience.
• Global Hotkey: Increment your counter instantly from any screen or application using a custom hotkey (default is NumPad Plus) without needing to switch focus.
• Interactive Animations: Features a smooth scale bounce animation and dynamic glow effects on every increment.
• Hover Controls: Close and reset controls fade in only when you hover over the orb, keeping the interface clean and distraction-free.
• Easy Customization: Change the global hotkey easily using the integrated settings overlay.
• 100% Offline & Private: No accounts, no data collection, and no internet required. Your count is saved locally.","Modern Tasbeeh Tracker is a sleek, minimalist, and lightweight desktop application designed for Muslims to track their daily dhikr (remembrance) and tasbeeh seamlessly while working on their Windows PC.

Key Features:
• Floating Orb UI: A beautiful, semi-transparent circular window that stays topmost and adapts to your workflow.
• Adaptive Windows Integration: The orb automatically synchronizes with Windows light/dark mode and tints its background with your active Windows accent color for a seamless desktop experience.
• Global Hotkey: Increment your counter instantly from any screen or application using a custom hotkey (default is NumPad Plus) without needing to switch focus.
• Interactive Animations: Features a smooth scale bounce animation and dynamic glow effects on every increment.
• Hover Controls: Close and reset controls fade in only when you hover over the orb, keeping the interface clean and distraction-free.
• Easy Customization: Change the global hotkey easily using the integrated settings overlay.
• 100% Offline & Private: No accounts, no data collection, and no internet required. Your count is saved locally.","Modern Tasbeeh Tracker is a sleek, minimalist, and lightweight desktop application designed for Muslims to track their daily dhikr (remembrance) and tasbeeh seamlessly while working on their Windows PC.

Key Features:
• Floating Orb UI: A beautiful, semi-transparent circular window that stays topmost and adapts to your workflow.
• Adaptive Windows Integration: The orb automatically synchronizes with Windows light/dark mode and tints its background with your active Windows accent color for a seamless desktop experience.
• Global Hotkey: Increment your counter instantly from any screen or application using a custom hotkey (default is NumPad Plus) without needing to switch focus.
• Interactive Animations: Features a smooth scale bounce animation and dynamic glow effects on every increment.
• Hover Controls: Close and reset controls fade in only when you hover over the orb, keeping the interface clean and distraction-free.
• Easy Customization: Change the global hotkey easily using the integrated settings overlay.
• 100% Offline & Private: No accounts, no data collection, and no internet required. Your count is saved locally.","Modern Tasbeeh Tracker is a sleek, minimalist, and lightweight desktop application designed for Muslims to track their daily dhikr (remembrance) and tasbeeh seamlessly while working on their Windows PC.

Key Features:
• Floating Orb UI: A beautiful, semi-transparent circular window that stays topmost and adapts to your workflow.
• Adaptive Windows Integration: The orb automatically synchronizes with Windows light/dark mode and tints its background with your active Windows accent color for a seamless desktop experience.
• Global Hotkey: Increment your counter instantly from any screen or application using a custom hotkey (default is NumPad Plus) without needing to switch focus.
• Interactive Animations: Features a smooth scale bounce animation and dynamic glow effects on every increment.
• Hover Controls: Close and reset controls fade in only when you hover over the orb, keeping the interface clean and distraction-free.
• Easy Customization: Change the global hotkey easily using the integrated settings overlay.
• 100% Offline & Private: No accounts, no data collection, and no internet required. Your count is saved locally.","Modern Tasbeeh Tracker is a sleek, minimalist, and lightweight desktop application designed for Muslims to track their daily dhikr (remembrance) and tasbeeh seamlessly while working on their Windows PC.

Key Features:
• Floating Orb UI: A beautiful, semi-transparent circular window that stays topmost and adapts to your workflow.
• Adaptive Windows Integration: The orb automatically synchronizes with Windows light/dark mode and tints its background with your active Windows accent color for a seamless desktop experience.
• Global Hotkey: Increment your counter instantly from any screen or application using a custom hotkey (default is NumPad Plus) without needing to switch focus.
• Interactive Animations: Features a smooth scale bounce animation and dynamic glow effects on every increment.
• Hover Controls: Close and reset controls fade in only when you hover over the orb, keeping the interface clean and distraction-free.
• Easy Customization: Change the global hotkey easily using the integrated settings overlay.
• 100% Offline & Private: No accounts, no data collection, and no internet required. Your count is saved locally.","Modern Tasbeeh Tracker is a sleek, minimalist, and lightweight desktop application designed for Muslims to track their daily dhikr (remembrance) and tasbeeh seamlessly while working on their Windows PC.

Key Features:
• Floating Orb UI: A beautiful, semi-transparent circular window that stays topmost and adapts to your workflow.
• Adaptive Windows Integration: The orb automatically synchronizes with Windows light/dark mode and tints its background with your active Windows accent color for a seamless desktop experience.
• Global Hotkey: Increment your counter instantly from any screen or application using a custom hotkey (default is NumPad Plus) without needing to switch focus.
• Interactive Animations: Features a smooth scale bounce animation and dynamic glow effects on every increment.
• Hover Controls: Close and reset controls fade in only when you hover over the orb, keeping the interface clean and distraction-free.
• Easy Customization: Change the global hotkey easily using the integrated settings overlay.
• 100% Offline & Private: No accounts, no data collection, and no internet required. Your count is saved locally.","Modern Tasbeeh Tracker is a sleek, minimalist, and lightweight desktop application designed for Muslims to track their daily dhikr (remembrance) and tasbeeh seamlessly while working on their Windows PC.

Key Features:
• Floating Orb UI: A beautiful, semi-transparent circular window that stays topmost and adapts to your workflow.
• Adaptive Windows Integration: The orb automatically synchronizes with Windows light/dark mode and tints its background with your active Windows accent color for a seamless desktop experience.
• Global Hotkey: Increment your counter instantly from any screen or application using a custom hotkey (default is NumPad Plus) without needing to switch focus.
• Interactive Animations: Features a smooth scale bounce animation and dynamic glow effects on every increment.
• Hover Controls: Close and reset controls fade in only when you hover over the orb, keeping the interface clean and distraction-free.
• Easy Customization: Change the global hotkey easily using the integrated settings overlay.
• 100% Offline & Private: No accounts, no data collection, and no internet required. Your count is saved locally.","Modern Tasbeeh Tracker is a sleek, minimalist, and lightweight desktop application designed for Muslims to track their daily dhikr (remembrance) and tasbeeh seamlessly while working on their Windows PC.

Key Features:
• Floating Orb UI: A beautiful, semi-transparent circular window that stays topmost and adapts to your workflow.
• Adaptive Windows Integration: The orb automatically synchronizes with Windows light/dark mode and tints its background with your active Windows accent color for a seamless desktop experience.
• Global Hotkey: Increment your counter instantly from any screen or application using a custom hotkey (default is NumPad Plus) without needing to switch focus.
• Interactive Animations: Features a smooth scale bounce animation and dynamic glow effects on every increment.
• Hover Controls: Close and reset controls fade in only when you hover over the orb, keeping the interface clean and distraction-free.
• Easy Customization: Change the global hotkey easily using the integrated settings overlay.
• 100% Offline & Private: No accounts, no data collection, and no internet required. Your count is saved locally.","Modern Tasbeeh Tracker is a sleek, minimalist, and lightweight desktop application designed for Muslims to track their daily dhikr (remembrance) and tasbeeh seamlessly while working on their Windows PC.

Key Features:
• Floating Orb UI: A beautiful, semi-transparent circular window that stays topmost and adapts to your workflow.
• Adaptive Windows Integration: The orb automatically synchronizes with Windows light/dark mode and tints its background with your active Windows accent color for a seamless desktop experience.
• Global Hotkey: Increment your counter instantly from any screen or application using a custom hotkey (default is NumPad Plus) without needing to switch focus.
• Interactive Animations: Features a smooth scale bounce animation and dynamic glow effects on every increment.
• Hover Controls: Close and reset controls fade in only when you hover over the orb, keeping the interface clean and distraction-free.
• Easy Customization: Change the global hotkey easily using the integrated settings overlay.
• 100% Offline & Private: No accounts, no data collection, and no internet required. Your count is saved locally.","Modern Tasbeeh Tracker is a sleek, minimalist, and lightweight desktop application designed for Muslims to track their daily dhikr (remembrance) and tasbeeh seamlessly while working on their Windows PC.

Key Features:
• Floating Orb UI: A beautiful, semi-transparent circular window that stays topmost and adapts to your workflow.
• Adaptive Windows Integration: The orb automatically synchronizes with Windows light/dark mode and tints its background with your active Windows accent color for a seamless desktop experience.
• Global Hotkey: Increment your counter instantly from any screen or application using a custom hotkey (default is NumPad Plus) without needing to switch focus.
• Interactive Animations: Features a smooth scale bounce animation and dynamic glow effects on every increment.
• Hover Controls: Close and reset controls fade in only when you hover over the orb, keeping the interface clean and distraction-free.
• Easy Customization: Change the global hotkey easily using the integrated settings overlay.
• 100% Offline & Private: No accounts, no data collection, and no internet required. Your count is saved locally.","Modern Tasbeeh Tracker is a sleek, minimalist, and lightweight desktop application designed for Muslims to track their daily dhikr (remembrance) and tasbeeh seamlessly while working on their Windows PC.

Key Features:
• Floating Orb UI: A beautiful, semi-transparent circular window that stays topmost and adapts to your workflow.
• Adaptive Windows Integration: The orb automatically synchronizes with Windows light/dark mode and tints its background with your active Windows accent color for a seamless desktop experience.
• Global Hotkey: Increment your counter instantly from any screen or application using a custom hotkey (default is NumPad Plus) without needing to switch focus.
• Interactive Animations: Features a smooth scale bounce animation and dynamic glow effects on every increment.
• Hover Controls: Close and reset controls fade in only when you hover over the orb, keeping the interface clean and distraction-free.
• Easy Customization: Change the global hotkey easily using the integrated settings overlay.
• 100% Offline & Private: No accounts, no data collection, and no internet required. Your count is saved locally.","Modern Tasbeeh Tracker is a sleek, minimalist, and lightweight desktop application designed for Muslims to track their daily dhikr (remembrance) and tasbeeh seamlessly while working on their Windows PC.

Key Features:
• Floating Orb UI: A beautiful, semi-transparent circular window that stays topmost and adapts to your workflow.
• Adaptive Windows Integration: The orb automatically synchronizes with Windows light/dark mode and tints its background with your active Windows accent color for a seamless desktop experience.
• Global Hotkey: Increment your counter instantly from any screen or application using a custom hotkey (default is NumPad Plus) without needing to switch focus.
• Interactive Animations: Features a smooth scale bounce animation and dynamic glow effects on every increment.
• Hover Controls: Close and reset controls fade in only when you hover over the orb, keeping the interface clean and distraction-free.
• Easy Customization: Change the global hotkey easily using the integrated settings overlay.
• 100% Offline & Private: No accounts, no data collection, and no internet required. Your count is saved locally.","Modern Tasbeeh Tracker is a sleek, minimalist, and lightweight desktop application designed for Muslims to track their daily dhikr (remembrance) and tasbeeh seamlessly while working on their Windows PC.

Key Features:
• Floating Orb UI: A beautiful, semi-transparent circular window that stays topmost and adapts to your workflow.
• Adaptive Windows Integration: The orb automatically synchronizes with Windows light/dark mode and tints its background with your active Windows accent color for a seamless desktop experience.
• Global Hotkey: Increment your counter instantly from any screen or application using a custom hotkey (default is NumPad Plus) without needing to switch focus.
• Interactive Animations: Features a smooth scale bounce animation and dynamic glow effects on every increment.
• Hover Controls: Close and reset controls fade in only when you hover over the orb, keeping the interface clean and distraction-free.
• Easy Customization: Change the global hotkey easily using the integrated settings overlay.
• 100% Offline & Private: No accounts, no data collection, and no internet required. Your count is saved locally.","Modern Tasbeeh Tracker is a sleek, minimalist, and lightweight desktop application designed for Muslims to track their daily dhikr (remembrance) and tasbeeh seamlessly while working on their Windows PC.

Key Features:
• Floating Orb UI: A beautiful, semi-transparent circular window that stays topmost and adapts to your workflow.
• Adaptive Windows Integration: The orb automatically synchronizes with Windows light/dark mode and tints its background with your active Windows accent color for a seamless desktop experience.
• Global Hotkey: Increment your counter instantly from any screen or application using a custom hotkey (default is NumPad Plus) without needing to switch focus.
• Interactive Animations: Features a smooth scale bounce animation and dynamic glow effects on every increment.
• Hover Controls: Close and reset controls fade in only when you hover over the orb, keeping the interface clean and distraction-free.
• Easy Customization: Change the global hotkey easily using the integrated settings overlay.
• 100% Offline & Private: No accounts, no data collection, and no internet required. Your count is saved locally.","Modern Tasbeeh Tracker to elegancka, minimalistyczna i lekka aplikacja komputerowa przeznaczona dla muzułmanów do płynnego śledzenia codziennych dhikr (wspomnień) i tasbeeh podczas pracy na komputerze z systemem Windows.

Kluczowe funkcje:
 • Interfejs użytkownika pływającej kuli: piękne, półprzezroczyste okrągłe okno, które pozostaje najwyżej i dopasowuje się do Twojego przepływu pracy.
 • Adaptacyjna integracja z systemem Windows: Kula automatycznie synchronizuje się z trybem jasny/ciemny systemu Windows i zabarwia tło aktywnym kolorem akcentującym system Windows, zapewniając płynną obsługę pulpitu.
 • Globalny klawisz skrótu: natychmiast zwiększaj licznik z dowolnego ekranu lub aplikacji za pomocą niestandardowego klawisza skrótu (domyślny jest NumPad Plus) bez konieczności przełączania fokusu. 
 • Interaktywne animacje: charakteryzują się płynną animacją odbijania skali i dynamicznymi efektami blasku przy każdym kroku. 
 • Sterowanie najechaniem myszką: elementy sterujące zamykaniem i resetowaniem pojawiają się dopiero po najechaniu myszką na kulę, dzięki czemu interfejs jest czysty i przejrzysty bez rozpraszania uwagi.
 • Łatwa personalizacja: łatwa zmiana globalnego klawisza skrótu za pomocą zintegrowanej nakładki ustawień.
 • 100% offline i prywatnie: brak kont, brak gromadzenia danych i brak konieczności korzystania z Internetu. Twój licznik jest zapisywany lokalnie.","O Modern Tasbeeh Tracker é um aplicativo de desktop elegante, minimalista e leve, projetado para que os muçulmanos rastreiem seu dhikr (lembrança) e tasbeeh diários perfeitamente enquanto trabalham em seu PC com Windows.

Principais recursos:
• Interface do usuário do Orb flutuante: uma linda janela circular semitransparente que permanece no topo e se adapta ao seu fluxo de trabalho.
• Integração adaptável do Windows: o orbe sincroniza automaticamente com o modo claro/escuro do Windows e tinge seu plano de fundo. com a cor de destaque ativa do Windows para uma experiência de área de trabalho perfeita.
• Tecla de atalho global: aumente seu contador instantaneamente a partir de qualquer tela ou aplicativo usando uma tecla de atalho personalizada (o padrão é NumPad Plus) sem precisar mudar o foco.
• Animações interativas: apresenta uma animação de salto de escala suave e efeitos de brilho dinâmico em cada incremento.
• Controles de foco: os controles de fechar e redefinir desaparecem apenas quando você passa o mouse sobre o orbe, mantendo a interface limpa e livre de distrações.
• Personalização fácil: altere o global tecla de atalho facilmente usando a sobreposição de configurações integradas.
• 100% off-line e privado: sem contas, sem coleta de dados e sem necessidade de internet. Sua contagem é salva localmente.","Modern Tasbeeh Tracker is a sleek, minimalist, and lightweight desktop application designed for Muslims to track their daily dhikr (remembrance) and tasbeeh seamlessly while working on their Windows PC.

Key Features:
• Floating Orb UI: A beautiful, semi-transparent circular window that stays topmost and adapts to your workflow.
• Adaptive Windows Integration: The orb automatically synchronizes with Windows light/dark mode and tints its background with your active Windows accent color for a seamless desktop experience.
• Global Hotkey: Increment your counter instantly from any screen or application using a custom hotkey (default is NumPad Plus) without needing to switch focus.
• Interactive Animations: Features a smooth scale bounce animation and dynamic glow effects on every increment.
• Hover Controls: Close and reset controls fade in only when you hover over the orb, keeping the interface clean and distraction-free.
• Easy Customization: Change the global hotkey easily using the integrated settings overlay.
• 100% Offline & Private: No accounts, no data collection, and no internet required. Your count is saved locally.","Modern Tasbeeh Tracker is a sleek, minimalist, and lightweight desktop application designed for Muslims to track their daily dhikr (remembrance) and tasbeeh seamlessly while working on their Windows PC.

Key Features:
• Floating Orb UI: A beautiful, semi-transparent circular window that stays topmost and adapts to your workflow.
• Adaptive Windows Integration: The orb automatically synchronizes with Windows light/dark mode and tints its background with your active Windows accent color for a seamless desktop experience.
• Global Hotkey: Increment your counter instantly from any screen or application using a custom hotkey (default is NumPad Plus) without needing to switch focus.
• Interactive Animations: Features a smooth scale bounce animation and dynamic glow effects on every increment.
• Hover Controls: Close and reset controls fade in only when you hover over the orb, keeping the interface clean and distraction-free.
• Easy Customization: Change the global hotkey easily using the integrated settings overlay.
• 100% Offline & Private: No accounts, no data collection, and no internet required. Your count is saved locally.","Modern Tasbeeh Tracker is a sleek, minimalist, and lightweight desktop application designed for Muslims to track their daily dhikr (remembrance) and tasbeeh seamlessly while working on their Windows PC.

Key Features:
• Floating Orb UI: A beautiful, semi-transparent circular window that stays topmost and adapts to your workflow.
• Adaptive Windows Integration: The orb automatically synchronizes with Windows light/dark mode and tints its background with your active Windows accent color for a seamless desktop experience.
• Global Hotkey: Increment your counter instantly from any screen or application using a custom hotkey (default is NumPad Plus) without needing to switch focus.
• Interactive Animations: Features a smooth scale bounce animation and dynamic glow effects on every increment.
• Hover Controls: Close and reset controls fade in only when you hover over the orb, keeping the interface clean and distraction-free.
• Easy Customization: Change the global hotkey easily using the integrated settings overlay.
• 100% Offline & Private: No accounts, no data collection, and no internet required. Your count is saved locally.","Modern Tasbeeh Tracker — это элегантное, минималистичное и легкое настольное приложение, предназначенное для мусульман, позволяющее легко отслеживать ежедневный зикр (память) и тасбих, работая на ПК с Windows.

Основные характеристики:
• Пользовательский интерфейс плавающего шара: красивое полупрозрачное круглое окно, которое остается сверху и адаптируется к вашему рабочему процессу.
• Адаптивная интеграция с Windows: шар автоматически синхронизируется. в светлом/темном режиме Windows и подкрашивает фон активным акцентным цветом Windows для обеспечения плавного взаимодействия с рабочим столом.
• Глобальная горячая клавиша: мгновенно увеличивайте счетчик с любого экрана или приложения с помощью настраиваемой горячей клавиши (по умолчанию NumPad Plus) без необходимости переключения фокуса.
• Интерактивная анимация: включает плавную анимацию подпрыгивания масштаба и динамические эффекты свечения при каждом приращении.
• Элементы управления при наведении: закрытие и сброс элементов управления исчезают только при наведении курсора на сферу, сохраняя интерфейс. чисто и без отвлекающих факторов.
• Простая настройка: легко меняйте глобальную горячую клавишу с помощью интегрированного наложения настроек.
• 100% автономный и конфиденциальный режим: никаких учетных записей, сбора данных и Интернета не требуется. Ваш счетчик сохраняется локально.","Modern Tasbeeh Tracker is a sleek, minimalist, and lightweight desktop application designed for Muslims to track their daily dhikr (remembrance) and tasbeeh seamlessly while working on their Windows PC.

Key Features:
• Floating Orb UI: A beautiful, semi-transparent circular window that stays topmost and adapts to your workflow.
• Adaptive Windows Integration: The orb automatically synchronizes with Windows light/dark mode and tints its background with your active Windows accent color for a seamless desktop experience.
• Global Hotkey: Increment your counter instantly from any screen or application using a custom hotkey (default is NumPad Plus) without needing to switch focus.
• Interactive Animations: Features a smooth scale bounce animation and dynamic glow effects on every increment.
• Hover Controls: Close and reset controls fade in only when you hover over the orb, keeping the interface clean and distraction-free.
• Easy Customization: Change the global hotkey easily using the integrated settings overlay.
• 100% Offline & Private: No accounts, no data collection, and no internet required. Your count is saved locally.","Modern Tasbeeh Tracker is a sleek, minimalist, and lightweight desktop application designed for Muslims to track their daily dhikr (remembrance) and tasbeeh seamlessly while working on their Windows PC.

Key Features:
• Floating Orb UI: A beautiful, semi-transparent circular window that stays topmost and adapts to your workflow.
• Adaptive Windows Integration: The orb automatically synchronizes with Windows light/dark mode and tints its background with your active Windows accent color for a seamless desktop experience.
• Global Hotkey: Increment your counter instantly from any screen or application using a custom hotkey (default is NumPad Plus) without needing to switch focus.
• Interactive Animations: Features a smooth scale bounce animation and dynamic glow effects on every increment.
• Hover Controls: Close and reset controls fade in only when you hover over the orb, keeping the interface clean and distraction-free.
• Easy Customization: Change the global hotkey easily using the integrated settings overlay.
• 100% Offline & Private: No accounts, no data collection, and no internet required. Your count is saved locally.","Modern Tasbeeh Tracker is a sleek, minimalist, and lightweight desktop application designed for Muslims to track their daily dhikr (remembrance) and tasbeeh seamlessly while working on their Windows PC.

Key Features:
• Floating Orb UI: A beautiful, semi-transparent circular window that stays topmost and adapts to your workflow.
• Adaptive Windows Integration: The orb automatically synchronizes with Windows light/dark mode and tints its background with your active Windows accent color for a seamless desktop experience.
• Global Hotkey: Increment your counter instantly from any screen or application using a custom hotkey (default is NumPad Plus) without needing to switch focus.
• Interactive Animations: Features a smooth scale bounce animation and dynamic glow effects on every increment.
• Hover Controls: Close and reset controls fade in only when you hover over the orb, keeping the interface clean and distraction-free.
• Easy Customization: Change the global hotkey easily using the integrated settings overlay.
• 100% Offline & Private: No accounts, no data collection, and no internet required. Your count is saved locally.","Modern Tasbeeh Tracker is a sleek, minimalist, and lightweight desktop application designed for Muslims to track their daily dhikr (remembrance) and tasbeeh seamlessly while working on their Windows PC.

Key Features:
• Floating Orb UI: A beautiful, semi-transparent circular window that stays topmost and adapts to your workflow.
• Adaptive Windows Integration: The orb automatically synchronizes with Windows light/dark mode and tints its background with your active Windows accent color for a seamless desktop experience.
• Global Hotkey: Increment your counter instantly from any screen or application using a custom hotkey (default is NumPad Plus) without needing to switch focus.
• Interactive Animations: Features a smooth scale bounce animation and dynamic glow effects on every increment.
• Hover Controls: Close and reset controls fade in only when you hover over the orb, keeping the interface clean and distraction-free.
• Easy Customization: Change the global hotkey easily using the integrated settings overlay.
• 100% Offline & Private: No accounts, no data collection, and no internet required. Your count is saved locally.","Modern Tasbeeh Tracker is a sleek, minimalist, and lightweight desktop application designed for Muslims to track their daily dhikr (remembrance) and tasbeeh seamlessly while working on their Windows PC.

Key Features:
• Floating Orb UI: A beautiful, semi-transparent circular window that stays topmost and adapts to your workflow.
• Adaptive Windows Integration: The orb automatically synchronizes with Windows light/dark mode and tints its background with your active Windows accent color for a seamless desktop experience.
• Global Hotkey: Increment your counter instantly from any screen or application using a custom hotkey (default is NumPad Plus) without needing to switch focus.
• Interactive Animations: Features a smooth scale bounce animation and dynamic glow effects on every increment.
• Hover Controls: Close and reset controls fade in only when you hover over the orb, keeping the interface clean and distraction-free.
• Easy Customization: Change the global hotkey easily using the integrated settings overlay.
• 100% Offline & Private: No accounts, no data collection, and no internet required. Your count is saved locally.","Modern Tasbeeh Tracker is a sleek, minimalist, and lightweight desktop application designed for Muslims to track their daily dhikr (remembrance) and tasbeeh seamlessly while working on their Windows PC.

Key Features:
• Floating Orb UI: A beautiful, semi-transparent circular window that stays topmost and adapts to your workflow.
• Adaptive Windows Integration: The orb automatically synchronizes with Windows light/dark mode and tints its background with your active Windows accent color for a seamless desktop experience.
• Global Hotkey: Increment your counter instantly from any screen or application using a custom hotkey (default is NumPad Plus) without needing to switch focus.
• Interactive Animations: Features a smooth scale bounce animation and dynamic glow effects on every increment.
• Hover Controls: Close and reset controls fade in only when you hover over the orb, keeping the interface clean and distraction-free.
• Easy Customization: Change the global hotkey easily using the integrated settings overlay.
• 100% Offline & Private: No accounts, no data collection, and no internet required. Your count is saved locally.","Modern Tasbeeh Tracker is a sleek, minimalist, and lightweight desktop application designed for Muslims to track their daily dhikr (remembrance) and tasbeeh seamlessly while working on their Windows PC.

Key Features:
• Floating Orb UI: A beautiful, semi-transparent circular window that stays topmost and adapts to your workflow.
• Adaptive Windows Integration: The orb automatically synchronizes with Windows light/dark mode and tints its background with your active Windows accent color for a seamless desktop experience.
• Global Hotkey: Increment your counter instantly from any screen or application using a custom hotkey (default is NumPad Plus) without needing to switch focus.
• Interactive Animations: Features a smooth scale bounce animation and dynamic glow effects on every increment.
• Hover Controls: Close and reset controls fade in only when you hover over the orb, keeping the interface clean and distraction-free.
• Easy Customization: Change the global hotkey easily using the integrated settings overlay.
• 100% Offline & Private: No accounts, no data collection, and no internet required. Your count is saved locally.","Modern Tasbeeh Tracker is a sleek, minimalist, and lightweight desktop application designed for Muslims to track their daily dhikr (remembrance) and tasbeeh seamlessly while working on their Windows PC.

Key Features:
• Floating Orb UI: A beautiful, semi-transparent circular window that stays topmost and adapts to your workflow.
• Adaptive Windows Integration: The orb automatically synchronizes with Windows light/dark mode and tints its background with your active Windows accent color for a seamless desktop experience.
• Global Hotkey: Increment your counter instantly from any screen or application using a custom hotkey (default is NumPad Plus) without needing to switch focus.
• Interactive Animations: Features a smooth scale bounce animation and dynamic glow effects on every increment.
• Hover Controls: Close and reset controls fade in only when you hover over the orb, keeping the interface clean and distraction-free.
• Easy Customization: Change the global hotkey easily using the integrated settings overlay.
• 100% Offline & Private: No accounts, no data collection, and no internet required. Your count is saved locally.","Modern Tasbeeh Tracker es una aplicación de escritorio elegante, minimalista y liviana diseñada para que los musulmanes realicen un seguimiento de su dhikr (recuerdo) y tasbeeh diarios sin problemas mientras trabajan en su PC con Windows.

Características principales:
• Interfaz de usuario de Orbe flotante: una hermosa ventana circular semitransparente que permanece en la parte superior y se adapta a su flujo de trabajo.
• Integración adaptable de Windows: El orbe se sincroniza automáticamente con el modo claro/oscuro de Windows y tiñe su fondo con su color de acento activo de Windows para una experiencia de escritorio perfecta.
• Tecla de acceso rápido global: incremente su contador instantáneamente desde cualquier pantalla o aplicación usando una tecla de acceso rápido personalizada (la opción predeterminada es NumPad Plus) sin necesidad de cambiar el enfoque.
• Animaciones interactivas: presenta una animación de rebote de escala suave y efectos de brillo dinámicos en cada incremento.
• Controles de desplazamiento: los controles para cerrar y restablecer se desvanecen solo cuando pasa el cursor sobre el orbe, manteniendo la interfaz limpia y sin distracciones.
• Personalización sencilla: cambie el nivel global Tecla de acceso rápido fácilmente usando la superposición de configuración integrada.
• 100% sin conexión y privado: sin cuentas, sin recopilación de datos y sin necesidad de Internet. Su recuento se guarda localmente.","Modern Tasbeeh Tracker är ett elegant, minimalistiskt och lätt skrivbordsprogram designat för muslimer att spåra deras dagliga dhikr (minne) och tasbeeh sömlöst medan de arbetar på sin Windows-dator.

Nyckelfunktioner:
• Floating Orb UI: Ett vackert, halvtransparent cirkulärt fönster som anpassar sig till ditt övre fönster och anpassar sig till ditt övre fönster. orb synkroniseras automatiskt med Windows ljus/mörkt läge och färgar bakgrunden med din aktiva Windows-accentfärg för en sömlös skrivbordsupplevelse.
• Global snabbtangent: Öka din räknare direkt från vilken skärm eller applikation som helst med hjälp av en anpassad snabbtangent (standard är NumPad Plus) utan att behöva byta fokus.
• Interaktiva animationer: Har en jämn animeringsskala och dynamiska animeringar.
 Hover-kontroller: Stäng och återställ kontroller tonas in endast när du håller muspekaren över orben, vilket håller gränssnittet rent och distraktionsfritt.
• Enkel anpassning: Ändra den globala snabbtangenten enkelt med den integrerade inställningsöverlagringen.
• 100 % offline och privat: Inga konton, ingen datainsamling och inget internet krävs. Ditt antal sparas lokalt.","Modern Tasbeeh Tracker is a sleek, minimalist, and lightweight desktop application designed for Muslims to track their daily dhikr (remembrance) and tasbeeh seamlessly while working on their Windows PC.

Key Features:
• Floating Orb UI: A beautiful, semi-transparent circular window that stays topmost and adapts to your workflow.
• Adaptive Windows Integration: The orb automatically synchronizes with Windows light/dark mode and tints its background with your active Windows accent color for a seamless desktop experience.
• Global Hotkey: Increment your counter instantly from any screen or application using a custom hotkey (default is NumPad Plus) without needing to switch focus.
• Interactive Animations: Features a smooth scale bounce animation and dynamic glow effects on every increment.
• Hover Controls: Close and reset controls fade in only when you hover over the orb, keeping the interface clean and distraction-free.
• Easy Customization: Change the global hotkey easily using the integrated settings overlay.
• 100% Offline & Private: No accounts, no data collection, and no internet required. Your count is saved locally.","Modern Tasbeeh Tracker is a sleek, minimalist, and lightweight desktop application designed for Muslims to track their daily dhikr (remembrance) and tasbeeh seamlessly while working on their Windows PC.

Key Features:
• Floating Orb UI: A beautiful, semi-transparent circular window that stays topmost and adapts to your workflow.
• Adaptive Windows Integration: The orb automatically synchronizes with Windows light/dark mode and tints its background with your active Windows accent color for a seamless desktop experience.
• Global Hotkey: Increment your counter instantly from any screen or application using a custom hotkey (default is NumPad Plus) without needing to switch focus.
• Interactive Animations: Features a smooth scale bounce animation and dynamic glow effects on every increment.
• Hover Controls: Close and reset controls fade in only when you hover over the orb, keeping the interface clean and distraction-free.
• Easy Customization: Change the global hotkey easily using the integrated settings overlay.
• 100% Offline & Private: No accounts, no data collection, and no internet required. Your count is saved locally.","Modern Tasbeeh Tracker is a sleek, minimalist, and lightweight desktop application designed for Muslims to track their daily dhikr (remembrance) and tasbeeh seamlessly while working on their Windows PC.

Key Features:
• Floating Orb UI: A beautiful, semi-transparent circular window that stays topmost and adapts to your workflow.
• Adaptive Windows Integration: The orb automatically synchronizes with Windows light/dark mode and tints its background with your active Windows accent color for a seamless desktop experience.
• Global Hotkey: Increment your counter instantly from any screen or application using a custom hotkey (default is NumPad Plus) without needing to switch focus.
• Interactive Animations: Features a smooth scale bounce animation and dynamic glow effects on every increment.
• Hover Controls: Close and reset controls fade in only when you hover over the orb, keeping the interface clean and distraction-free.
• Easy Customization: Change the global hotkey easily using the integrated settings overlay.
• 100% Offline & Private: No accounts, no data collection, and no internet required. Your count is saved locally.","Modern Tasbeeh Tracker is a sleek, minimalist, and lightweight desktop application designed for Muslims to track their daily dhikr (remembrance) and tasbeeh seamlessly while working on their Windows PC.

Key Features:
• Floating Orb UI: A beautiful, semi-transparent circular window that stays topmost and adapts to your workflow.
• Adaptive Windows Integration: The orb automatically synchronizes with Windows light/dark mode and tints its background with your active Windows accent color for a seamless desktop experience.
• Global Hotkey: Increment your counter instantly from any screen or application using a custom hotkey (default is NumPad Plus) without needing to switch focus.
• Interactive Animations: Features a smooth scale bounce animation and dynamic glow effects on every increment.
• Hover Controls: Close and reset controls fade in only when you hover over the orb, keeping the interface clean and distraction-free.
• Easy Customization: Change the global hotkey easily using the integrated settings overlay.
• 100% Offline & Private: No accounts, no data collection, and no internet required. Your count is saved locally.","Modern Tasbeeh Tracker is a sleek, minimalist, and lightweight desktop application designed for Muslims to track their daily dhikr (remembrance) and tasbeeh seamlessly while working on their Windows PC.

Key Features:
• Floating Orb UI: A beautiful, semi-transparent circular window that stays topmost and adapts to your workflow.
• Adaptive Windows Integration: The orb automatically synchronizes with Windows light/dark mode and tints its background with your active Windows accent color for a seamless desktop experience.
• Global Hotkey: Increment your counter instantly from any screen or application using a custom hotkey (default is NumPad Plus) without needing to switch focus.
• Interactive Animations: Features a smooth scale bounce animation and dynamic glow effects on every increment.
• Hover Controls: Close and reset controls fade in only when you hover over the orb, keeping the interface clean and distraction-free.
• Easy Customization: Change the global hotkey easily using the integrated settings overlay.
• 100% Offline & Private: No accounts, no data collection, and no internet required. Your count is saved locally.","Modern Tasbeeh Tracker is a sleek, minimalist, and lightweight desktop application designed for Muslims to track their daily dhikr (remembrance) and tasbeeh seamlessly while working on their Windows PC.

Key Features:
• Floating Orb UI: A beautiful, semi-transparent circular window that stays topmost and adapts to your workflow.
• Adaptive Windows Integration: The orb automatically synchronizes with Windows light/dark mode and tints its background with your active Windows accent color for a seamless desktop experience.
• Global Hotkey: Increment your counter instantly from any screen or application using a custom hotkey (default is NumPad Plus) without needing to switch focus.
• Interactive Animations: Features a smooth scale bounce animation and dynamic glow effects on every increment.
• Hover Controls: Close and reset controls fade in only when you hover over the orb, keeping the interface clean and distraction-free.
• Easy Customization: Change the global hotkey easily using the integrated settings overlay.
• 100% Offline & Private: No accounts, no data collection, and no internet required. Your count is saved locally.","Modern Tasbeeh Tracker, Müslümanların Windows PC'lerinde çalışırken günlük zikirlerini (hatırlamalarını) ve tasbihlerini sorunsuz bir şekilde takip etmeleri için tasarlanmış şık, minimalist ve hafif bir masaüstü uygulamasıdır.

Temel Özellikler:
• Yüzen Küre Kullanıcı Arayüzü: En üstte kalan ve iş akışınıza uyum sağlayan güzel, yarı şeffaf dairesel bir pencere.
• Uyarlanabilir Windows Entegrasyonu: Küre, Windows ile otomatik olarak senkronize edilir. açık/koyu modu ve arka planını kusursuz bir masaüstü deneyimi için etkin Windows vurgu renginizle renklendirir.
• Genel Kısayol Tuşu: Herhangi bir ekrandan veya uygulamadan, odağı değiştirmenize gerek kalmadan özel bir kısayol tuşu (varsayılan olarak NumPad Plus'tır) kullanarak sayacınızı anında artırın.
• Etkileşimli Animasyonlar: Her artışta yumuşak ölçekli bir sıçrama animasyonu ve dinamik parlama efektleri içerir.
• Fareyle Üzerine Gelme Kontrolleri: Kapatma ve sıfırlama kontrolleri yalnızca kürenin üzerine geldiğinizde etkinleşir ve arayüzü temiz ve temiz tutar. dikkat dağıtmaz.
• Kolay Özelleştirme: Entegre ayarlar katmanını kullanarak genel kısayol tuşunu kolayca değiştirin.
• %100 Çevrimdışı ve Özel: Hesap yok, veri toplama yok ve internet gerekli değil. Sayımınız yerel olarak kaydedilir.","Modern Tasbeeh Tracker is a sleek, minimalist, and lightweight desktop application designed for Muslims to track their daily dhikr (remembrance) and tasbeeh seamlessly while working on their Windows PC.

Key Features:
• Floating Orb UI: A beautiful, semi-transparent circular window that stays topmost and adapts to your workflow.
• Adaptive Windows Integration: The orb automatically synchronizes with Windows light/dark mode and tints its background with your active Windows accent color for a seamless desktop experience.
• Global Hotkey: Increment your counter instantly from any screen or application using a custom hotkey (default is NumPad Plus) without needing to switch focus.
• Interactive Animations: Features a smooth scale bounce animation and dynamic glow effects on every increment.
• Hover Controls: Close and reset controls fade in only when you hover over the orb, keeping the interface clean and distraction-free.
• Easy Customization: Change the global hotkey easily using the integrated settings overlay.
• 100% Offline & Private: No accounts, no data collection, and no internet required. Your count is saved locally.","Modern Tasbeeh Tracker is a sleek, minimalist, and lightweight desktop application designed for Muslims to track their daily dhikr (remembrance) and tasbeeh seamlessly while working on their Windows PC.

Key Features:
• Floating Orb UI: A beautiful, semi-transparent circular window that stays topmost and adapts to your workflow.
• Adaptive Windows Integration: The orb automatically synchronizes with Windows light/dark mode and tints its background with your active Windows accent color for a seamless desktop experience.
• Global Hotkey: Increment your counter instantly from any screen or application using a custom hotkey (default is NumPad Plus) without needing to switch focus.
• Interactive Animations: Features a smooth scale bounce animation and dynamic glow effects on every increment.
• Hover Controls: Close and reset controls fade in only when you hover over the orb, keeping the interface clean and distraction-free.
• Easy Customization: Change the global hotkey easily using the integrated settings overlay.
• 100% Offline & Private: No accounts, no data collection, and no internet required. Your count is saved locally.","Modern Tasbeeh Tracker is a sleek, minimalist, and lightweight desktop application designed for Muslims to track their daily dhikr (remembrance) and tasbeeh seamlessly while working on their Windows PC.

Key Features:
• Floating Orb UI: A beautiful, semi-transparent circular window that stays topmost and adapts to your workflow.
• Adaptive Windows Integration: The orb automatically synchronizes with Windows light/dark mode and tints its background with your active Windows accent color for a seamless desktop experience.
• Global Hotkey: Increment your counter instantly from any screen or application using a custom hotkey (default is NumPad Plus) without needing to switch focus.
• Interactive Animations: Features a smooth scale bounce animation and dynamic glow effects on every increment.
• Hover Controls: Close and reset controls fade in only when you hover over the orb, keeping the interface clean and distraction-free.
• Easy Customization: Change the global hotkey easily using the integrated settings overlay.
• 100% Offline & Private: No accounts, no data collection, and no internet required. Your count is saved locally.","Modern Tasbeeh Tracker is a sleek, minimalist, and lightweight desktop application designed for Muslims to track their daily dhikr (remembrance) and tasbeeh seamlessly while working on their Windows PC.

Key Features:
• Floating Orb UI: A beautiful, semi-transparent circular window that stays topmost and adapts to your workflow.
• Adaptive Windows Integration: The orb automatically synchronizes with Windows light/dark mode and tints its background with your active Windows accent color for a seamless desktop experience.
• Global Hotkey: Increment your counter instantly from any screen or application using a custom hotkey (default is NumPad Plus) without needing to switch focus.
• Interactive Animations: Features a smooth scale bounce animation and dynamic glow effects on every increment.
• Hover Controls: Close and reset controls fade in only when you hover over the orb, keeping the interface clean and distraction-free.
• Easy Customization: Change the global hotkey easily using the integrated settings overlay.
• 100% Offline & Private: No accounts, no data collection, and no internet required. Your count is saved locally.","Modern Tasbeeh Tracker is a sleek, minimalist, and lightweight desktop application designed for Muslims to track their daily dhikr (remembrance) and tasbeeh seamlessly while working on their Windows PC.

Key Features:
• Floating Orb UI: A beautiful, semi-transparent circular window that stays topmost and adapts to your workflow.
• Adaptive Windows Integration: The orb automatically synchronizes with Windows light/dark mode and tints its background with your active Windows accent color for a seamless desktop experience.
• Global Hotkey: Increment your counter instantly from any screen or application using a custom hotkey (default is NumPad Plus) without needing to switch focus.
• Interactive Animations: Features a smooth scale bounce animation and dynamic glow effects on every increment.
• Hover Controls: Close and reset controls fade in only when you hover over the orb, keeping the interface clean and distraction-free.
• Easy Customization: Change the global hotkey easily using the integrated settings overlay.
• 100% Offline & Private: No accounts, no data collection, and no internet required. Your count is saved locally."
ReleaseNotes,3,Text,"Initial release of Modern Tasbeeh Tracker. Includes floating orb design, global hotkeys, Windows theme sync, and accent color adaptation.","Initial release of Modern Tasbeeh Tracker. Includes floating orb design, global hotkeys, Windows theme sync, and accent color adaptation.","Lëshimi fillestar i Modern Tasbeeh Tracker. Përfshin dizajnin e rruzullit lundrues, çelësat kryesorë globalë, sinkronizimin e temës së Windows dhe përshtatjen e ngjyrave të theksuara.",الإصدار الأولي لمتتبع التسبيح الحديث. يتضمن تصميم الجرم السماوي العائم، ومفاتيح التشغيل السريع العالمية، ومزامنة سمات Windows، وتكييف الألوان المميزة.,"Aanvanklike vrystelling van Modern Tasbeeh Tracker. Sluit swewende bol-ontwerp, globale sneltoetse, Windows-temasinkronisering en aksentkleuraanpassing in.","মডাৰ্ণ তছবিহ ট্ৰেকাৰৰ প্ৰাৰম্ভিক মুক্তি। ভাসমান অৰ্ব ডিজাইন, গ্লোবেল হটকি, উইণ্ড'জ থিম ছিংক, আৰু উচ্চাৰণ ৰঙৰ অভিযোজন অন্তৰ্ভুক্ত কৰে।",የዘመናዊ Tasbeeh Tracker የመጀመሪያ ልቀት። ተንሳፋፊ ኦርብ ዲዛይን፣ ዓለም አቀፍ ሙቅ ቁልፎች፣ የዊንዶው ገጽታ ማመሳሰል እና የአነጋገር ቀለም መላመድን ያካትታል።,"Modern Tasbeeh Tracker-ի նախնական թողարկումը: Ներառում է լողացող գունդի ձևավորում, գլոբալ թեժ ստեղներ, Windows-ի թեմայի համաժամացում և շեշտադրման գույնի հարմարեցում:","Modern Tasbeeh Tracker-in ilkin buraxılışı. Üzən kürə dizaynı, qlobal isti düymələr, Windows mövzu sinxronizasiyası və vurğu rəng uyğunlaşması daxildir.","আধুনিক তাসবীহ ট্র্যাকারের প্রাথমিক প্রকাশ। ফ্লোটিং অর্ব ডিজাইন, গ্লোবাল হটকি, উইন্ডোজ থিম সিঙ্ক এবং অ্যাকসেন্ট কালার অ্যাডাপ্টেশন অন্তর্ভুক্ত।","Modern Tasbeeh Tracker-en hasierako bertsioa. Orbe mugikorren diseinua, laster-tekla globalak, Windows gaiaren sinkronizazioa eta azentu kolorearen egokitzapena ditu.","Першапачатковы выпуск Modern Tasbeeh Tracker. Уключае дызайн плывучай сферы, глабальныя гарачыя клавішы, сінхранізацыю тэмы Windows і адаптацыю акцэнтнага колеру.","Prvobitno izdanje Modern Tasbeeh Tracker. Uključuje dizajn plutajuće kugle, globalne prečice, sinhronizaciju Windows tema i prilagođavanje boja naglaska.","Първоначално издание на Modern Tasbeeh Tracker. Включва дизайн на плаваща сфера, глобални бързи клавиши, синхронизиране на теми на Windows и адаптиране на цвета на акцента.","Version initiale de Modern Tasbeeh Tracker. Comprend une conception d'orbe flottant, des raccourcis clavier globaux, la synchronisation du thème Windows et l'adaptation des couleurs d'accent.","Llançament inicial de Modern Tasbeeh Tracker. Inclou disseny d'orbe flotant, tecles d'accés ràpid global, sincronització de temes de Windows i adaptació del color d'accent.","Initial release of Modern Tasbeeh Tracker. Includes floating orb design, global hotkeys, Windows theme sync, and accent color adaptation.",现代 Tasbeeh 跟踪器的初始版本。包括浮动球体设计、全局热键、Windows 主题同步和强调色适应。,"Prvo izdanje Modern Tasbeeh Trackera. Uključuje dizajn plutajuće kugle, globalne prečace, sinkronizaciju Windows tema i prilagodbu boja akcenta.","První vydání Modern Tasbeeh Tracker. Zahrnuje design plovoucí koule, globální klávesové zkratky, synchronizaci motivu Windows a přizpůsobení barev zvýraznění.","Første udgivelse af Modern Tasbeeh Tracker. Indeholder flydende kugledesign, globale genvejstaster, Windows-temasynkronisering og accentfarvetilpasning.",انتشار اولیه ردیاب مدرن تسبیح. شامل طراحی گوی شناور، کلیدهای میانبر سراسری، همگام سازی تم ویندوز و تطبیق رنگ تاکیدی است.,"Eerste release van Modern Tasbeeh Tracker. Inclusief zwevend bolontwerp, globale sneltoetsen, Windows-themasynchronisatie en aanpassing van accentkleuren.","Initial release of Modern Tasbeeh Tracker. Includes floating orb design, global hotkeys, Windows theme sync, and accent color adaptation.","Modern Tasbeeh Trackeri esialgne väljalase. Sisaldab ujuva orbi kujundust, globaalseid kiirklahve, Windowsi teema sünkroonimist ja aktsentvärvide kohandamist.","Paunang paglabas ng Modern Tasbeeh Tracker. May kasamang floating orb na disenyo, global hotkey, Windows theme sync, at accent color adaptation.","Modern Tasbeeh Trackerin ensimmäinen julkaisu. Sisältää kelluvan orb-suunnittelun, globaalit pikanäppäimet, Windows-teeman synkronoinnin ja korostusvärien mukautuksen.","Version initiale de Modern Tasbeeh Tracker. Comprend une conception d'orbe flottant, des raccourcis clavier globaux, la synchronisation du thème Windows et l'adaptation des couleurs d'accent.","Version initiale de Modern Tasbeeh Tracker. Comprend une conception d'orbe flottant, des raccourcis clavier globaux, la synchronisation du thème Windows et l'adaptation des couleurs d'accent.","Lanzamento inicial de Modern Tasbeeh Tracker. Inclúe deseño de orbe flotante, teclas de acceso rápido globais, sincronización de temas de Windows e adaptación de cores de acento.","Modern Tasbeeh Tracker-ის საწყისი გამოშვება. მოყვება მცურავი ორბის დიზაინი, გლობალური ცხელი კლავიშები, Windows თემის სინქრონიზაცია და აქცენტის ფერის ადაპტაცია.","Erstveröffentlichung von Modern Tasbeeh Tracker. Beinhaltet schwebendes Kugeldesign, globale Hotkeys, Windows-Designsynchronisierung und Anpassung der Akzentfarbe.","Αρχική κυκλοφορία του Modern Tasbeeh Tracker. Περιλαμβάνει σχεδίαση αιωρούμενης σφαίρας, καθολικά πλήκτρα πρόσβασης, συγχρονισμό θεμάτων των Windows και προσαρμογή χρώματος έμφασης.","આધુનિક તસ્બીહ ટ્રેકરનું પ્રારંભિક પ્રકાશન. ફ્લોટિંગ ઓર્બ ડિઝાઇન, ગ્લોબલ હોટકી, વિન્ડોઝ થીમ સિંક અને એક્સેંટ કલર અનુકૂલનનો સમાવેશ કરે છે.","Farkon sakin Tasbeeh Tracker na Zamani. Ya haɗa da ƙirar orb masu iyo, maɓallan zafi na duniya, daidaita jigon Windows, da daidaita launi.","מהדורה ראשונית של Modern Tasbeeh Tracker. כולל עיצוב כדור צף, מקשי קיצור גלובליים, סנכרון ערכת נושא של Windows והתאמת צבע מבטא.","मॉडर्न तस्बीह ट्रैकर की प्रारंभिक रिलीज़। इसमें फ्लोटिंग ऑर्ब डिज़ाइन, ग्लोबल हॉटकीज़, विंडोज़ थीम सिंक और एक्सेंट रंग अनुकूलन शामिल हैं।","A Modern Tasbeeh Tracker kezdeti kiadása. Tartalmazza a lebegő gömb kialakítását, a globális gyorsbillentyűket, a Windows-téma szinkronizálását és a kiemelő színek adaptálását.","Upphafleg útgáfa af Modern Tasbeeh Tracker. Inniheldur fljótandi kúluhönnun, alþjóðlega flýtilykla, Windows þemasamstillingu og aðlögun hreimslita.","Mwepụta izizi nke Modern Tasbeeh Tracker. Gụnyere imewe orb na-ese n'elu mmiri, igodo ọkụ zuru ụwa ọnụ, mmekọrịta isiokwu Windows, na mmegharị ụda olu.","Rilis awal Pelacak Tasbih Modern. Termasuk desain bola mengambang, hotkey global, sinkronisasi tema Windows, dan adaptasi warna aksen.","Initial release of Modern Tasbeeh Tracker. Includes floating orb design, global hotkeys, Windows theme sync, and accent color adaptation.","Eisiúint tosaigh de Rianaire Tasbeeh Nua-Aimseartha. Áirítear leis dearadh orb ar snámh, eochracha domhanda, info téama Windows, agus oiriúnú dath blas.","Ukukhutshwa kokuqala kwe-Modern Tasbeeh Tracker. Ibandakanya uyilo lwe-orb edadayo, iihotkeys zehlabathi, ungqamaniso lwemixholo yeWindows, kunye nohlengahlengiso lombala we-accent.","Ukukhishwa kokuqala kwe-Modern Tasbeeh Tracker. Kufaka phakathi idizayini ye-orb entantayo, okhiye bomhlaba wonke, ukuvumelanisa kwetimu ye-Windows, nokuvumelana nombala we-accent.","Versione iniziale di Modern Tasbeeh Tracker. Include il design della sfera mobile, i tasti di scelta rapida globali, la sincronizzazione dei temi di Windows e l'adattamento dei colori accentati.",Modern Tasbeeh Tracker の初期リリース。フローティング オーブ デザイン、グローバル ホットキー、Windows テーマの同期、およびアクセント カラーの適応が含まれます。,"ಮಾಡರ್ನ್ ತಸ್ಬೀಹ್ ಟ್ರ್ಯಾಕರ್‌ನ ಆರಂಭಿಕ ಬಿಡುಗಡೆ. ಫ್ಲೋಟಿಂಗ್ ಆರ್ಬ್ ವಿನ್ಯಾಸ, ಜಾಗತಿಕ ಹಾಟ್‌ಕೀಗಳು, ವಿಂಡೋಸ್ ಥೀಮ್ ಸಿಂಕ್ ಮತ್ತು ಉಚ್ಚಾರಣಾ ಬಣ್ಣ ರೂಪಾಂತರವನ್ನು ಒಳಗೊಂಡಿದೆ.","Modern Tasbeeh Tracker бастапқы шығарылымы. Қалқымалы орб дизайнын, жаһандық жылдам пернелерді, Windows тақырыбын синхрондауды және екпін түс бейімдеуін қамтиды.","ការចេញផ្សាយដំបូងរបស់ Modern Tasbeeh Tracker ។ រួម​បញ្ចូល​ទាំង​ការ​រចនា​គន្លង​អណ្តែត​ទឹក, គ្រាប់ចុច​សកល, សមកាលកម្ម​ស្បែក​របស់ Windows, និង​ការ​សម្រប​សម្រួល​ពណ៌​សង្កត់សំឡេង។","Lanzamiento inicial de Modern Tasbeeh Tracker. Incluye diseño de orbe flotante, teclas de acceso rápido globales, sincronización de temas de Windows y adaptación de colores de acento.","Initial release of Modern Tasbeeh Tracker. Includes floating orb design, global hotkeys, Windows theme sync, and accent color adaptation.","Initial release of Modern Tasbeeh Tracker. Includes floating orb design, global hotkeys, Windows theme sync, and accent color adaptation.","Initial release of Modern Tasbeeh Tracker. Includes floating orb design, global hotkeys, Windows theme sync, and accent color adaptation.","Modern Tasbeeh Tracker의 최초 출시. 플로팅 오브 디자인, 글로벌 단축키, Windows 테마 동기화 및 강조 색상 적용이 포함됩니다.","Initial release of Modern Tasbeeh Tracker. Includes floating orb design, global hotkeys, Windows theme sync, and accent color adaptation.","Initial release of Modern Tasbeeh Tracker. Includes floating orb design, global hotkeys, Windows theme sync, and accent color adaptation.","Initial release of Modern Tasbeeh Tracker. Includes floating orb design, global hotkeys, Windows theme sync, and accent color adaptation.","Initial release of Modern Tasbeeh Tracker. Includes floating orb design, global hotkeys, Windows theme sync, and accent color adaptation.","Initial release of Modern Tasbeeh Tracker. Includes floating orb design, global hotkeys, Windows theme sync, and accent color adaptation.","Initial release of Modern Tasbeeh Tracker. Includes floating orb design, global hotkeys, Windows theme sync, and accent color adaptation.","Initial release of Modern Tasbeeh Tracker. Includes floating orb design, global hotkeys, Windows theme sync, and accent color adaptation.","Initial release of Modern Tasbeeh Tracker. Includes floating orb design, global hotkeys, Windows theme sync, and accent color adaptation.","Initial release of Modern Tasbeeh Tracker. Includes floating orb design, global hotkeys, Windows theme sync, and accent color adaptation.","Initial release of Modern Tasbeeh Tracker. Includes floating orb design, global hotkeys, Windows theme sync, and accent color adaptation.","Initial release of Modern Tasbeeh Tracker. Includes floating orb design, global hotkeys, Windows theme sync, and accent color adaptation.","Initial release of Modern Tasbeeh Tracker. Includes floating orb design, global hotkeys, Windows theme sync, and accent color adaptation.","Initial release of Modern Tasbeeh Tracker. Includes floating orb design, global hotkeys, Windows theme sync, and accent color adaptation.","Initial release of Modern Tasbeeh Tracker. Includes floating orb design, global hotkeys, Windows theme sync, and accent color adaptation.","Initial release of Modern Tasbeeh Tracker. Includes floating orb design, global hotkeys, Windows theme sync, and accent color adaptation.","Initial release of Modern Tasbeeh Tracker. Includes floating orb design, global hotkeys, Windows theme sync, and accent color adaptation.","Initial release of Modern Tasbeeh Tracker. Includes floating orb design, global hotkeys, Windows theme sync, and accent color adaptation.","Initial release of Modern Tasbeeh Tracker. Includes floating orb design, global hotkeys, Windows theme sync, and accent color adaptation.","Pierwsze wydanie Modern Tasbeeh Tracker. Obejmuje projekt pływającej kuli, globalne skróty klawiszowe, synchronizację motywów systemu Windows i adaptację kolorów akcentów.","Lançamento inicial do Modern Tasbeeh Tracker. Inclui design de orbe flutuante, teclas de atalho globais, sincronização de temas do Windows e adaptação de cores de destaque.","Initial release of Modern Tasbeeh Tracker. Includes floating orb design, global hotkeys, Windows theme sync, and accent color adaptation.","Initial release of Modern Tasbeeh Tracker. Includes floating orb design, global hotkeys, Windows theme sync, and accent color adaptation.","Initial release of Modern Tasbeeh Tracker. Includes floating orb design, global hotkeys, Windows theme sync, and accent color adaptation.","Первоначальная версия Modern Tasbeeh Tracker. Включает дизайн плавающего шара, глобальные горячие клавиши, синхронизацию тем Windows и адаптацию акцентного цвета.","Initial release of Modern Tasbeeh Tracker. Includes floating orb design, global hotkeys, Windows theme sync, and accent color adaptation.","Initial release of Modern Tasbeeh Tracker. Includes floating orb design, global hotkeys, Windows theme sync, and accent color adaptation.","Initial release of Modern Tasbeeh Tracker. Includes floating orb design, global hotkeys, Windows theme sync, and accent color adaptation.","Initial release of Modern Tasbeeh Tracker. Includes floating orb design, global hotkeys, Windows theme sync, and accent color adaptation.","Initial release of Modern Tasbeeh Tracker. Includes floating orb design, global hotkeys, Windows theme sync, and accent color adaptation.","Initial release of Modern Tasbeeh Tracker. Includes floating orb design, global hotkeys, Windows theme sync, and accent color adaptation.","Initial release of Modern Tasbeeh Tracker. Includes floating orb design, global hotkeys, Windows theme sync, and accent color adaptation.","Initial release of Modern Tasbeeh Tracker. Includes floating orb design, global hotkeys, Windows theme sync, and accent color adaptation.","Lanzamiento inicial de Modern Tasbeeh Tracker. Incluye diseño de orbe flotante, teclas de acceso rápido globales, sincronización de temas de Windows y adaptación de colores de acento.","Initial release av Modern Tasbeeh Tracker. Inkluderar flytande orb-design, globala snabbtangenter, Windows-temasynkronisering och accentfärganpassning.","Initial release of Modern Tasbeeh Tracker. Includes floating orb design, global hotkeys, Windows theme sync, and accent color adaptation.","Initial release of Modern Tasbeeh Tracker. Includes floating orb design, global hotkeys, Windows theme sync, and accent color adaptation.","Initial release of Modern Tasbeeh Tracker. Includes floating orb design, global hotkeys, Windows theme sync, and accent color adaptation.","Initial release of Modern Tasbeeh Tracker. Includes floating orb design, global hotkeys, Windows theme sync, and accent color adaptation.","Initial release of Modern Tasbeeh Tracker. Includes floating orb design, global hotkeys, Windows theme sync, and accent color adaptation.","Initial release of Modern Tasbeeh Tracker. Includes floating orb design, global hotkeys, Windows theme sync, and accent color adaptation.","Modern Tasbeeh Tracker'ın ilk sürümü. Kayan küre tasarımı, genel kısayol tuşları, Windows tema senkronizasyonu ve vurgu rengi uyarlamasını içerir.","Initial release of Modern Tasbeeh Tracker. Includes floating orb design, global hotkeys, Windows theme sync, and accent color adaptation.","Initial release of Modern Tasbeeh Tracker. Includes floating orb design, global hotkeys, Windows theme sync, and accent color adaptation.","Initial release of Modern Tasbeeh Tracker. Includes floating orb design, global hotkeys, Windows theme sync, and accent color adaptation.","Initial release of Modern Tasbeeh Tracker. Includes floating orb design, global hotkeys, Windows theme sync, and accent color adaptation.","Initial release of Modern Tasbeeh Tracker. Includes floating orb design, global hotkeys, Windows theme sync, and accent color adaptation."
Title,4,Text,Modern Tasbeeh Tracker,Modern Tasbeeh Tracker,Modern Tasbeeh Tracker,Modern Tasbeeh Tracker,Modern Tasbeeh Tracker,Modern Tasbeeh Tracker,Modern Tasbeeh Tracker,Modern Tasbeeh Tracker,Modern Tasbeeh Tracker,Modern Tasbeeh Tracker,Modern Tasbeeh Tracker,Modern Tasbeeh Tracker,Modern Tasbeeh Tracker,Modern Tasbeeh Tracker,Modern Tasbeeh Tracker,Modern Tasbeeh Tracker,Modern Tasbeeh Tracker,Modern Tasbeeh Tracker,Modern Tasbeeh Tracker,Modern Tasbeeh Tracker,Modern Tasbeeh Tracker,Modern Tasbeeh Tracker,Modern Tasbeeh Tracker,Modern Tasbeeh Tracker,Modern Tasbeeh Tracker,Modern Tasbeeh Tracker,Modern Tasbeeh Tracker,Modern Tasbeeh Tracker,Modern Tasbeeh Tracker,Modern Tasbeeh Tracker,Modern Tasbeeh Tracker,Modern Tasbeeh Tracker,Modern Tasbeeh Tracker,Modern Tasbeeh Tracker,Modern Tasbeeh Tracker,Modern Tasbeeh Tracker,Modern Tasbeeh Tracker,Modern Tasbeeh Tracker,Modern Tasbeeh Tracker,Modern Tasbeeh Tracker,Modern Tasbeeh Tracker,Modern Tasbeeh Tracker,Modern Tasbeeh Tracker,Modern Tasbeeh Tracker,Modern Tasbeeh Tracker,Modern Tasbeeh Tracker,Modern Tasbeeh Tracker,Modern Tasbeeh Tracker,Modern Tasbeeh Tracker,Modern Tasbeeh Tracker,Modern Tasbeeh Tracker,Modern Tasbeeh Tracker,Modern Tasbeeh Tracker,Modern Tasbeeh Tracker,Modern Tasbeeh Tracker,Modern Tasbeeh Tracker,Modern Tasbeeh Tracker,Modern Tasbeeh Tracker,Modern Tasbeeh Tracker,Modern Tasbeeh Tracker,Modern Tasbeeh Tracker,Modern Tasbeeh Tracker,Modern Tasbeeh Tracker,Modern Tasbeeh Tracker,Modern Tasbeeh Tracker,Modern Tasbeeh Tracker,Modern Tasbeeh Tracker,Modern Tasbeeh Tracker,Modern Tasbeeh Tracker,Modern Tasbeeh Tracker,Modern Tasbeeh Tracker,Modern Tasbeeh Tracker,Modern Tasbeeh Tracker,Modern Tasbeeh Tracker,Modern Tasbeeh Tracker,Modern Tasbeeh Tracker,Modern Tasbeeh Tracker,Modern Tasbeeh Tracker,Modern Tasbeeh Tracker,Modern Tasbeeh Tracker,Modern Tasbeeh Tracker,Modern Tasbeeh Tracker,Modern Tasbeeh Tracker,Modern Tasbeeh Tracker,Modern Tasbeeh Tracker,Modern Tasbeeh Tracker,Modern Tasbeeh Tracker,Modern Tasbeeh Tracker,Modern Tasbeeh Tracker,Modern Tasbeeh Tracker,Modern Tasbeeh Tracker,Modern Tasbeeh Tracker,Modern Tasbeeh Tracker,Modern Tasbeeh Tracker,Modern Tasbeeh Tracker,Modern Tasbeeh Tracker,Modern Tasbeeh Tracker,Modern Tasbeeh Tracker,Modern Tasbeeh Tracker,Modern Tasbeeh Tracker,Modern Tasbeeh Tracker
ShortTitle,5,Text,Tasbeeh Tracker,Tasbeeh Tracker,Tasbeeh Tracker,Tasbeeh Tracker,Tasbeeh Tracker,Tasbeeh Tracker,Tasbeeh Tracker,Tasbeeh Tracker,Tasbeeh Tracker,Tasbeeh Tracker,Tasbeeh Tracker,Tasbeeh Tracker,Tasbeeh Tracker,Tasbeeh Tracker,Tasbeeh Tracker,Tasbeeh Tracker,Tasbeeh Tracker,Tasbeeh Tracker,Tasbeeh Tracker,Tasbeeh Tracker,Tasbeeh Tracker,Tasbeeh Tracker,Tasbeeh Tracker,Tasbeeh Tracker,Tasbeeh Tracker,Tasbeeh Tracker,Tasbeeh Tracker,Tasbeeh Tracker,Tasbeeh Tracker,Tasbeeh Tracker,Tasbeeh Tracker,Tasbeeh Tracker,Tasbeeh Tracker,Tasbeeh Tracker,Tasbeeh Tracker,Tasbeeh Tracker,Tasbeeh Tracker,Tasbeeh Tracker,Tasbeeh Tracker,Tasbeeh Tracker,Tasbeeh Tracker,Tasbeeh Tracker,Tasbeeh Tracker,Tasbeeh Tracker,Tasbeeh Tracker,Tasbeeh Tracker,Tasbeeh Tracker,Tasbeeh Tracker,Tasbeeh Tracker,Tasbeeh Tracker,Tasbeeh Tracker,Tasbeeh Tracker,Tasbeeh Tracker,Tasbeeh Tracker,Tasbeeh Tracker,Tasbeeh Tracker,Tasbeeh Tracker,Tasbeeh Tracker,Tasbeeh Tracker,Tasbeeh Tracker,Tasbeeh Tracker,Tasbeeh Tracker,Tasbeeh Tracker,Tasbeeh Tracker,Tasbeeh Tracker,Tasbeeh Tracker,Tasbeeh Tracker,Tasbeeh Tracker,Tasbeeh Tracker,Tasbeeh Tracker,Tasbeeh Tracker,Tasbeeh Tracker,Tasbeeh Tracker,Tasbeeh Tracker,Tasbeeh Tracker,Tasbeeh Tracker,Tasbeeh Tracker,Tasbeeh Tracker,Tasbeeh Tracker,Tasbeeh Tracker,Tasbeeh Tracker,Tasbeeh Tracker,Tasbeeh Tracker,Tasbeeh Tracker,Tasbeeh Tracker,Tasbeeh Tracker,Tasbeeh Tracker,Tasbeeh Tracker,Tasbeeh Tracker,Tasbeeh Tracker,Tasbeeh Tracker,Tasbeeh Tracker,Tasbeeh Tracker,Tasbeeh Tracker,Tasbeeh Tracker,Tasbeeh Tracker,Tasbeeh Tracker,Tasbeeh Tracker,Tasbeeh Tracker,Tasbeeh Tracker,Tasbeeh Tracker
SortTitle,6,Text,Modern Tasbeeh Tracker,Modern Tasbeeh Tracker,Modern Tasbeeh Tracker,Modern Tasbeeh Tracker,Modern Tasbeeh Tracker,Modern Tasbeeh Tracker,Modern Tasbeeh Tracker,Modern Tasbeeh Tracker,Modern Tasbeeh Tracker,Modern Tasbeeh Tracker,Modern Tasbeeh Tracker,Modern Tasbeeh Tracker,Modern Tasbeeh Tracker,Modern Tasbeeh Tracker,Modern Tasbeeh Tracker,Modern Tasbeeh Tracker,Modern Tasbeeh Tracker,Modern Tasbeeh Tracker,Modern Tasbeeh Tracker,Modern Tasbeeh Tracker,Modern Tasbeeh Tracker,Modern Tasbeeh Tracker,Modern Tasbeeh Tracker,Modern Tasbeeh Tracker,Modern Tasbeeh Tracker,Modern Tasbeeh Tracker,Modern Tasbeeh Tracker,Modern Tasbeeh Tracker,Modern Tasbeeh Tracker,Modern Tasbeeh Tracker,Modern Tasbeeh Tracker,Modern Tasbeeh Tracker,Modern Tasbeeh Tracker,Modern Tasbeeh Tracker,Modern Tasbeeh Tracker,Modern Tasbeeh Tracker,Modern Tasbeeh Tracker,Modern Tasbeeh Tracker,Modern Tasbeeh Tracker,Modern Tasbeeh Tracker,Modern Tasbeeh Tracker,Modern Tasbeeh Tracker,Modern Tasbeeh Tracker,Modern Tasbeeh Tracker,Modern Tasbeeh Tracker,Modern Tasbeeh Tracker,Modern Tasbeeh Tracker,Modern Tasbeeh Tracker,Modern Tasbeeh Tracker,Modern Tasbeeh Tracker,Modern Tasbeeh Tracker,Modern Tasbeeh Tracker,Modern Tasbeeh Tracker,Modern Tasbeeh Tracker,Modern Tasbeeh Tracker,Modern Tasbeeh Tracker,Modern Tasbeeh Tracker,Modern Tasbeeh Tracker,Modern Tasbeeh Tracker,Modern Tasbeeh Tracker,Modern Tasbeeh Tracker,Modern Tasbeeh Tracker,Modern Tasbeeh Tracker,Modern Tasbeeh Tracker,Modern Tasbeeh Tracker,Modern Tasbeeh Tracker,Modern Tasbeeh Tracker,Modern Tasbeeh Tracker,Modern Tasbeeh Tracker,Modern Tasbeeh Tracker,Modern Tasbeeh Tracker,Modern Tasbeeh Tracker,Modern Tasbeeh Tracker,Modern Tasbeeh Tracker,Modern Tasbeeh Tracker,Modern Tasbeeh Tracker,Modern Tasbeeh Tracker,Modern Tasbeeh Tracker,Modern Tasbeeh Tracker,Modern Tasbeeh Tracker,Modern Tasbeeh Tracker,Modern Tasbeeh Tracker,Modern Tasbeeh Tracker,Modern Tasbeeh Tracker,Modern Tasbeeh Tracker,Modern Tasbeeh Tracker,Modern Tasbeeh Tracker,Modern Tasbeeh Tracker,Modern Tasbeeh Tracker,Modern Tasbeeh Tracker,Modern Tasbeeh Tracker,Modern Tasbeeh Tracker,Modern Tasbeeh Tracker,Modern Tasbeeh Tracker,Modern Tasbeeh Tracker,Modern Tasbeeh Tracker,Modern Tasbeeh Tracker,Modern Tasbeeh Tracker,Modern Tasbeeh Tracker,Modern Tasbeeh Tracker,Modern Tasbeeh Tracker
VoiceTitle,7,Text,Modern Tasbeeh Tracker,Modern Tasbeeh Tracker,Modern Tasbeeh Tracker,Modern Tasbeeh Tracker,Modern Tasbeeh Tracker,Modern Tasbeeh Tracker,Modern Tasbeeh Tracker,Modern Tasbeeh Tracker,Modern Tasbeeh Tracker,Modern Tasbeeh Tracker,Modern Tasbeeh Tracker,Modern Tasbeeh Tracker,Modern Tasbeeh Tracker,Modern Tasbeeh Tracker,Modern Tasbeeh Tracker,Modern Tasbeeh Tracker,Modern Tasbeeh Tracker,Modern Tasbeeh Tracker,Modern Tasbeeh Tracker,Modern Tasbeeh Tracker,Modern Tasbeeh Tracker,Modern Tasbeeh Tracker,Modern Tasbeeh Tracker,Modern Tasbeeh Tracker,Modern Tasbeeh Tracker,Modern Tasbeeh Tracker,Modern Tasbeeh Tracker,Modern Tasbeeh Tracker,Modern Tasbeeh Tracker,Modern Tasbeeh Tracker,Modern Tasbeeh Tracker,Modern Tasbeeh Tracker,Modern Tasbeeh Tracker,Modern Tasbeeh Tracker,Modern Tasbeeh Tracker,Modern Tasbeeh Tracker,Modern Tasbeeh Tracker,Modern Tasbeeh Tracker,Modern Tasbeeh Tracker,Modern Tasbeeh Tracker,Modern Tasbeeh Tracker,Modern Tasbeeh Tracker,Modern Tasbeeh Tracker,Modern Tasbeeh Tracker,Modern Tasbeeh Tracker,Modern Tasbeeh Tracker,Modern Tasbeeh Tracker,Modern Tasbeeh Tracker,Modern Tasbeeh Tracker,Modern Tasbeeh Tracker,Modern Tasbeeh Tracker,Modern Tasbeeh Tracker,Modern Tasbeeh Tracker,Modern Tasbeeh Tracker,Modern Tasbeeh Tracker,Modern Tasbeeh Tracker,Modern Tasbeeh Tracker,Modern Tasbeeh Tracker,Modern Tasbeeh Tracker,Modern Tasbeeh Tracker,Modern Tasbeeh Tracker,Modern Tasbeeh Tracker,Modern Tasbeeh Tracker,Modern Tasbeeh Tracker,Modern Tasbeeh Tracker,Modern Tasbeeh Tracker,Modern Tasbeeh Tracker,Modern Tasbeeh Tracker,Modern Tasbeeh Tracker,Modern Tasbeeh Tracker,Modern Tasbeeh Tracker,Modern Tasbeeh Tracker,Modern Tasbeeh Tracker,Modern Tasbeeh Tracker,Modern Tasbeeh Tracker,Modern Tasbeeh Tracker,Modern Tasbeeh Tracker,Modern Tasbeeh Tracker,Modern Tasbeeh Tracker,Modern Tasbeeh Tracker,Modern Tasbeeh Tracker,Modern Tasbeeh Tracker,Modern Tasbeeh Tracker,Modern Tasbeeh Tracker,Modern Tasbeeh Tracker,Modern Tasbeeh Tracker,Modern Tasbeeh Tracker,Modern Tasbeeh Tracker,Modern Tasbeeh Tracker,Modern Tasbeeh Tracker,Modern Tasbeeh Tracker,Modern Tasbeeh Tracker,Modern Tasbeeh Tracker,Modern Tasbeeh Tracker,Modern Tasbeeh Tracker,Modern Tasbeeh Tracker,Modern Tasbeeh Tracker,Modern Tasbeeh Tracker,Modern Tasbeeh Tracker,Modern Tasbeeh Tracker,Modern Tasbeeh Tracker
ShortDescription,8,Text,"Sleek, transparent floating Tasbeeh Counter","Sleek, transparent floating Tasbeeh Counter","Tasbeeh Counter lundrues i hijshëm, transparent",عداد التسبيح العائم الأنيق والشفاف,"Slanke, deursigtige drywende Tasbeeh-toonbank","চিকন, স্বচ্ছ ভাসমান Tasbeeh কাউণ্টাৰ",ለስላሳ፣ ግልጽነት ያለው ተንሳፋፊ Tasbeeh Counter,"Նրբագեղ, թափանցիկ լողացող Tasbeeh Counter","Parlaq, şəffaf üzən Tasbeeh Sayğacı","মসৃণ, স্বচ্ছ ভাসমান তাসবীহ কাউন্টার",Tasbeeh Counter flotagarri dotorea eta gardena,"Элегантны, празрысты плывучы лічыльнік тасбіх","Elegantan, proziran plutajući Tasbeeh Counter","Елегантен, прозрачен плаващ брояч Tasbeeh",Compteur Tasbeeh flottant élégant et transparent,Taulell Tasbeeh flotant elegant i transparent,"Sleek, transparent floating Tasbeeh Counter",时尚、透明的浮动 Tasbeeh 计数器,"Elegantan, proziran plutajući tasbeeh brojač","Elegantní, průhledný plovoucí pult Tasbeeh","Slank, gennemsigtig flydende Tasbeeh-tæller",تسبیح کانتر شناور براق و شفاف,"Strakke, transparante zwevende Tasbeeh-teller","Sleek, transparent floating Tasbeeh Counter","Stiilne, läbipaistev ujuv Tasbeeh loendur","Makintab, transparent na lumulutang na Tasbeeh Counter","Tyylikäs, läpinäkyvä kelluva Tasbeeh-laskuri",Compteur Tasbeeh flottant élégant et transparent,Compteur Tasbeeh flottant élégant et transparent,Mostrador Tasbeeh flotante elegante e transparente,"გლუვი, გამჭვირვალე მცურავი Tasbeeh Counter","Schlanker, transparenter, schwebender Tasbeeh-Zähler","Κομψός, διαφανής πλωτός πάγκος Tasbeeh","આકર્ષક, પારદર્શક તરતી તસ્બીહ કાઉન્ટર","Sleek, Madaidaicin Tasbeeh Counter",דלפק טסבי צף אלגנטי ושקוף,"चिकना, पारदर्शी फ्लोटिंग तस्बीह काउंटर","Elegáns, átlátszó úszó Tasbeeh pult","Sléttur, gagnsæ fljótandi Tasbeeh borði",Igwe Tasbeeh na-ese n'elu n'ụzọ mara mma,Penghitung Tasbih yang ramping dan transparan,"Sleek, transparent floating Tasbeeh Counter","Cuntar Tasbeeh sleek, trédhearcach ar snámh","Icwecwe, i-Tasbeeh Counter edadayo ecacileyo","I-Tasbeeh Counter ecwebezelayo, ekhanyayo entantayo","Contatore Tasbeeh mobile, elegante e trasparente",洗練された透明なフローティング Tasbeeh カウンター,"ನಯವಾದ, ಪಾರದರ್ಶಕ ತೇಲುವ ತಸ್ಬೀಹ್ ಕೌಂಟರ್","Тегіс, мөлдір қалқымалы тасбих есептегіші",Tasbeeh Counter អណ្តែតទឹករលោង ថ្លា,"Contador Tasbeeh flotante, elegante y transparente","Sleek, transparent floating Tasbeeh Counter","Sleek, transparent floating Tasbeeh Counter","Sleek, transparent floating Tasbeeh Counter",매끄럽고 투명한 부동 Tasbeeh 카운터,"Sleek, transparent floating Tasbeeh Counter","Sleek, transparent floating Tasbeeh Counter","Sleek, transparent floating Tasbeeh Counter","Sleek, transparent floating Tasbeeh Counter","Sleek, transparent floating Tasbeeh Counter","Sleek, transparent floating Tasbeeh Counter","Sleek, transparent floating Tasbeeh Counter","Sleek, transparent floating Tasbeeh Counter","Sleek, transparent floating Tasbeeh Counter","Sleek, transparent floating Tasbeeh Counter","Sleek, transparent floating Tasbeeh Counter","Sleek, transparent floating Tasbeeh Counter","Sleek, transparent floating Tasbeeh Counter","Sleek, transparent floating Tasbeeh Counter","Sleek, transparent floating Tasbeeh Counter","Sleek, transparent floating Tasbeeh Counter","Sleek, transparent floating Tasbeeh Counter","Sleek, transparent floating Tasbeeh Counter","Elegancki, przezroczysty, pływający licznik Tasbeeh",Contador Tasbeeh flutuante elegante e transparente,"Sleek, transparent floating Tasbeeh Counter","Sleek, transparent floating Tasbeeh Counter","Sleek, transparent floating Tasbeeh Counter","Элегантный, прозрачный плавающий счетчик Tasbeeh","Sleek, transparent floating Tasbeeh Counter","Sleek, transparent floating Tasbeeh Counter","Sleek, transparent floating Tasbeeh Counter","Sleek, transparent floating Tasbeeh Counter","Sleek, transparent floating Tasbeeh Counter","Sleek, transparent floating Tasbeeh Counter","Sleek, transparent floating Tasbeeh Counter","Sleek, transparent floating Tasbeeh Counter","Contador Tasbeeh flotante, elegante y transparente","Elegant, transparent flytande Tasbeeh-räknare","Sleek, transparent floating Tasbeeh Counter","Sleek, transparent floating Tasbeeh Counter","Sleek, transparent floating Tasbeeh Counter","Sleek, transparent floating Tasbeeh Counter","Sleek, transparent floating Tasbeeh Counter","Sleek, transparent floating Tasbeeh Counter","Şık, şeffaf kayan Tasbeeh Sayacı","Sleek, transparent floating Tasbeeh Counter","Sleek, transparent floating Tasbeeh Counter","Sleek, transparent floating Tasbeeh Counter","Sleek, transparent floating Tasbeeh Counter","Sleek, transparent floating Tasbeeh Counter"
DevStudio,9,Text,Tareq Naji,Tareq Naji,Tareq Naji,Tareq Naji,Tareq Naji,Tareq Naji,Tareq Naji,Tareq Naji,Tareq Naji,Tareq Naji,Tareq Naji,Tareq Naji,Tareq Naji,Tareq Naji,Tareq Naji,Tareq Naji,Tareq Naji,Tareq Naji,Tareq Naji,Tareq Naji,Tareq Naji,Tareq Naji,Tareq Naji,Tareq Naji,Tareq Naji,Tareq Naji,Tareq Naji,Tareq Naji,Tareq Naji,Tareq Naji,Tareq Naji,Tareq Naji,Tareq Naji,Tareq Naji,Tareq Naji,Tareq Naji,Tareq Naji,Tareq Naji,Tareq Naji,Tareq Naji,Tareq Naji,Tareq Naji,Tareq Naji,Tareq Naji,Tareq Naji,Tareq Naji,Tareq Naji,Tareq Naji,Tareq Naji,Tareq Naji,Tareq Naji,Tareq Naji,Tareq Naji,Tareq Naji,Tareq Naji,Tareq Naji,Tareq Naji,Tareq Naji,Tareq Naji,Tareq Naji,Tareq Naji,Tareq Naji,Tareq Naji,Tareq Naji,Tareq Naji,Tareq Naji,Tareq Naji,Tareq Naji,Tareq Naji,Tareq Naji,Tareq Naji,Tareq Naji,Tareq Naji,Tareq Naji,Tareq Naji,Tareq Naji,Tareq Naji,Tareq Naji,Tareq Naji,Tareq Naji,Tareq Naji,Tareq Naji,Tareq Naji,Tareq Naji,Tareq Naji,Tareq Naji,Tareq Naji,Tareq Naji,Tareq Naji,Tareq Naji,Tareq Naji,Tareq Naji,Tareq Naji,Tareq Naji,Tareq Naji,Tareq Naji,Tareq Naji,Tareq Naji,Tareq Naji,Tareq Naji,Tareq Naji
CopyrightTrademarkInformation,12,Text,Copyright © 2026 Tareq Naji. All rights reserved.,Copyright © 2026 Tareq Naji. All rights reserved.,Copyright © 2026 Tareq Naji. All rights reserved.,Copyright © 2026 Tareq Naji. All rights reserved.,Copyright © 2026 Tareq Naji. All rights reserved.,Copyright © 2026 Tareq Naji. All rights reserved.,Copyright © 2026 Tareq Naji. All rights reserved.,Copyright © 2026 Tareq Naji. All rights reserved.,Copyright © 2026 Tareq Naji. All rights reserved.,Copyright © 2026 Tareq Naji. All rights reserved.,Copyright © 2026 Tareq Naji. All rights reserved.,Copyright © 2026 Tareq Naji. All rights reserved.,Copyright © 2026 Tareq Naji. All rights reserved.,Copyright © 2026 Tareq Naji. All rights reserved.,Copyright © 2026 Tareq Naji. All rights reserved.,Copyright © 2026 Tareq Naji. All rights reserved.,Copyright © 2026 Tareq Naji. All rights reserved.,Copyright © 2026 Tareq Naji. All rights reserved.,Copyright © 2026 Tareq Naji. All rights reserved.,Copyright © 2026 Tareq Naji. All rights reserved.,Copyright © 2026 Tareq Naji. All rights reserved.,Copyright © 2026 Tareq Naji. All rights reserved.,Copyright © 2026 Tareq Naji. All rights reserved.,Copyright © 2026 Tareq Naji. All rights reserved.,Copyright © 2026 Tareq Naji. All rights reserved.,Copyright © 2026 Tareq Naji. All rights reserved.,Copyright © 2026 Tareq Naji. All rights reserved.,Copyright © 2026 Tareq Naji. All rights reserved.,Copyright © 2026 Tareq Naji. All rights reserved.,Copyright © 2026 Tareq Naji. All rights reserved.,Copyright © 2026 Tareq Naji. All rights reserved.,Copyright © 2026 Tareq Naji. All rights reserved.,Copyright © 2026 Tareq Naji. All rights reserved.,Copyright © 2026 Tareq Naji. All rights reserved.,Copyright © 2026 Tareq Naji. All rights reserved.,Copyright © 2026 Tareq Naji. All rights reserved.,Copyright © 2026 Tareq Naji. All rights reserved.,Copyright © 2026 Tareq Naji. All rights reserved.,Copyright © 2026 Tareq Naji. All rights reserved.,Copyright © 2026 Tareq Naji. All rights reserved.,Copyright © 2026 Tareq Naji. All rights reserved.,Copyright © 2026 Tareq Naji. All rights reserved.,Copyright © 2026 Tareq Naji. All rights reserved.,Copyright © 2026 Tareq Naji. All rights reserved.,Copyright © 2026 Tareq Naji. All rights reserved.,Copyright © 2026 Tareq Naji. All rights reserved.,Copyright © 2026 Tareq Naji. All rights reserved.,Copyright © 2026 Tareq Naji. All rights reserved.,Copyright © 2026 Tareq Naji. All rights reserved.,Copyright © 2026 Tareq Naji. All rights reserved.,Copyright © 2026 Tareq Naji. All rights reserved.,Copyright © 2026 Tareq Naji. All rights reserved.,Copyright © 2026 Tareq Naji. All rights reserved.,Copyright © 2026 Tareq Naji. All rights reserved.,Copyright © 2026 Tareq Naji. All rights reserved.,Copyright © 2026 Tareq Naji. All rights reserved.,Copyright © 2026 Tareq Naji. All rights reserved.,Copyright © 2026 Tareq Naji. All rights reserved.,Copyright © 2026 Tareq Naji. All rights reserved.,Copyright © 2026 Tareq Naji. All rights reserved.,Copyright © 2026 Tareq Naji. All rights reserved.,Copyright © 2026 Tareq Naji. All rights reserved.,Copyright © 2026 Tareq Naji. All rights reserved.,Copyright © 2026 Tareq Naji. All rights reserved.,Copyright © 2026 Tareq Naji. All rights reserved.,Copyright © 2026 Tareq Naji. All rights reserved.,Copyright © 2026 Tareq Naji. All rights reserved.,Copyright © 2026 Tareq Naji. All rights reserved.,Copyright © 2026 Tareq Naji. All rights reserved.,Copyright © 2026 Tareq Naji. All rights reserved.,Copyright © 2026 Tareq Naji. All rights reserved.,Copyright © 2026 Tareq Naji. All rights reserved.,Copyright © 2026 Tareq Naji. All rights reserved.,Copyright © 2026 Tareq Naji. All rights reserved.,Copyright © 2026 Tareq Naji. All rights reserved.,Copyright © 2026 Tareq Naji. All rights reserved.,Copyright © 2026 Tareq Naji. All rights reserved.,Copyright © 2026 Tareq Naji. All rights reserved.,Copyright © 2026 Tareq Naji. All rights reserved.,Copyright © 2026 Tareq Naji. All rights reserved.,Copyright © 2026 Tareq Naji. All rights reserved.,Copyright © 2026 Tareq Naji. All rights reserved.,Copyright © 2026 Tareq Naji. All rights reserved.,Copyright © 2026 Tareq Naji. All rights reserved.,Copyright © 2026 Tareq Naji. All rights reserved.,Copyright © 2026 Tareq Naji. All rights reserved.,Copyright © 2026 Tareq Naji. All rights reserved.,Copyright © 2026 Tareq Naji. All rights reserved.,Copyright © 2026 Tareq Naji. All rights reserved.,Copyright © 2026 Tareq Naji. All rights reserved.,Copyright © 2026 Tareq Naji. All rights reserved.,Copyright © 2026 Tareq Naji. All rights reserved.,Copyright © 2026 Tareq Naji. All rights reserved.,Copyright © 2026 Tareq Naji. All rights reserved.,Copyright © 2026 Tareq Naji. All rights reserved.,Copyright © 2026 Tareq Naji. All rights reserved.,Copyright © 2026 Tareq Naji. All rights reserved.,Copyright © 2026 Tareq Naji. All rights reserved.,Copyright © 2026 Tareq Naji. All rights reserved.,Copyright © 2026 Tareq Naji. All rights reserved.,Copyright © 2026 Tareq Naji. All rights reserved.
AdditionalLicenseTerms,13,Text,No additional license terms required.,No additional license terms required.,No additional license terms required.,No additional license terms required.,No additional license terms required.,No additional license terms required.,No additional license terms required.,No additional license terms required.,No additional license terms required.,No additional license terms required.,No additional license terms required.,No additional license terms required.,No additional license terms required.,No additional license terms required.,No additional license terms required.,No additional license terms required.,No additional license terms required.,No additional license terms required.,No additional license terms required.,No additional license terms required.,No additional license terms required.,No additional license terms required.,No additional license terms required.,No additional license terms required.,No additional license terms required.,No additional license terms required.,No additional license terms required.,No additional license terms required.,No additional license terms required.,No additional license terms required.,No additional license terms required.,No additional license terms required.,No additional license terms required.,No additional license terms required.,No additional license terms required.,No additional license terms required.,No additional license terms required.,No additional license terms required.,No additional license terms required.,No additional license terms required.,No additional license terms required.,No additional license terms required.,No additional license terms required.,No additional license terms required.,No additional license terms required.,No additional license terms required.,No additional license terms required.,No additional license terms required.,No additional license terms required.,No additional license terms required.,No additional license terms required.,No additional license terms required.,No additional license terms required.,No additional license terms required.,No additional license terms required.,No additional license terms required.,No additional license terms required.,No additional license terms required.,No additional license terms required.,No additional license terms required.,No additional license terms required.,No additional license terms required.,No additional license terms required.,No additional license terms required.,No additional license terms required.,No additional license terms required.,No additional license terms required.,No additional license terms required.,No additional license terms required.,No additional license terms required.,No additional license terms required.,No additional license terms required.,No additional license terms required.,No additional license terms required.,No additional license terms required.,No additional license terms required.,No additional license terms required.,No additional license terms required.,No additional license terms required.,No additional license terms required.,No additional license terms required.,No additional license terms required.,No additional license terms required.,No additional license terms required.,No additional license terms required.,No additional license terms required.,No additional license terms required.,No additional license terms required.,No additional license terms required.,No additional license terms required.,No additional license terms required.,No additional license terms required.,No additional license terms required.,No additional license terms required.,No additional license terms required.,No additional license terms required.,No additional license terms required.,No additional license terms required.,No additional license terms required.,No additional license terms required.,No additional license terms required.
DesktopScreenshot1,100,Relative path (or URL to file in Partner Center),Modern-Tasbeeh-Tracker-listing/store-assets/desktop_screenshot_1.png,Modern-Tasbeeh-Tracker-listing/store-assets/desktop_screenshot_1.png,Modern-Tasbeeh-Tracker-listing/store-assets/desktop_screenshot_1.png,Modern-Tasbeeh-Tracker-listing/store-assets/desktop_screenshot_1.png,Modern-Tasbeeh-Tracker-listing/store-assets/desktop_screenshot_1.png,Modern-Tasbeeh-Tracker-listing/store-assets/desktop_screenshot_1.png,Modern-Tasbeeh-Tracker-listing/store-assets/desktop_screenshot_1.png,Modern-Tasbeeh-Tracker-listing/store-assets/desktop_screenshot_1.png,Modern-Tasbeeh-Tracker-listing/store-assets/desktop_screenshot_1.png,Modern-Tasbeeh-Tracker-listing/store-assets/desktop_screenshot_1.png,Modern-Tasbeeh-Tracker-listing/store-assets/desktop_screenshot_1.png,Modern-Tasbeeh-Tracker-listing/store-assets/desktop_screenshot_1.png,Modern-Tasbeeh-Tracker-listing/store-assets/desktop_screenshot_1.png,Modern-Tasbeeh-Tracker-listing/store-assets/desktop_screenshot_1.png,Modern-Tasbeeh-Tracker-listing/store-assets/desktop_screenshot_1.png,Modern-Tasbeeh-Tracker-listing/store-assets/desktop_screenshot_1.png,Modern-Tasbeeh-Tracker-listing/store-assets/desktop_screenshot_1.png,Modern-Tasbeeh-Tracker-listing/store-assets/desktop_screenshot_1.png,Modern-Tasbeeh-Tracker-listing/store-assets/desktop_screenshot_1.png,Modern-Tasbeeh-Tracker-listing/store-assets/desktop_screenshot_1.png,Modern-Tasbeeh-Tracker-listing/store-assets/desktop_screenshot_1.png,Modern-Tasbeeh-Tracker-listing/store-assets/desktop_screenshot_1.png,Modern-Tasbeeh-Tracker-listing/store-assets/desktop_screenshot_1.png,Modern-Tasbeeh-Tracker-listing/store-assets/desktop_screenshot_1.png,Modern-Tasbeeh-Tracker-listing/store-assets/desktop_screenshot_1.png,Modern-Tasbeeh-Tracker-listing/store-assets/desktop_screenshot_1.png,Modern-Tasbeeh-Tracker-listing/store-assets/desktop_screenshot_1.png,Modern-Tasbeeh-Tracker-listing/store-assets/desktop_screenshot_1.png,Modern-Tasbeeh-Tracker-listing/store-assets/desktop_screenshot_1.png,Modern-Tasbeeh-Tracker-listing/store-assets/desktop_screenshot_1.png,Modern-Tasbeeh-Tracker-listing/store-assets/desktop_screenshot_1.png,Modern-Tasbeeh-Tracker-listing/store-assets/desktop_screenshot_1.png,Modern-Tasbeeh-Tracker-listing/store-assets/desktop_screenshot_1.png,Modern-Tasbeeh-Tracker-listing/store-assets/desktop_screenshot_1.png,Modern-Tasbeeh-Tracker-listing/store-assets/desktop_screenshot_1.png,Modern-Tasbeeh-Tracker-listing/store-assets/desktop_screenshot_1.png,Modern-Tasbeeh-Tracker-listing/store-assets/desktop_screenshot_1.png,Modern-Tasbeeh-Tracker-listing/store-assets/desktop_screenshot_1.png,Modern-Tasbeeh-Tracker-listing/store-assets/desktop_screenshot_1.png,Modern-Tasbeeh-Tracker-listing/store-assets/desktop_screenshot_1.png,Modern-Tasbeeh-Tracker-listing/store-assets/desktop_screenshot_1.png,Modern-Tasbeeh-Tracker-listing/store-assets/desktop_screenshot_1.png,Modern-Tasbeeh-Tracker-listing/store-assets/desktop_screenshot_1.png,Modern-Tasbeeh-Tracker-listing/store-assets/desktop_screenshot_1.png,Modern-Tasbeeh-Tracker-listing/store-assets/desktop_screenshot_1.png,Modern-Tasbeeh-Tracker-listing/store-assets/desktop_screenshot_1.png,Modern-Tasbeeh-Tracker-listing/store-assets/desktop_screenshot_1.png,Modern-Tasbeeh-Tracker-listing/store-assets/desktop_screenshot_1.png,Modern-Tasbeeh-Tracker-listing/store-assets/desktop_screenshot_1.png,Modern-Tasbeeh-Tracker-listing/store-assets/desktop_screenshot_1.png,Modern-Tasbeeh-Tracker-listing/store-assets/desktop_screenshot_1.png,Modern-Tasbeeh-Tracker-listing/store-assets/desktop_screenshot_1.png,Modern-Tasbeeh-Tracker-listing/store-assets/desktop_screenshot_1.png,Modern-Tasbeeh-Tracker-listing/store-assets/desktop_screenshot_1.png,Modern-Tasbeeh-Tracker-listing/store-assets/desktop_screenshot_1.png,Modern-Tasbeeh-Tracker-listing/store-assets/desktop_screenshot_1.png,Modern-Tasbeeh-Tracker-listing/store-assets/desktop_screenshot_1.png,Modern-Tasbeeh-Tracker-listing/store-assets/desktop_screenshot_1.png,Modern-Tasbeeh-Tracker-listing/store-assets/desktop_screenshot_1.png,Modern-Tasbeeh-Tracker-listing/store-assets/desktop_screenshot_1.png,Modern-Tasbeeh-Tracker-listing/store-assets/desktop_screenshot_1.png,Modern-Tasbeeh-Tracker-listing/store-assets/desktop_screenshot_1.png,Modern-Tasbeeh-Tracker-listing/store-assets/desktop_screenshot_1.png,Modern-Tasbeeh-Tracker-listing/store-assets/desktop_screenshot_1.png,Modern-Tasbeeh-Tracker-listing/store-assets/desktop_screenshot_1.png,Modern-Tasbeeh-Tracker-listing/store-assets/desktop_screenshot_1.png,Modern-Tasbeeh-Tracker-listing/store-assets/desktop_screenshot_1.png,Modern-Tasbeeh-Tracker-listing/store-assets/desktop_screenshot_1.png,Modern-Tasbeeh-Tracker-listing/store-assets/desktop_screenshot_1.png,Modern-Tasbeeh-Tracker-listing/store-assets/desktop_screenshot_1.png,Modern-Tasbeeh-Tracker-listing/store-assets/desktop_screenshot_1.png,Modern-Tasbeeh-Tracker-listing/store-assets/desktop_screenshot_1.png,Modern-Tasbeeh-Tracker-listing/store-assets/desktop_screenshot_1.png,Modern-Tasbeeh-Tracker-listing/store-assets/desktop_screenshot_1.png,Modern-Tasbeeh-Tracker-listing/store-assets/desktop_screenshot_1.png,Modern-Tasbeeh-Tracker-listing/store-assets/desktop_screenshot_1.png,Modern-Tasbeeh-Tracker-listing/store-assets/desktop_screenshot_1.png,Modern-Tasbeeh-Tracker-listing/store-assets/desktop_screenshot_1.png,Modern-Tasbeeh-Tracker-listing/store-assets/desktop_screenshot_1.png,Modern-Tasbeeh-Tracker-listing/store-assets/desktop_screenshot_1.png,Modern-Tasbeeh-Tracker-listing/store-assets/desktop_screenshot_1.png,Modern-Tasbeeh-Tracker-listing/store-assets/desktop_screenshot_1.png,Modern-Tasbeeh-Tracker-listing/store-assets/desktop_screenshot_1.png,Modern-Tasbeeh-Tracker-listing/store-assets/desktop_screenshot_1.png,Modern-Tasbeeh-Tracker-listing/store-assets/desktop_screenshot_1.png,Modern-Tasbeeh-Tracker-listing/store-assets/desktop_screenshot_1.png,Modern-Tasbeeh-Tracker-listing/store-assets/desktop_screenshot_1.png,Modern-Tasbeeh-Tracker-listing/store-assets/desktop_screenshot_1.png,Modern-Tasbeeh-Tracker-listing/store-assets/desktop_screenshot_1.png,Modern-Tasbeeh-Tracker-listing/store-assets/desktop_screenshot_1.png,Modern-Tasbeeh-Tracker-listing/store-assets/desktop_screenshot_1.png,Modern-Tasbeeh-Tracker-listing/store-assets/desktop_screenshot_1.png,Modern-Tasbeeh-Tracker-listing/store-assets/desktop_screenshot_1.png,Modern-Tasbeeh-Tracker-listing/store-assets/desktop_screenshot_1.png,Modern-Tasbeeh-Tracker-listing/store-assets/desktop_screenshot_1.png,Modern-Tasbeeh-Tracker-listing/store-assets/desktop_screenshot_1.png,Modern-Tasbeeh-Tracker-listing/store-assets/desktop_screenshot_1.png,Modern-Tasbeeh-Tracker-listing/store-assets/desktop_screenshot_1.png,Modern-Tasbeeh-Tracker-listing/store-assets/desktop_screenshot_1.png,Modern-Tasbeeh-Tracker-listing/store-assets/desktop_screenshot_1.png,Modern-Tasbeeh-Tracker-listing/store-assets/desktop_screenshot_1.png
DesktopScreenshot2,101,Relative path (or URL to file in Partner Center),Modern-Tasbeeh-Tracker-listing/store-assets/desktop_screenshot_2.png,Modern-Tasbeeh-Tracker-listing/store-assets/desktop_screenshot_2.png,Modern-Tasbeeh-Tracker-listing/store-assets/desktop_screenshot_2.png,Modern-Tasbeeh-Tracker-listing/store-assets/desktop_screenshot_2.png,Modern-Tasbeeh-Tracker-listing/store-assets/desktop_screenshot_2.png,Modern-Tasbeeh-Tracker-listing/store-assets/desktop_screenshot_2.png,Modern-Tasbeeh-Tracker-listing/store-assets/desktop_screenshot_2.png,Modern-Tasbeeh-Tracker-listing/store-assets/desktop_screenshot_2.png,Modern-Tasbeeh-Tracker-listing/store-assets/desktop_screenshot_2.png,Modern-Tasbeeh-Tracker-listing/store-assets/desktop_screenshot_2.png,Modern-Tasbeeh-Tracker-listing/store-assets/desktop_screenshot_2.png,Modern-Tasbeeh-Tracker-listing/store-assets/desktop_screenshot_2.png,Modern-Tasbeeh-Tracker-listing/store-assets/desktop_screenshot_2.png,Modern-Tasbeeh-Tracker-listing/store-assets/desktop_screenshot_2.png,Modern-Tasbeeh-Tracker-listing/store-assets/desktop_screenshot_2.png,Modern-Tasbeeh-Tracker-listing/store-assets/desktop_screenshot_2.png,Modern-Tasbeeh-Tracker-listing/store-assets/desktop_screenshot_2.png,Modern-Tasbeeh-Tracker-listing/store-assets/desktop_screenshot_2.png,Modern-Tasbeeh-Tracker-listing/store-assets/desktop_screenshot_2.png,Modern-Tasbeeh-Tracker-listing/store-assets/desktop_screenshot_2.png,Modern-Tasbeeh-Tracker-listing/store-assets/desktop_screenshot_2.png,Modern-Tasbeeh-Tracker-listing/store-assets/desktop_screenshot_2.png,Modern-Tasbeeh-Tracker-listing/store-assets/desktop_screenshot_2.png,Modern-Tasbeeh-Tracker-listing/store-assets/desktop_screenshot_2.png,Modern-Tasbeeh-Tracker-listing/store-assets/desktop_screenshot_2.png,Modern-Tasbeeh-Tracker-listing/store-assets/desktop_screenshot_2.png,Modern-Tasbeeh-Tracker-listing/store-assets/desktop_screenshot_2.png,Modern-Tasbeeh-Tracker-listing/store-assets/desktop_screenshot_2.png,Modern-Tasbeeh-Tracker-listing/store-assets/desktop_screenshot_2.png,Modern-Tasbeeh-Tracker-listing/store-assets/desktop_screenshot_2.png,Modern-Tasbeeh-Tracker-listing/store-assets/desktop_screenshot_2.png,Modern-Tasbeeh-Tracker-listing/store-assets/desktop_screenshot_2.png,Modern-Tasbeeh-Tracker-listing/store-assets/desktop_screenshot_2.png,Modern-Tasbeeh-Tracker-listing/store-assets/desktop_screenshot_2.png,Modern-Tasbeeh-Tracker-listing/store-assets/desktop_screenshot_2.png,Modern-Tasbeeh-Tracker-listing/store-assets/desktop_screenshot_2.png,Modern-Tasbeeh-Tracker-listing/store-assets/desktop_screenshot_2.png,Modern-Tasbeeh-Tracker-listing/store-assets/desktop_screenshot_2.png,Modern-Tasbeeh-Tracker-listing/store-assets/desktop_screenshot_2.png,Modern-Tasbeeh-Tracker-listing/store-assets/desktop_screenshot_2.png,Modern-Tasbeeh-Tracker-listing/store-assets/desktop_screenshot_2.png,Modern-Tasbeeh-Tracker-listing/store-assets/desktop_screenshot_2.png,Modern-Tasbeeh-Tracker-listing/store-assets/desktop_screenshot_2.png,Modern-Tasbeeh-Tracker-listing/store-assets/desktop_screenshot_2.png,Modern-Tasbeeh-Tracker-listing/store-assets/desktop_screenshot_2.png,Modern-Tasbeeh-Tracker-listing/store-assets/desktop_screenshot_2.png,Modern-Tasbeeh-Tracker-listing/store-assets/desktop_screenshot_2.png,Modern-Tasbeeh-Tracker-listing/store-assets/desktop_screenshot_2.png,Modern-Tasbeeh-Tracker-listing/store-assets/desktop_screenshot_2.png,Modern-Tasbeeh-Tracker-listing/store-assets/desktop_screenshot_2.png,Modern-Tasbeeh-Tracker-listing/store-assets/desktop_screenshot_2.png,Modern-Tasbeeh-Tracker-listing/store-assets/desktop_screenshot_2.png,Modern-Tasbeeh-Tracker-listing/store-assets/desktop_screenshot_2.png,Modern-Tasbeeh-Tracker-listing/store-assets/desktop_screenshot_2.png,Modern-Tasbeeh-Tracker-listing/store-assets/desktop_screenshot_2.png,Modern-Tasbeeh-Tracker-listing/store-assets/desktop_screenshot_2.png,Modern-Tasbeeh-Tracker-listing/store-assets/desktop_screenshot_2.png,Modern-Tasbeeh-Tracker-listing/store-assets/desktop_screenshot_2.png,Modern-Tasbeeh-Tracker-listing/store-assets/desktop_screenshot_2.png,Modern-Tasbeeh-Tracker-listing/store-assets/desktop_screenshot_2.png,Modern-Tasbeeh-Tracker-listing/store-assets/desktop_screenshot_2.png,Modern-Tasbeeh-Tracker-listing/store-assets/desktop_screenshot_2.png,Modern-Tasbeeh-Tracker-listing/store-assets/desktop_screenshot_2.png,Modern-Tasbeeh-Tracker-listing/store-assets/desktop_screenshot_2.png,Modern-Tasbeeh-Tracker-listing/store-assets/desktop_screenshot_2.png,Modern-Tasbeeh-Tracker-listing/store-assets/desktop_screenshot_2.png,Modern-Tasbeeh-Tracker-listing/store-assets/desktop_screenshot_2.png,Modern-Tasbeeh-Tracker-listing/store-assets/desktop_screenshot_2.png,Modern-Tasbeeh-Tracker-listing/store-assets/desktop_screenshot_2.png,Modern-Tasbeeh-Tracker-listing/store-assets/desktop_screenshot_2.png,Modern-Tasbeeh-Tracker-listing/store-assets/desktop_screenshot_2.png,Modern-Tasbeeh-Tracker-listing/store-assets/desktop_screenshot_2.png,Modern-Tasbeeh-Tracker-listing/store-assets/desktop_screenshot_2.png,Modern-Tasbeeh-Tracker-listing/store-assets/desktop_screenshot_2.png,Modern-Tasbeeh-Tracker-listing/store-assets/desktop_screenshot_2.png,Modern-Tasbeeh-Tracker-listing/store-assets/desktop_screenshot_2.png,Modern-Tasbeeh-Tracker-listing/store-assets/desktop_screenshot_2.png,Modern-Tasbeeh-Tracker-listing/store-assets/desktop_screenshot_2.png,Modern-Tasbeeh-Tracker-listing/store-assets/desktop_screenshot_2.png,Modern-Tasbeeh-Tracker-listing/store-assets/desktop_screenshot_2.png,Modern-Tasbeeh-Tracker-listing/store-assets/desktop_screenshot_2.png,Modern-Tasbeeh-Tracker-listing/store-assets/desktop_screenshot_2.png,Modern-Tasbeeh-Tracker-listing/store-assets/desktop_screenshot_2.png,Modern-Tasbeeh-Tracker-listing/store-assets/desktop_screenshot_2.png,Modern-Tasbeeh-Tracker-listing/store-assets/desktop_screenshot_2.png,Modern-Tasbeeh-Tracker-listing/store-assets/desktop_screenshot_2.png,Modern-Tasbeeh-Tracker-listing/store-assets/desktop_screenshot_2.png,Modern-Tasbeeh-Tracker-listing/store-assets/desktop_screenshot_2.png,Modern-Tasbeeh-Tracker-listing/store-assets/desktop_screenshot_2.png,Modern-Tasbeeh-Tracker-listing/store-assets/desktop_screenshot_2.png,Modern-Tasbeeh-Tracker-listing/store-assets/desktop_screenshot_2.png,Modern-Tasbeeh-Tracker-listing/store-assets/desktop_screenshot_2.png,Modern-Tasbeeh-Tracker-listing/store-assets/desktop_screenshot_2.png,Modern-Tasbeeh-Tracker-listing/store-assets/desktop_screenshot_2.png,Modern-Tasbeeh-Tracker-listing/store-assets/desktop_screenshot_2.png,Modern-Tasbeeh-Tracker-listing/store-assets/desktop_screenshot_2.png,Modern-Tasbeeh-Tracker-listing/store-assets/desktop_screenshot_2.png,Modern-Tasbeeh-Tracker-listing/store-assets/desktop_screenshot_2.png,Modern-Tasbeeh-Tracker-listing/store-assets/desktop_screenshot_2.png,Modern-Tasbeeh-Tracker-listing/store-assets/desktop_screenshot_2.png,Modern-Tasbeeh-Tracker-listing/store-assets/desktop_screenshot_2.png
DesktopScreenshot3,102,Relative path (or URL to file in Partner Center),Modern-Tasbeeh-Tracker-listing/store-assets/desktop_screenshot_3.png,Modern-Tasbeeh-Tracker-listing/store-assets/desktop_screenshot_3.png,Modern-Tasbeeh-Tracker-listing/store-assets/desktop_screenshot_3.png,Modern-Tasbeeh-Tracker-listing/store-assets/desktop_screenshot_3.png,Modern-Tasbeeh-Tracker-listing/store-assets/desktop_screenshot_3.png,Modern-Tasbeeh-Tracker-listing/store-assets/desktop_screenshot_3.png,Modern-Tasbeeh-Tracker-listing/store-assets/desktop_screenshot_3.png,Modern-Tasbeeh-Tracker-listing/store-assets/desktop_screenshot_3.png,Modern-Tasbeeh-Tracker-listing/store-assets/desktop_screenshot_3.png,Modern-Tasbeeh-Tracker-listing/store-assets/desktop_screenshot_3.png,Modern-Tasbeeh-Tracker-listing/store-assets/desktop_screenshot_3.png,Modern-Tasbeeh-Tracker-listing/store-assets/desktop_screenshot_3.png,Modern-Tasbeeh-Tracker-listing/store-assets/desktop_screenshot_3.png,Modern-Tasbeeh-Tracker-listing/store-assets/desktop_screenshot_3.png,Modern-Tasbeeh-Tracker-listing/store-assets/desktop_screenshot_3.png,Modern-Tasbeeh-Tracker-listing/store-assets/desktop_screenshot_3.png,Modern-Tasbeeh-Tracker-listing/store-assets/desktop_screenshot_3.png,Modern-Tasbeeh-Tracker-listing/store-assets/desktop_screenshot_3.png,Modern-Tasbeeh-Tracker-listing/store-assets/desktop_screenshot_3.png,Modern-Tasbeeh-Tracker-listing/store-assets/desktop_screenshot_3.png,Modern-Tasbeeh-Tracker-listing/store-assets/desktop_screenshot_3.png,Modern-Tasbeeh-Tracker-listing/store-assets/desktop_screenshot_3.png,Modern-Tasbeeh-Tracker-listing/store-assets/desktop_screenshot_3.png,Modern-Tasbeeh-Tracker-listing/store-assets/desktop_screenshot_3.png,Modern-Tasbeeh-Tracker-listing/store-assets/desktop_screenshot_3.png,Modern-Tasbeeh-Tracker-listing/store-assets/desktop_screenshot_3.png,Modern-Tasbeeh-Tracker-listing/store-assets/desktop_screenshot_3.png,Modern-Tasbeeh-Tracker-listing/store-assets/desktop_screenshot_3.png,Modern-Tasbeeh-Tracker-listing/store-assets/desktop_screenshot_3.png,Modern-Tasbeeh-Tracker-listing/store-assets/desktop_screenshot_3.png,Modern-Tasbeeh-Tracker-listing/store-assets/desktop_screenshot_3.png,Modern-Tasbeeh-Tracker-listing/store-assets/desktop_screenshot_3.png,Modern-Tasbeeh-Tracker-listing/store-assets/desktop_screenshot_3.png,Modern-Tasbeeh-Tracker-listing/store-assets/desktop_screenshot_3.png,Modern-Tasbeeh-Tracker-listing/store-assets/desktop_screenshot_3.png,Modern-Tasbeeh-Tracker-listing/store-assets/desktop_screenshot_3.png,Modern-Tasbeeh-Tracker-listing/store-assets/desktop_screenshot_3.png,Modern-Tasbeeh-Tracker-listing/store-assets/desktop_screenshot_3.png,Modern-Tasbeeh-Tracker-listing/store-assets/desktop_screenshot_3.png,Modern-Tasbeeh-Tracker-listing/store-assets/desktop_screenshot_3.png,Modern-Tasbeeh-Tracker-listing/store-assets/desktop_screenshot_3.png,Modern-Tasbeeh-Tracker-listing/store-assets/desktop_screenshot_3.png,Modern-Tasbeeh-Tracker-listing/store-assets/desktop_screenshot_3.png,Modern-Tasbeeh-Tracker-listing/store-assets/desktop_screenshot_3.png,Modern-Tasbeeh-Tracker-listing/store-assets/desktop_screenshot_3.png,Modern-Tasbeeh-Tracker-listing/store-assets/desktop_screenshot_3.png,Modern-Tasbeeh-Tracker-listing/store-assets/desktop_screenshot_3.png,Modern-Tasbeeh-Tracker-listing/store-assets/desktop_screenshot_3.png,Modern-Tasbeeh-Tracker-listing/store-assets/desktop_screenshot_3.png,Modern-Tasbeeh-Tracker-listing/store-assets/desktop_screenshot_3.png,Modern-Tasbeeh-Tracker-listing/store-assets/desktop_screenshot_3.png,Modern-Tasbeeh-Tracker-listing/store-assets/desktop_screenshot_3.png,Modern-Tasbeeh-Tracker-listing/store-assets/desktop_screenshot_3.png,Modern-Tasbeeh-Tracker-listing/store-assets/desktop_screenshot_3.png,Modern-Tasbeeh-Tracker-listing/store-assets/desktop_screenshot_3.png,Modern-Tasbeeh-Tracker-listing/store-assets/desktop_screenshot_3.png,Modern-Tasbeeh-Tracker-listing/store-assets/desktop_screenshot_3.png,Modern-Tasbeeh-Tracker-listing/store-assets/desktop_screenshot_3.png,Modern-Tasbeeh-Tracker-listing/store-assets/desktop_screenshot_3.png,Modern-Tasbeeh-Tracker-listing/store-assets/desktop_screenshot_3.png,Modern-Tasbeeh-Tracker-listing/store-assets/desktop_screenshot_3.png,Modern-Tasbeeh-Tracker-listing/store-assets/desktop_screenshot_3.png,Modern-Tasbeeh-Tracker-listing/store-assets/desktop_screenshot_3.png,Modern-Tasbeeh-Tracker-listing/store-assets/desktop_screenshot_3.png,Modern-Tasbeeh-Tracker-listing/store-assets/desktop_screenshot_3.png,Modern-Tasbeeh-Tracker-listing/store-assets/desktop_screenshot_3.png,Modern-Tasbeeh-Tracker-listing/store-assets/desktop_screenshot_3.png,Modern-Tasbeeh-Tracker-listing/store-assets/desktop_screenshot_3.png,Modern-Tasbeeh-Tracker-listing/store-assets/desktop_screenshot_3.png,Modern-Tasbeeh-Tracker-listing/store-assets/desktop_screenshot_3.png,Modern-Tasbeeh-Tracker-listing/store-assets/desktop_screenshot_3.png,Modern-Tasbeeh-Tracker-listing/store-assets/desktop_screenshot_3.png,Modern-Tasbeeh-Tracker-listing/store-assets/desktop_screenshot_3.png,Modern-Tasbeeh-Tracker-listing/store-assets/desktop_screenshot_3.png,Modern-Tasbeeh-Tracker-listing/store-assets/desktop_screenshot_3.png,Modern-Tasbeeh-Tracker-listing/store-assets/desktop_screenshot_3.png,Modern-Tasbeeh-Tracker-listing/store-assets/desktop_screenshot_3.png,Modern-Tasbeeh-Tracker-listing/store-assets/desktop_screenshot_3.png,Modern-Tasbeeh-Tracker-listing/store-assets/desktop_screenshot_3.png,Modern-Tasbeeh-Tracker-listing/store-assets/desktop_screenshot_3.png,Modern-Tasbeeh-Tracker-listing/store-assets/desktop_screenshot_3.png,Modern-Tasbeeh-Tracker-listing/store-assets/desktop_screenshot_3.png,Modern-Tasbeeh-Tracker-listing/store-assets/desktop_screenshot_3.png,Modern-Tasbeeh-Tracker-listing/store-assets/desktop_screenshot_3.png,Modern-Tasbeeh-Tracker-listing/store-assets/desktop_screenshot_3.png,Modern-Tasbeeh-Tracker-listing/store-assets/desktop_screenshot_3.png,Modern-Tasbeeh-Tracker-listing/store-assets/desktop_screenshot_3.png,Modern-Tasbeeh-Tracker-listing/store-assets/desktop_screenshot_3.png,Modern-Tasbeeh-Tracker-listing/store-assets/desktop_screenshot_3.png,Modern-Tasbeeh-Tracker-listing/store-assets/desktop_screenshot_3.png,Modern-Tasbeeh-Tracker-listing/store-assets/desktop_screenshot_3.png,Modern-Tasbeeh-Tracker-listing/store-assets/desktop_screenshot_3.png,Modern-Tasbeeh-Tracker-listing/store-assets/desktop_screenshot_3.png,Modern-Tasbeeh-Tracker-listing/store-assets/desktop_screenshot_3.png,Modern-Tasbeeh-Tracker-listing/store-assets/desktop_screenshot_3.png,Modern-Tasbeeh-Tracker-listing/store-assets/desktop_screenshot_3.png,Modern-Tasbeeh-Tracker-listing/store-assets/desktop_screenshot_3.png,Modern-Tasbeeh-Tracker-listing/store-assets/desktop_screenshot_3.png,Modern-Tasbeeh-Tracker-listing/store-assets/desktop_screenshot_3.png,Modern-Tasbeeh-Tracker-listing/store-assets/desktop_screenshot_3.png,Modern-Tasbeeh-Tracker-listing/store-assets/desktop_screenshot_3.png
DesktopScreenshot4,103,Relative path (or URL to file in Partner Center),Modern-Tasbeeh-Tracker-listing/store-assets/desktop_screenshot_4.png,Modern-Tasbeeh-Tracker-listing/store-assets/desktop_screenshot_4.png,Modern-Tasbeeh-Tracker-listing/store-assets/desktop_screenshot_4.png,Modern-Tasbeeh-Tracker-listing/store-assets/desktop_screenshot_4.png,Modern-Tasbeeh-Tracker-listing/store-assets/desktop_screenshot_4.png,Modern-Tasbeeh-Tracker-listing/store-assets/desktop_screenshot_4.png,Modern-Tasbeeh-Tracker-listing/store-assets/desktop_screenshot_4.png,Modern-Tasbeeh-Tracker-listing/store-assets/desktop_screenshot_4.png,Modern-Tasbeeh-Tracker-listing/store-assets/desktop_screenshot_4.png,Modern-Tasbeeh-Tracker-listing/store-assets/desktop_screenshot_4.png,Modern-Tasbeeh-Tracker-listing/store-assets/desktop_screenshot_4.png,Modern-Tasbeeh-Tracker-listing/store-assets/desktop_screenshot_4.png,Modern-Tasbeeh-Tracker-listing/store-assets/desktop_screenshot_4.png,Modern-Tasbeeh-Tracker-listing/store-assets/desktop_screenshot_4.png,Modern-Tasbeeh-Tracker-listing/store-assets/desktop_screenshot_4.png,Modern-Tasbeeh-Tracker-listing/store-assets/desktop_screenshot_4.png,Modern-Tasbeeh-Tracker-listing/store-assets/desktop_screenshot_4.png,Modern-Tasbeeh-Tracker-listing/store-assets/desktop_screenshot_4.png,Modern-Tasbeeh-Tracker-listing/store-assets/desktop_screenshot_4.png,Modern-Tasbeeh-Tracker-listing/store-assets/desktop_screenshot_4.png,Modern-Tasbeeh-Tracker-listing/store-assets/desktop_screenshot_4.png,Modern-Tasbeeh-Tracker-listing/store-assets/desktop_screenshot_4.png,Modern-Tasbeeh-Tracker-listing/store-assets/desktop_screenshot_4.png,Modern-Tasbeeh-Tracker-listing/store-assets/desktop_screenshot_4.png,Modern-Tasbeeh-Tracker-listing/store-assets/desktop_screenshot_4.png,Modern-Tasbeeh-Tracker-listing/store-assets/desktop_screenshot_4.png,Modern-Tasbeeh-Tracker-listing/store-assets/desktop_screenshot_4.png,Modern-Tasbeeh-Tracker-listing/store-assets/desktop_screenshot_4.png,Modern-Tasbeeh-Tracker-listing/store-assets/desktop_screenshot_4.png,Modern-Tasbeeh-Tracker-listing/store-assets/desktop_screenshot_4.png,Modern-Tasbeeh-Tracker-listing/store-assets/desktop_screenshot_4.png,Modern-Tasbeeh-Tracker-listing/store-assets/desktop_screenshot_4.png,Modern-Tasbeeh-Tracker-listing/store-assets/desktop_screenshot_4.png,Modern-Tasbeeh-Tracker-listing/store-assets/desktop_screenshot_4.png,Modern-Tasbeeh-Tracker-listing/store-assets/desktop_screenshot_4.png,Modern-Tasbeeh-Tracker-listing/store-assets/desktop_screenshot_4.png,Modern-Tasbeeh-Tracker-listing/store-assets/desktop_screenshot_4.png,Modern-Tasbeeh-Tracker-listing/store-assets/desktop_screenshot_4.png,Modern-Tasbeeh-Tracker-listing/store-assets/desktop_screenshot_4.png,Modern-Tasbeeh-Tracker-listing/store-assets/desktop_screenshot_4.png,Modern-Tasbeeh-Tracker-listing/store-assets/desktop_screenshot_4.png,Modern-Tasbeeh-Tracker-listing/store-assets/desktop_screenshot_4.png,Modern-Tasbeeh-Tracker-listing/store-assets/desktop_screenshot_4.png,Modern-Tasbeeh-Tracker-listing/store-assets/desktop_screenshot_4.png,Modern-Tasbeeh-Tracker-listing/store-assets/desktop_screenshot_4.png,Modern-Tasbeeh-Tracker-listing/store-assets/desktop_screenshot_4.png,Modern-Tasbeeh-Tracker-listing/store-assets/desktop_screenshot_4.png,Modern-Tasbeeh-Tracker-listing/store-assets/desktop_screenshot_4.png,Modern-Tasbeeh-Tracker-listing/store-assets/desktop_screenshot_4.png,Modern-Tasbeeh-Tracker-listing/store-assets/desktop_screenshot_4.png,Modern-Tasbeeh-Tracker-listing/store-assets/desktop_screenshot_4.png,Modern-Tasbeeh-Tracker-listing/store-assets/desktop_screenshot_4.png,Modern-Tasbeeh-Tracker-listing/store-assets/desktop_screenshot_4.png,Modern-Tasbeeh-Tracker-listing/store-assets/desktop_screenshot_4.png,Modern-Tasbeeh-Tracker-listing/store-assets/desktop_screenshot_4.png,Modern-Tasbeeh-Tracker-listing/store-assets/desktop_screenshot_4.png,Modern-Tasbeeh-Tracker-listing/store-assets/desktop_screenshot_4.png,Modern-Tasbeeh-Tracker-listing/store-assets/desktop_screenshot_4.png,Modern-Tasbeeh-Tracker-listing/store-assets/desktop_screenshot_4.png,Modern-Tasbeeh-Tracker-listing/store-assets/desktop_screenshot_4.png,Modern-Tasbeeh-Tracker-listing/store-assets/desktop_screenshot_4.png,Modern-Tasbeeh-Tracker-listing/store-assets/desktop_screenshot_4.png,Modern-Tasbeeh-Tracker-listing/store-assets/desktop_screenshot_4.png,Modern-Tasbeeh-Tracker-listing/store-assets/desktop_screenshot_4.png,Modern-Tasbeeh-Tracker-listing/store-assets/desktop_screenshot_4.png,Modern-Tasbeeh-Tracker-listing/store-assets/desktop_screenshot_4.png,Modern-Tasbeeh-Tracker-listing/store-assets/desktop_screenshot_4.png,Modern-Tasbeeh-Tracker-listing/store-assets/desktop_screenshot_4.png,Modern-Tasbeeh-Tracker-listing/store-assets/desktop_screenshot_4.png,Modern-Tasbeeh-Tracker-listing/store-assets/desktop_screenshot_4.png,Modern-Tasbeeh-Tracker-listing/store-assets/desktop_screenshot_4.png,Modern-Tasbeeh-Tracker-listing/store-assets/desktop_screenshot_4.png,Modern-Tasbeeh-Tracker-listing/store-assets/desktop_screenshot_4.png,Modern-Tasbeeh-Tracker-listing/store-assets/desktop_screenshot_4.png,Modern-Tasbeeh-Tracker-listing/store-assets/desktop_screenshot_4.png,Modern-Tasbeeh-Tracker-listing/store-assets/desktop_screenshot_4.png,Modern-Tasbeeh-Tracker-listing/store-assets/desktop_screenshot_4.png,Modern-Tasbeeh-Tracker-listing/store-assets/desktop_screenshot_4.png,Modern-Tasbeeh-Tracker-listing/store-assets/desktop_screenshot_4.png,Modern-Tasbeeh-Tracker-listing/store-assets/desktop_screenshot_4.png,Modern-Tasbeeh-Tracker-listing/store-assets/desktop_screenshot_4.png,Modern-Tasbeeh-Tracker-listing/store-assets/desktop_screenshot_4.png,Modern-Tasbeeh-Tracker-listing/store-assets/desktop_screenshot_4.png,Modern-Tasbeeh-Tracker-listing/store-assets/desktop_screenshot_4.png,Modern-Tasbeeh-Tracker-listing/store-assets/desktop_screenshot_4.png,Modern-Tasbeeh-Tracker-listing/store-assets/desktop_screenshot_4.png,Modern-Tasbeeh-Tracker-listing/store-assets/desktop_screenshot_4.png,Modern-Tasbeeh-Tracker-listing/store-assets/desktop_screenshot_4.png,Modern-Tasbeeh-Tracker-listing/store-assets/desktop_screenshot_4.png,Modern-Tasbeeh-Tracker-listing/store-assets/desktop_screenshot_4.png,Modern-Tasbeeh-Tracker-listing/store-assets/desktop_screenshot_4.png,Modern-Tasbeeh-Tracker-listing/store-assets/desktop_screenshot_4.png,Modern-Tasbeeh-Tracker-listing/store-assets/desktop_screenshot_4.png,Modern-Tasbeeh-Tracker-listing/store-assets/desktop_screenshot_4.png,Modern-Tasbeeh-Tracker-listing/store-assets/desktop_screenshot_4.png,Modern-Tasbeeh-Tracker-listing/store-assets/desktop_screenshot_4.png,Modern-Tasbeeh-Tracker-listing/store-assets/desktop_screenshot_4.png,Modern-Tasbeeh-Tracker-listing/store-assets/desktop_screenshot_4.png,Modern-Tasbeeh-Tracker-listing/store-assets/desktop_screenshot_4.png,Modern-Tasbeeh-Tracker-listing/store-assets/desktop_screenshot_4.png,Modern-Tasbeeh-Tracker-listing/store-assets/desktop_screenshot_4.png
DesktopScreenshot5,104,Relative path (or URL to file in Partner Center),,,,,,,,,,,,,,,,,,,,,,,,,,,,,,,,,,,,,,,,,,,,,,,,,,,,,,,,,,,,,,,,,,,,,,,,,,,,,,,,,,,,,,,,,,,,,,,,,,,,,
DesktopScreenshot6,105,Relative path (or URL to file in Partner Center),,,,,,,,,,,,,,,,,,,,,,,,,,,,,,,,,,,,,,,,,,,,,,,,,,,,,,,,,,,,,,,,,,,,,,,,,,,,,,,,,,,,,,,,,,,,,,,,,,,,,
DesktopScreenshot7,106,Relative path (or URL to file in Partner Center),,,,,,,,,,,,,,,,,,,,,,,,,,,,,,,,,,,,,,,,,,,,,,,,,,,,,,,,,,,,,,,,,,,,,,,,,,,,,,,,,,,,,,,,,,,,,,,,,,,,,
DesktopScreenshot8,107,Relative path (or URL to file in Partner Center),,,,,,,,,,,,,,,,,,,,,,,,,,,,,,,,,,,,,,,,,,,,,,,,,,,,,,,,,,,,,,,,,,,,,,,,,,,,,,,,,,,,,,,,,,,,,,,,,,,,,
DesktopScreenshot9,108,Relative path (or URL to file in Partner Center),,,,,,,,,,,,,,,,,,,,,,,,,,,,,,,,,,,,,,,,,,,,,,,,,,,,,,,,,,,,,,,,,,,,,,,,,,,,,,,,,,,,,,,,,,,,,,,,,,,,,
DesktopScreenshot10,109,Relative path (or URL to file in Partner Center),,,,,,,,,,,,,,,,,,,,,,,,,,,,,,,,,,,,,,,,,,,,,,,,,,,,,,,,,,,,,,,,,,,,,,,,,,,,,,,,,,,,,,,,,,,,,,,,,,,,,
DesktopScreenshot11,110,Relative path (or URL to file in Partner Center),,,,,,,,,,,,,,,,,,,,,,,,,,,,,,,,,,,,,,,,,,,,,,,,,,,,,,,,,,,,,,,,,,,,,,,,,,,,,,,,,,,,,,,,,,,,,,,,,,,,,
DesktopScreenshot12,111,Relative path (or URL to file in Partner Center),,,,,,,,,,,,,,,,,,,,,,,,,,,,,,,,,,,,,,,,,,,,,,,,,,,,,,,,,,,,,,,,,,,,,,,,,,,,,,,,,,,,,,,,,,,,,,,,,,,,,
DesktopScreenshot13,112,Relative path (or URL to file in Partner Center),,,,,,,,,,,,,,,,,,,,,,,,,,,,,,,,,,,,,,,,,,,,,,,,,,,,,,,,,,,,,,,,,,,,,,,,,,,,,,,,,,,,,,,,,,,,,,,,,,,,,
DesktopScreenshot14,113,Relative path (or URL to file in Partner Center),,,,,,,,,,,,,,,,,,,,,,,,,,,,,,,,,,,,,,,,,,,,,,,,,,,,,,,,,,,,,,,,,,,,,,,,,,,,,,,,,,,,,,,,,,,,,,,,,,,,,
DesktopScreenshot15,114,Relative path (or URL to file in Partner Center),,,,,,,,,,,,,,,,,,,,,,,,,,,,,,,,,,,,,,,,,,,,,,,,,,,,,,,,,,,,,,,,,,,,,,,,,,,,,,,,,,,,,,,,,,,,,,,,,,,,,
DesktopScreenshot16,115,Relative path (or URL to file in Partner Center),,,,,,,,,,,,,,,,,,,,,,,,,,,,,,,,,,,,,,,,,,,,,,,,,,,,,,,,,,,,,,,,,,,,,,,,,,,,,,,,,,,,,,,,,,,,,,,,,,,,,
DesktopScreenshot17,116,Relative path (or URL to file in Partner Center),,,,,,,,,,,,,,,,,,,,,,,,,,,,,,,,,,,,,,,,,,,,,,,,,,,,,,,,,,,,,,,,,,,,,,,,,,,,,,,,,,,,,,,,,,,,,,,,,,,,,
DesktopScreenshot18,117,Relative path (or URL to file in Partner Center),,,,,,,,,,,,,,,,,,,,,,,,,,,,,,,,,,,,,,,,,,,,,,,,,,,,,,,,,,,,,,,,,,,,,,,,,,,,,,,,,,,,,,,,,,,,,,,,,,,,,
DesktopScreenshot19,118,Relative path (or URL to file in Partner Center),,,,,,,,,,,,,,,,,,,,,,,,,,,,,,,,,,,,,,,,,,,,,,,,,,,,,,,,,,,,,,,,,,,,,,,,,,,,,,,,,,,,,,,,,,,,,,,,,,,,,
DesktopScreenshot20,119,Relative path (or URL to file in Partner Center),,,,,,,,,,,,,,,,,,,,,,,,,,,,,,,,,,,,,,,,,,,,,,,,,,,,,,,,,,,,,,,,,,,,,,,,,,,,,,,,,,,,,,,,,,,,,,,,,,,,,
DesktopScreenshot21,120,Relative path (or URL to file in Partner Center),,,,,,,,,,,,,,,,,,,,,,,,,,,,,,,,,,,,,,,,,,,,,,,,,,,,,,,,,,,,,,,,,,,,,,,,,,,,,,,,,,,,,,,,,,,,,,,,,,,,,
DesktopScreenshot22,121,Relative path (or URL to file in Partner Center),,,,,,,,,,,,,,,,,,,,,,,,,,,,,,,,,,,,,,,,,,,,,,,,,,,,,,,,,,,,,,,,,,,,,,,,,,,,,,,,,,,,,,,,,,,,,,,,,,,,,
DesktopScreenshot23,122,Relative path (or URL to file in Partner Center),,,,,,,,,,,,,,,,,,,,,,,,,,,,,,,,,,,,,,,,,,,,,,,,,,,,,,,,,,,,,,,,,,,,,,,,,,,,,,,,,,,,,,,,,,,,,,,,,,,,,
DesktopScreenshot24,123,Relative path (or URL to file in Partner Center),,,,,,,,,,,,,,,,,,,,,,,,,,,,,,,,,,,,,,,,,,,,,,,,,,,,,,,,,,,,,,,,,,,,,,,,,,,,,,,,,,,,,,,,,,,,,,,,,,,,,
DesktopScreenshot25,124,Relative path (or URL to file in Partner Center),,,,,,,,,,,,,,,,,,,,,,,,,,,,,,,,,,,,,,,,,,,,,,,,,,,,,,,,,,,,,,,,,,,,,,,,,,,,,,,,,,,,,,,,,,,,,,,,,,,,,
DesktopScreenshot26,125,Relative path (or URL to file in Partner Center),,,,,,,,,,,,,,,,,,,,,,,,,,,,,,,,,,,,,,,,,,,,,,,,,,,,,,,,,,,,,,,,,,,,,,,,,,,,,,,,,,,,,,,,,,,,,,,,,,,,,
DesktopScreenshot27,126,Relative path (or URL to file in Partner Center),,,,,,,,,,,,,,,,,,,,,,,,,,,,,,,,,,,,,,,,,,,,,,,,,,,,,,,,,,,,,,,,,,,,,,,,,,,,,,,,,,,,,,,,,,,,,,,,,,,,,
DesktopScreenshot28,127,Relative path (or URL to file in Partner Center),,,,,,,,,,,,,,,,,,,,,,,,,,,,,,,,,,,,,,,,,,,,,,,,,,,,,,,,,,,,,,,,,,,,,,,,,,,,,,,,,,,,,,,,,,,,,,,,,,,,,
DesktopScreenshot29,128,Relative path (or URL to file in Partner Center),,,,,,,,,,,,,,,,,,,,,,,,,,,,,,,,,,,,,,,,,,,,,,,,,,,,,,,,,,,,,,,,,,,,,,,,,,,,,,,,,,,,,,,,,,,,,,,,,,,,,
DesktopScreenshot30,129,Relative path (or URL to file in Partner Center),,,,,,,,,,,,,,,,,,,,,,,,,,,,,,,,,,,,,,,,,,,,,,,,,,,,,,,,,,,,,,,,,,,,,,,,,,,,,,,,,,,,,,,,,,,,,,,,,,,,,
DesktopScreenshotCaption1,150,Text,"Sleek, transparent circular floating counter","Sleek, transparent circular floating counter","Banak i lëmuar, transparent rrethor lundrues",عداد عائم دائري أنيق وشفاف,"Slanke, deursigtige sirkelvormige drywende toonbank","চিকন, স্বচ্ছ বৃত্তাকাৰ ভাসমান কাউণ্টাৰ",ለስላሳ፣ ግልጽ ክብ ተንሳፋፊ ቆጣሪ,"Խնամված, թափանցիկ շրջանաձև լողացող հաշվիչ","Parlaq, şəffaf dairəvi üzən sayğac","মসৃণ, স্বচ্ছ বৃত্তাকার ভাসমান কাউন্টার",Kontadore flotagarri zirkular dotorea eta gardena,"Гладкі, празрысты круглы плаваючы лічыльнік","Elegantan, proziran kružni plutajući pult","Елегантен, прозрачен кръгъл плаващ брояч",Compteur flottant circulaire élégant et transparent,Taulell flotant circular elegant i transparent,"Sleek, transparent circular floating counter",光滑、透明的圆形浮动计数器,"Elegantan, prozirni kružni plutajući brojač","Elegantní, průhledný kruhový plovoucí pult","Slank, gennemsigtig cirkulær svævende disk",پیشخوان شناور دایره ای شفاف و براق,"Strakke, transparante ronde zwevende counter","Sleek, transparent circular floating counter","Stiilne, läbipaistev ringikujuline ujuv lett","Makinis, transparent na pabilog na lumulutang na counter","Tyylikäs, läpinäkyvä pyöreä kelluva laskuri",Compteur flottant circulaire élégant et transparent,Compteur flottant circulaire élégant et transparent,Contador flotante circular elegante e transparente,"გლუვი, გამჭვირვალე წრიული მცურავი დახლი","Schlanker, transparenter kreisförmiger schwebender Zähler","Κομψός, διαφανής κυκλικός πλωτός πάγκος","આકર્ષક, પારદર્શક ગોળાકાર ફ્લોટિંગ કાઉન્ટર","Sleek, madaidaicin madauwari mai iyo",דלפק צף עגול מלוטש ושקוף,"चिकना, पारदर्शी गोलाकार फ्लोटिंग काउंटर","Elegáns, átlátszó kör alakú lebegő pult","Sléttur, gagnsæ hringlaga fljótandi borði",Mpempe akwụkwọ na-ese n'elu okirikiri okirikiri mara mma,Penghitung mengambang melingkar yang ramping dan transparan,"Sleek, transparent circular floating counter","Cuntar snámh ciorclach sleek, trédhearcach","Ikhawuntara edadayo ethambileyo, ecacileyo","Isibali esintantayo esithambile, esikhanyayo esikhanyayo",Contatore mobile circolare elegante e trasparente,洗練された透明な円形フローティング カウンター,"ನಯವಾದ, ಪಾರದರ್ಶಕ ವೃತ್ತಾಕಾರದ ತೇಲುವ ಕೌಂಟರ್","Тегіс, мөлдір дөңгелек қалқымалы есептегіш",បញ្ជរអណ្តែតទឹករាងជារង្វង់រលោង ថ្លា,Contador flotante circular elegante y transparente,"Sleek, transparent circular floating counter","Sleek, transparent circular floating counter","Sleek, transparent circular floating counter",매끄럽고 투명한 원형 플로팅 카운터,"Sleek, transparent circular floating counter","Sleek, transparent circular floating counter","Sleek, transparent circular floating counter","Sleek, transparent circular floating counter","Sleek, transparent circular floating counter","Sleek, transparent circular floating counter","Sleek, transparent circular floating counter","Sleek, transparent circular floating counter","Sleek, transparent circular floating counter","Sleek, transparent circular floating counter","Sleek, transparent circular floating counter","Sleek, transparent circular floating counter","Sleek, transparent circular floating counter","Sleek, transparent circular floating counter","Sleek, transparent circular floating counter","Sleek, transparent circular floating counter","Sleek, transparent circular floating counter","Sleek, transparent circular floating counter","Elegancki, przezroczysty okrągły pływający licznik",Contador flutuante circular transparente e elegante,"Sleek, transparent circular floating counter","Sleek, transparent circular floating counter","Sleek, transparent circular floating counter","Элегантный, прозрачный круглый плавающий счетчик","Sleek, transparent circular floating counter","Sleek, transparent circular floating counter","Sleek, transparent circular floating counter","Sleek, transparent circular floating counter","Sleek, transparent circular floating counter","Sleek, transparent circular floating counter","Sleek, transparent circular floating counter","Sleek, transparent circular floating counter","Contador flotante circular, elegante y transparente",cirkulär ljus och fönster,"Sleek, transparent circular floating counter","Sleek, transparent circular floating counter","Sleek, transparent circular floating counter","Sleek, transparent circular floating counter","Sleek, transparent circular floating counter","Sleek, transparent circular floating counter","Şık, şeffaf dairesel kayan sayaç","Sleek, transparent circular floating counter","Sleek, transparent circular floating counter","Sleek, transparent circular floating counter","Sleek, transparent circular floating counter","Sleek, transparent circular floating counter"
DesktopScreenshotCaption2,151,Text,Adapts to Windows light and dark themes,Adapts to Windows light and dark themes,Përshtatet me temat e lehta dhe të errëta të Windows,يتكيف مع سمات Windows الفاتحة والداكنة,Pas aan by Windows ligte en donker temas,Windows লাইট আৰু ডাৰ্ক থিমসমূহলৈ এডাপেটসমূহ,ከዊንዶው ብርሃን እና ጨለማ ገጽታዎች ጋር ይስማማል።,Հարմարվում է Windows-ի թեթև և մութ թեմաներին,Windows açıq və qaranlıq mövzularına uyğunlaşır,উইন্ডোজ লাইট এবং ডার্ক থিমের সাথে খাপ খায়,Windows-eko gai argi eta ilunetara egokitzen da,Адаптуецца да светлых і цёмных тэм Windows,Prilagođava se Windows svijetlim i tamnim temama,Адаптира се към светли и тъмни теми на Windows,S'adapte aux thèmes clairs et sombres de Windows,S'adapta als temes clars i foscos de Windows,Adapts to Windows light and dark themes,适应 Windows 浅色和深色主题,Prilagođava se svijetlim i tamnim temama sustava Windows,Přizpůsobí se světlým a tmavým motivům Windows,Tilpasser sig til Windows lyse og mørke temaer,با تم های روشن و تاریک ویندوز سازگار می شود,Past zich aan de lichte en donkere Windows-thema's aan,Adapts to Windows light and dark themes,Kohandub Windowsi heledate ja tumedate teemadega,Iniangkop sa maliwanag at madilim na tema ng Windows,Mukautuu Windowsin vaaleisiin ja tummiin teemoihin,S'adapte aux thèmes clairs et sombres de Windows,S'adapte aux thèmes clairs et sombres de Windows,Adáptase aos temas claros e escuros de Windows,ადაპტირდება Windows-ის მსუბუქ და ბნელ თემებზე,Passt sich an helle und dunkle Windows-Designs an,Προσαρμόζεται σε ανοιχτά και σκοτεινά θέματα των Windows,વિન્ડોઝ લાઇટ અને ડાર્ક થીમ્સ માટે અનુકૂળ,Ya dace da hasken Windows da jigogi masu duhu,מתאים לנושאים בהירים וחשוכים של Windows,विंडोज लाइट और डार्क थीम के अनुकूल,Alkalmazkodik a Windows világos és sötét témáihoz,Aðlagast ljósum og dökkum þemum Windows,Na-adaba na ọkụ Windows na gburugburu gbara ọchịchịrị,Beradaptasi dengan tema terang dan gelap Windows,Adapts to Windows light and dark themes,In oiriúint do Windows téamaí éadrom agus dorcha,Iqhelanisa nokukhanya kweWindows kunye nemixholo emnyama,Ijwayelana nezindikimba ezikhanyayo nezimnyama ze-Windows,Si adatta ai temi chiari e scuri di Windows,Windows の明るいテーマと暗いテーマに適応,ವಿಂಡೋಸ್ ಲೈಟ್ ಮತ್ತು ಡಾರ್ಕ್ ಥೀಮ್‌ಗಳಿಗೆ ಹೊಂದಿಕೊಳ್ಳುತ್ತದೆ,Windows ашық және қараңғы тақырыптарына бейімделеді,សម្របទៅនឹងស្បែកស្រាល និងងងឹតរបស់វីនដូ,Se adapta a los temas claros y oscuros de Windows,Adapts to Windows light and dark themes,Adapts to Windows light and dark themes,Adapts to Windows light and dark themes,Windows 밝은 테마와 어두운 테마에 적응,Adapts to Windows light and dark themes,Adapts to Windows light and dark themes,Adapts to Windows light and dark themes,Adapts to Windows light and dark themes,Adapts to Windows light and dark themes,Adapts to Windows light and dark themes,Adapts to Windows light and dark themes,Adapts to Windows light and dark themes,Adapts to Windows light and dark themes,Adapts to Windows light and dark themes,Adapts to Windows light and dark themes,Adapts to Windows light and dark themes,Adapts to Windows light and dark themes,Adapts to Windows light and dark themes,Adapts to Windows light and dark themes,Adapts to Windows light and dark themes,Adapts to Windows light and dark themes,Adapts to Windows light and dark themes,Dopasowuje się do jasnych i ciemnych motywów systemu Windows,Adapta-se aos temas claros e escuros do Windows,Adapts to Windows light and dark themes,Adapts to Windows light and dark themes,Adapts to Windows light and dark themes,Адаптируется к светлым и темным темам Windows,Adapts to Windows light and dark themes,Adapts to Windows light and dark themes,Adapts to Windows light and dark themes,Adapts to Windows light and dark themes,Adapts to Windows light and dark themes,Adapts to Windows light and dark themes,Adapts to Windows light and dark themes,Adapts to Windows light and dark themes,Se adapta a los temas claros y oscuros de Windows,mörka teman,Adapts to Windows light and dark themes,Adapts to Windows light and dark themes,Adapts to Windows light and dark themes,Adapts to Windows light and dark themes,Adapts to Windows light and dark themes,Adapts to Windows light and dark themes,Windows açık ve karanlık temalarına uyum sağlar,Adapts to Windows light and dark themes,Adapts to Windows light and dark themes,Adapts to Windows light and dark themes,Adapts to Windows light and dark themes,Adapts to Windows light and dark themes
DesktopScreenshotCaption3,152,Text,Configurable global hotkey for easy tracking,Configurable global hotkey for easy tracking,Tasti kryesor global i konfigurueshëm për gjurmim të lehtë,مفتاح تشغيل سريع عالمي قابل للتكوين لسهولة التتبع,Konfigureerbare globale sneltoets vir maklike dop,সহজ অনুসৰণৰ বাবে বিন্যাসযোগ্য গ্লোবেল হটকি,ለቀላል ክትትል ሊዋቀር የሚችል ዓለም አቀፍ ሆትኪ,Կարգավորելի գլոբալ թեժ ստեղնը՝ հեշտ հետևելու համար,Asan izləmə üçün konfiqurasiya edilə bilən qlobal isti düymə,সহজ ট্র্যাকিংয়ের জন্য কনফিগারযোগ্য গ্লোবাল হটকি,Laster-tekla global konfiguragarria jarraipen errazerako,Наладжвальная глабальная гарачая клавіша для лёгкага адсочвання,Konfigurabilna globalna prečica za jednostavno praćenje,Конфигурируема глобална бърза клавишна комбинация за лесно проследяване,Raccourci global configurable pour un suivi facile,Tecla d'accés ràpid global configurable per a un seguiment fàcil,Configurable global hotkey for easy tracking,可配置的全局热键，方便跟踪,Konfigurabilna globalna prečaca za jednostavno praćenje,Konfigurovatelná globální klávesová zkratka pro snadné sledování,Konfigurerbar global genvejstast for nem sporing,کلید میانبر جهانی قابل تنظیم برای ردیابی آسان,Configureerbare algemene sneltoets voor eenvoudig volgen,Configurable global hotkey for easy tracking,Konfigureeritav globaalne kiirklahv lihtsaks jälgimiseks,Nako-configure ang pandaigdigang hotkey para sa madaling pagsubaybay,Muokattava globaali pikanäppäin helpottaa seurantaa,Raccourci global configurable pour un suivi facile,Raccourci global configurable pour un suivi facile,Tecla global configurable para un seguimento sinxelo,კონფიგურირებადი გლობალური ცხელი კლავიატურა მარტივი თვალყურის დევნებისთვის,Konfigurierbarer globaler Hotkey für einfache Verfolgung,Προσαρμόσιμο παγκόσμιο πλήκτρο πρόσβασης για εύκολη παρακολούθηση,સરળ ટ્રેકિંગ માટે રૂપરેખાંકિત વૈશ્વિક હોટકી,Maɓallin hotkey mai daidaitawa don sauƙin bin diddigi,מקש קיצור גלובלי ניתן להגדרה למעקב קל,आसान ट्रैकिंग के लिए कॉन्फ़िगर करने योग्य वैश्विक हॉटकी,Konfigurálható globális gyorsbillentyű az egyszerű nyomon követéshez,Stillanlegur alþjóðlegur flýtilykill til að auðvelda mælingar,Igwe ọkụ zuru ụwa ọnụ nwere ike ịhazi maka nsochi dị mfe,Hotkey global yang dapat dikonfigurasi untuk kemudahan pelacakan,Configurable global hotkey for easy tracking,Hotkey domhanda inchumraithe le haghaidh rianú éasca,Ihotkey yehlabathi eqwalaselweyo ukuze ilandelwe lula,I-hotkey yomhlaba wonke elungisekayo ukuze ilandelelwe kalula,Tasto di scelta rapida globale configurabile per un facile monitoraggio,簡単に追跡できるように構成可能なグローバル ホットキー,ಸುಲಭ ಟ್ರ್ಯಾಕಿಂಗ್‌ಗಾಗಿ ಕಾನ್ಫಿಗರ್ ಮಾಡಬಹುದಾದ ಜಾಗತಿಕ ಹಾಟ್‌ಕೀ,Оңай бақылау үшін конфигурацияланатын жаһандық жылдам перне,កំណត់រចនាសម្ព័ន្ធ hotkey សកលសម្រាប់ការតាមដានងាយស្រួល,Tecla de acceso rápido global configurable para un fácil seguimiento,Configurable global hotkey for easy tracking,Configurable global hotkey for easy tracking,Configurable global hotkey for easy tracking,쉽게 추적할 수 있도록 구성 가능한 전역 단축키,Configurable global hotkey for easy tracking,Configurable global hotkey for easy tracking,Configurable global hotkey for easy tracking,Configurable global hotkey for easy tracking,Configurable global hotkey for easy tracking,Configurable global hotkey for easy tracking,Configurable global hotkey for easy tracking,Configurable global hotkey for easy tracking,Configurable global hotkey for easy tracking,Configurable global hotkey for easy tracking,Configurable global hotkey for easy tracking,Configurable global hotkey for easy tracking,Configurable global hotkey for easy tracking,Configurable global hotkey for easy tracking,Configurable global hotkey for easy tracking,Configurable global hotkey for easy tracking,Configurable global hotkey for easy tracking,Configurable global hotkey for easy tracking,Konfigurowalny globalny klawisz skrótu do łatwego śledzenia,Tecla de atalho global configurável para fácil rastreamento,Configurable global hotkey for easy tracking,Configurable global hotkey for easy tracking,Configurable global hotkey for easy tracking,Настраиваемая глобальная горячая клавиша для легкого отслеживания,Configurable global hotkey for easy tracking,Configurable global hotkey for easy tracking,Configurable global hotkey for easy tracking,Configurable global hotkey for easy tracking,Configurable global hotkey for easy tracking,Configurable global hotkey for easy tracking,Configurable global hotkey for easy tracking,Configurable global hotkey for easy tracking,Tecla de acceso rápido global configurable para un fácil seguimiento,Konfigurerbar global snabbtangent för enkel spårning,Configurable global hotkey for easy tracking,Configurable global hotkey for easy tracking,Configurable global hotkey for easy tracking,Configurable global hotkey for easy tracking,Configurable global hotkey for easy tracking,Configurable global hotkey for easy tracking,Kolay takip için yapılandırılabilir küresel kısayol tuşu,Configurable global hotkey for easy tracking,Configurable global hotkey for easy tracking,Configurable global hotkey for easy tracking,Configurable global hotkey for easy tracking,Configurable global hotkey for easy tracking
DesktopScreenshotCaption4,153,Text,Pulse and bounce animations on increments,Pulse and bounce animations on increments,Animacione me pulsime dhe kërcime në rritje,رسوم متحركة نبضية وارتدادية بزيادات,Pols en weerkaats animasies met inkremente,বৃদ্ধিৰ ওপৰত পালছ আৰু বাউন্স এনিমেচনসমূহ,በጨመረው ላይ እነማዎችን ይምቱ እና ያነሳሱ,Զարկերակային և ցատկման անիմացիաներ՝ ավելացումներով,Artımlarla nəbz və sıçrayış animasiyaları,ইনক্রিমেন্টে পালস এবং বাউন্স অ্যানিমেশন,Pultsu eta errebote animazioak gehikuntzan,Анімацыя пульса і адскоку з крокам,Animacije pulsiranja i odbijanja u koracima,Пулсиращи и отскачащи анимации на стъпки,Animations d'impulsions et de rebonds par incréments,Animacions de pols i rebots en increments,Pulse and bounce animations on increments,增量脉冲和弹跳动画,Pulsiranje i animacije odbijanja u koracima,Animace pulzů a odskoků v přírůstcích,Pulser og hopper animationer i trin,انیمیشن های پالس و پرش در افزایش,Puls- en bounce-animaties in stappen,Pulse and bounce animations on increments,Pulsi- ja põrkeanimatsioonid sammuga,Pulse at bounce animation sa mga increment,Pulssi- ​​ja pomppianimaatiot portaittain,Animations d'impulsions et de rebonds par incréments,Animations d'impulsions et de rebonds par incréments,Animacións de pulso e rebote en incrementos,პულსი და ამუშავების ანიმაციები მატებით,Pulsieren und springen Sie Animationen in Schritten,Κινούμενα σχέδια με παλμό και αναπήδηση σε βήματα,ઇન્ક્રીમેન્ટ પર પલ્સ અને બાઉન્સ એનિમેશન,Pulse da billa rayarwa akan kari,דופק והקפיץ אנימציות במרווחים,वेतन वृद्धि पर पल्स और बाउंस एनिमेशन,Impulzus és visszapattanó animációk lépésenként,Púls og hopp hreyfimyndir á stigum,Pulse na bounce animation na ịrị elu,Animasi denyut dan pantulan secara bertahap,Pulse and bounce animations on increments,Beochan Pulse agus Preab ar incrimintí,Ukubetha kunye noopopayi ngokunyuka,Pulse futhi bounce opopayi ngokunyuka,Animazioni di impulsi e rimbalzi con incrementi,パルスとバウンスのアニメーションを段階的に追加,ಏರಿಕೆಗಳಲ್ಲಿ ಪಲ್ಸ್ ಮತ್ತು ಬೌನ್ಸ್ ಅನಿಮೇಷನ್,Импульстік және серпінді анимациялар қадамдар бойынша,ជីពចរ និងចលនាលោតឡើងៗ,Animaciones de pulso y rebote en incrementos,Pulse and bounce animations on increments,Pulse and bounce animations on increments,Pulse and bounce animations on increments,펄스 및 바운스 애니메이션 증가,Pulse and bounce animations on increments,Pulse and bounce animations on increments,Pulse and bounce animations on increments,Pulse and bounce animations on increments,Pulse and bounce animations on increments,Pulse and bounce animations on increments,Pulse and bounce animations on increments,Pulse and bounce animations on increments,Pulse and bounce animations on increments,Pulse and bounce animations on increments,Pulse and bounce animations on increments,Pulse and bounce animations on increments,Pulse and bounce animations on increments,Pulse and bounce animations on increments,Pulse and bounce animations on increments,Pulse and bounce animations on increments,Pulse and bounce animations on increments,Pulse and bounce animations on increments,Animacje pulsu i odbicia w krokach,Animações de pulso e salto em incrementos,Pulse and bounce animations on increments,Pulse and bounce animations on increments,Pulse and bounce animations on increments,Анимация пульса и подпрыгивания с шагом,Pulse and bounce animations on increments,Pulse and bounce animations on increments,Pulse and bounce animations on increments,Pulse and bounce animations on increments,Pulse and bounce animations on increments,Pulse and bounce animations on increments,Pulse and bounce animations on increments,Pulse and bounce animations on increments,Animaciones de pulso y rebote en incrementos,Puls- och studsanimationer i steg,Pulse and bounce animations on increments,Pulse and bounce animations on increments,Pulse and bounce animations on increments,Pulse and bounce animations on increments,Pulse and bounce animations on increments,Pulse and bounce animations on increments,Artışlarla darbe ve sıçrama animasyonları,Pulse and bounce animations on increments,Pulse and bounce animations on increments,Pulse and bounce animations on increments,Pulse and bounce animations on increments,Pulse and bounce animations on increments
DesktopScreenshotCaption5,154,Text,,,,,,,,,,,,,,,,,,,,,,,,,,,,,,,,,,,,,,,,,,,,,,,,,,,,,,,,,,,,,,,,,,,,,,,,,,,,,,,,,,,,,,,,,,,,,,,,,,,,,
DesktopScreenshotCaption6,155,Text,,,,,,,,,,,,,,,,,,,,,,,,,,,,,,,,,,,,,,,,,,,,,,,,,,,,,,,,,,,,,,,,,,,,,,,,,,,,,,,,,,,,,,,,,,,,,,,,,,,,,
DesktopScreenshotCaption7,156,Text,,,,,,,,,,,,,,,,,,,,,,,,,,,,,,,,,,,,,,,,,,,,,,,,,,,,,,,,,,,,,,,,,,,,,,,,,,,,,,,,,,,,,,,,,,,,,,,,,,,,,
DesktopScreenshotCaption8,157,Text,,,,,,,,,,,,,,,,,,,,,,,,,,,,,,,,,,,,,,,,,,,,,,,,,,,,,,,,,,,,,,,,,,,,,,,,,,,,,,,,,,,,,,,,,,,,,,,,,,,,,
DesktopScreenshotCaption9,158,Text,,,,,,,,,,,,,,,,,,,,,,,,,,,,,,,,,,,,,,,,,,,,,,,,,,,,,,,,,,,,,,,,,,,,,,,,,,,,,,,,,,,,,,,,,,,,,,,,,,,,,
DesktopScreenshotCaption10,159,Text,,,,,,,,,,,,,,,,,,,,,,,,,,,,,,,,,,,,,,,,,,,,,,,,,,,,,,,,,,,,,,,,,,,,,,,,,,,,,,,,,,,,,,,,,,,,,,,,,,,,,
DesktopScreenshotCaption11,160,Text,,,,,,,,,,,,,,,,,,,,,,,,,,,,,,,,,,,,,,,,,,,,,,,,,,,,,,,,,,,,,,,,,,,,,,,,,,,,,,,,,,,,,,,,,,,,,,,,,,,,,
DesktopScreenshotCaption12,161,Text,,,,,,,,,,,,,,,,,,,,,,,,,,,,,,,,,,,,,,,,,,,,,,,,,,,,,,,,,,,,,,,,,,,,,,,,,,,,,,,,,,,,,,,,,,,,,,,,,,,,,
DesktopScreenshotCaption13,162,Text,,,,,,,,,,,,,,,,,,,,,,,,,,,,,,,,,,,,,,,,,,,,,,,,,,,,,,,,,,,,,,,,,,,,,,,,,,,,,,,,,,,,,,,,,,,,,,,,,,,,,
DesktopScreenshotCaption14,163,Text,,,,,,,,,,,,,,,,,,,,,,,,,,,,,,,,,,,,,,,,,,,,,,,,,,,,,,,,,,,,,,,,,,,,,,,,,,,,,,,,,,,,,,,,,,,,,,,,,,,,,
DesktopScreenshotCaption15,164,Text,,,,,,,,,,,,,,,,,,,,,,,,,,,,,,,,,,,,,,,,,,,,,,,,,,,,,,,,,,,,,,,,,,,,,,,,,,,,,,,,,,,,,,,,,,,,,,,,,,,,,
DesktopScreenshotCaption16,165,Text,,,,,,,,,,,,,,,,,,,,,,,,,,,,,,,,,,,,,,,,,,,,,,,,,,,,,,,,,,,,,,,,,,,,,,,,,,,,,,,,,,,,,,,,,,,,,,,,,,,,,
DesktopScreenshotCaption17,166,Text,,,,,,,,,,,,,,,,,,,,,,,,,,,,,,,,,,,,,,,,,,,,,,,,,,,,,,,,,,,,,,,,,,,,,,,,,,,,,,,,,,,,,,,,,,,,,,,,,,,,,
DesktopScreenshotCaption18,167,Text,,,,,,,,,,,,,,,,,,,,,,,,,,,,,,,,,,,,,,,,,,,,,,,,,,,,,,,,,,,,,,,,,,,,,,,,,,,,,,,,,,,,,,,,,,,,,,,,,,,,,
DesktopScreenshotCaption19,168,Text,,,,,,,,,,,,,,,,,,,,,,,,,,,,,,,,,,,,,,,,,,,,,,,,,,,,,,,,,,,,,,,,,,,,,,,,,,,,,,,,,,,,,,,,,,,,,,,,,,,,,
DesktopScreenshotCaption20,169,Text,,,,,,,,,,,,,,,,,,,,,,,,,,,,,,,,,,,,,,,,,,,,,,,,,,,,,,,,,,,,,,,,,,,,,,,,,,,,,,,,,,,,,,,,,,,,,,,,,,,,,
DesktopScreenshotCaption21,170,Text,,,,,,,,,,,,,,,,,,,,,,,,,,,,,,,,,,,,,,,,,,,,,,,,,,,,,,,,,,,,,,,,,,,,,,,,,,,,,,,,,,,,,,,,,,,,,,,,,,,,,
DesktopScreenshotCaption22,171,Text,,,,,,,,,,,,,,,,,,,,,,,,,,,,,,,,,,,,,,,,,,,,,,,,,,,,,,,,,,,,,,,,,,,,,,,,,,,,,,,,,,,,,,,,,,,,,,,,,,,,,
DesktopScreenshotCaption23,172,Text,,,,,,,,,,,,,,,,,,,,,,,,,,,,,,,,,,,,,,,,,,,,,,,,,,,,,,,,,,,,,,,,,,,,,,,,,,,,,,,,,,,,,,,,,,,,,,,,,,,,,
DesktopScreenshotCaption24,173,Text,,,,,,,,,,,,,,,,,,,,,,,,,,,,,,,,,,,,,,,,,,,,,,,,,,,,,,,,,,,,,,,,,,,,,,,,,,,,,,,,,,,,,,,,,,,,,,,,,,,,,
DesktopScreenshotCaption25,174,Text,,,,,,,,,,,,,,,,,,,,,,,,,,,,,,,,,,,,,,,,,,,,,,,,,,,,,,,,,,,,,,,,,,,,,,,,,,,,,,,,,,,,,,,,,,,,,,,,,,,,,
DesktopScreenshotCaption26,175,Text,,,,,,,,,,,,,,,,,,,,,,,,,,,,,,,,,,,,,,,,,,,,,,,,,,,,,,,,,,,,,,,,,,,,,,,,,,,,,,,,,,,,,,,,,,,,,,,,,,,,,
DesktopScreenshotCaption27,176,Text,,,,,,,,,,,,,,,,,,,,,,,,,,,,,,,,,,,,,,,,,,,,,,,,,,,,,,,,,,,,,,,,,,,,,,,,,,,,,,,,,,,,,,,,,,,,,,,,,,,,,
DesktopScreenshotCaption28,177,Text,,,,,,,,,,,,,,,,,,,,,,,,,,,,,,,,,,,,,,,,,,,,,,,,,,,,,,,,,,,,,,,,,,,,,,,,,,,,,,,,,,,,,,,,,,,,,,,,,,,,,
DesktopScreenshotCaption29,178,Text,,,,,,,,,,,,,,,,,,,,,,,,,,,,,,,,,,,,,,,,,,,,,,,,,,,,,,,,,,,,,,,,,,,,,,,,,,,,,,,,,,,,,,,,,,,,,,,,,,,,,
DesktopScreenshotCaption30,179,Text,,,,,,,,,,,,,,,,,,,,,,,,,,,,,,,,,,,,,,,,,,,,,,,,,,,,,,,,,,,,,,,,,,,,,,,,,,,,,,,,,,,,,,,,,,,,,,,,,,,,,
MobileScreenshot1,200,Relative path (or URL to file in Partner Center),,,,,,,,,,,,,,,,,,,,,,,,,,,,,,,,,,,,,,,,,,,,,,,,,,,,,,,,,,,,,,,,,,,,,,,,,,,,,,,,,,,,,,,,,,,,,,,,,,,,,
MobileScreenshot2,201,Relative path (or URL to file in Partner Center),,,,,,,,,,,,,,,,,,,,,,,,,,,,,,,,,,,,,,,,,,,,,,,,,,,,,,,,,,,,,,,,,,,,,,,,,,,,,,,,,,,,,,,,,,,,,,,,,,,,,
MobileScreenshot3,202,Relative path (or URL to file in Partner Center),,,,,,,,,,,,,,,,,,,,,,,,,,,,,,,,,,,,,,,,,,,,,,,,,,,,,,,,,,,,,,,,,,,,,,,,,,,,,,,,,,,,,,,,,,,,,,,,,,,,,
MobileScreenshot4,203,Relative path (or URL to file in Partner Center),,,,,,,,,,,,,,,,,,,,,,,,,,,,,,,,,,,,,,,,,,,,,,,,,,,,,,,,,,,,,,,,,,,,,,,,,,,,,,,,,,,,,,,,,,,,,,,,,,,,,
MobileScreenshot5,204,Relative path (or URL to file in Partner Center),,,,,,,,,,,,,,,,,,,,,,,,,,,,,,,,,,,,,,,,,,,,,,,,,,,,,,,,,,,,,,,,,,,,,,,,,,,,,,,,,,,,,,,,,,,,,,,,,,,,,
MobileScreenshot6,205,Relative path (or URL to file in Partner Center),,,,,,,,,,,,,,,,,,,,,,,,,,,,,,,,,,,,,,,,,,,,,,,,,,,,,,,,,,,,,,,,,,,,,,,,,,,,,,,,,,,,,,,,,,,,,,,,,,,,,
MobileScreenshot7,206,Relative path (or URL to file in Partner Center),,,,,,,,,,,,,,,,,,,,,,,,,,,,,,,,,,,,,,,,,,,,,,,,,,,,,,,,,,,,,,,,,,,,,,,,,,,,,,,,,,,,,,,,,,,,,,,,,,,,,
MobileScreenshot8,207,Relative path (or URL to file in Partner Center),,,,,,,,,,,,,,,,,,,,,,,,,,,,,,,,,,,,,,,,,,,,,,,,,,,,,,,,,,,,,,,,,,,,,,,,,,,,,,,,,,,,,,,,,,,,,,,,,,,,,
MobileScreenshot9,208,Relative path (or URL to file in Partner Center),,,,,,,,,,,,,,,,,,,,,,,,,,,,,,,,,,,,,,,,,,,,,,,,,,,,,,,,,,,,,,,,,,,,,,,,,,,,,,,,,,,,,,,,,,,,,,,,,,,,,
MobileScreenshot10,209,Relative path (or URL to file in Partner Center),,,,,,,,,,,,,,,,,,,,,,,,,,,,,,,,,,,,,,,,,,,,,,,,,,,,,,,,,,,,,,,,,,,,,,,,,,,,,,,,,,,,,,,,,,,,,,,,,,,,,
MobileScreenshot11,210,Relative path (or URL to file in Partner Center),,,,,,,,,,,,,,,,,,,,,,,,,,,,,,,,,,,,,,,,,,,,,,,,,,,,,,,,,,,,,,,,,,,,,,,,,,,,,,,,,,,,,,,,,,,,,,,,,,,,,
MobileScreenshot12,211,Relative path (or URL to file in Partner Center),,,,,,,,,,,,,,,,,,,,,,,,,,,,,,,,,,,,,,,,,,,,,,,,,,,,,,,,,,,,,,,,,,,,,,,,,,,,,,,,,,,,,,,,,,,,,,,,,,,,,
MobileScreenshot13,212,Relative path (or URL to file in Partner Center),,,,,,,,,,,,,,,,,,,,,,,,,,,,,,,,,,,,,,,,,,,,,,,,,,,,,,,,,,,,,,,,,,,,,,,,,,,,,,,,,,,,,,,,,,,,,,,,,,,,,
MobileScreenshot14,213,Relative path (or URL to file in Partner Center),,,,,,,,,,,,,,,,,,,,,,,,,,,,,,,,,,,,,,,,,,,,,,,,,,,,,,,,,,,,,,,,,,,,,,,,,,,,,,,,,,,,,,,,,,,,,,,,,,,,,
MobileScreenshot15,214,Relative path (or URL to file in Partner Center),,,,,,,,,,,,,,,,,,,,,,,,,,,,,,,,,,,,,,,,,,,,,,,,,,,,,,,,,,,,,,,,,,,,,,,,,,,,,,,,,,,,,,,,,,,,,,,,,,,,,
MobileScreenshot16,215,Relative path (or URL to file in Partner Center),,,,,,,,,,,,,,,,,,,,,,,,,,,,,,,,,,,,,,,,,,,,,,,,,,,,,,,,,,,,,,,,,,,,,,,,,,,,,,,,,,,,,,,,,,,,,,,,,,,,,
MobileScreenshot17,216,Relative path (or URL to file in Partner Center),,,,,,,,,,,,,,,,,,,,,,,,,,,,,,,,,,,,,,,,,,,,,,,,,,,,,,,,,,,,,,,,,,,,,,,,,,,,,,,,,,,,,,,,,,,,,,,,,,,,,
MobileScreenshot18,217,Relative path (or URL to file in Partner Center),,,,,,,,,,,,,,,,,,,,,,,,,,,,,,,,,,,,,,,,,,,,,,,,,,,,,,,,,,,,,,,,,,,,,,,,,,,,,,,,,,,,,,,,,,,,,,,,,,,,,
MobileScreenshot19,218,Relative path (or URL to file in Partner Center),,,,,,,,,,,,,,,,,,,,,,,,,,,,,,,,,,,,,,,,,,,,,,,,,,,,,,,,,,,,,,,,,,,,,,,,,,,,,,,,,,,,,,,,,,,,,,,,,,,,,
MobileScreenshot20,219,Relative path (or URL to file in Partner Center),,,,,,,,,,,,,,,,,,,,,,,,,,,,,,,,,,,,,,,,,,,,,,,,,,,,,,,,,,,,,,,,,,,,,,,,,,,,,,,,,,,,,,,,,,,,,,,,,,,,,
MobileScreenshot21,220,Relative path (or URL to file in Partner Center),,,,,,,,,,,,,,,,,,,,,,,,,,,,,,,,,,,,,,,,,,,,,,,,,,,,,,,,,,,,,,,,,,,,,,,,,,,,,,,,,,,,,,,,,,,,,,,,,,,,,
MobileScreenshot22,221,Relative path (or URL to file in Partner Center),,,,,,,,,,,,,,,,,,,,,,,,,,,,,,,,,,,,,,,,,,,,,,,,,,,,,,,,,,,,,,,,,,,,,,,,,,,,,,,,,,,,,,,,,,,,,,,,,,,,,
MobileScreenshot23,222,Relative path (or URL to file in Partner Center),,,,,,,,,,,,,,,,,,,,,,,,,,,,,,,,,,,,,,,,,,,,,,,,,,,,,,,,,,,,,,,,,,,,,,,,,,,,,,,,,,,,,,,,,,,,,,,,,,,,,
MobileScreenshot24,223,Relative path (or URL to file in Partner Center),,,,,,,,,,,,,,,,,,,,,,,,,,,,,,,,,,,,,,,,,,,,,,,,,,,,,,,,,,,,,,,,,,,,,,,,,,,,,,,,,,,,,,,,,,,,,,,,,,,,,
MobileScreenshot25,224,Relative path (or URL to file in Partner Center),,,,,,,,,,,,,,,,,,,,,,,,,,,,,,,,,,,,,,,,,,,,,,,,,,,,,,,,,,,,,,,,,,,,,,,,,,,,,,,,,,,,,,,,,,,,,,,,,,,,,
MobileScreenshot26,225,Relative path (or URL to file in Partner Center),,,,,,,,,,,,,,,,,,,,,,,,,,,,,,,,,,,,,,,,,,,,,,,,,,,,,,,,,,,,,,,,,,,,,,,,,,,,,,,,,,,,,,,,,,,,,,,,,,,,,
MobileScreenshot27,226,Relative path (or URL to file in Partner Center),,,,,,,,,,,,,,,,,,,,,,,,,,,,,,,,,,,,,,,,,,,,,,,,,,,,,,,,,,,,,,,,,,,,,,,,,,,,,,,,,,,,,,,,,,,,,,,,,,,,,
MobileScreenshot28,227,Relative path (or URL to file in Partner Center),,,,,,,,,,,,,,,,,,,,,,,,,,,,,,,,,,,,,,,,,,,,,,,,,,,,,,,,,,,,,,,,,,,,,,,,,,,,,,,,,,,,,,,,,,,,,,,,,,,,,
MobileScreenshot29,228,Relative path (or URL to file in Partner Center),,,,,,,,,,,,,,,,,,,,,,,,,,,,,,,,,,,,,,,,,,,,,,,,,,,,,,,,,,,,,,,,,,,,,,,,,,,,,,,,,,,,,,,,,,,,,,,,,,,,,
MobileScreenshot30,229,Relative path (or URL to file in Partner Center),,,,,,,,,,,,,,,,,,,,,,,,,,,,,,,,,,,,,,,,,,,,,,,,,,,,,,,,,,,,,,,,,,,,,,,,,,,,,,,,,,,,,,,,,,,,,,,,,,,,,
MobileScreenshotCaption1,250,Text,,,,,,,,,,,,,,,,,,,,,,,,,,,,,,,,,,,,,,,,,,,,,,,,,,,,,,,,,,,,,,,,,,,,,,,,,,,,,,,,,,,,,,,,,,,,,,,,,,,,,
MobileScreenshotCaption2,251,Text,,,,,,,,,,,,,,,,,,,,,,,,,,,,,,,,,,,,,,,,,,,,,,,,,,,,,,,,,,,,,,,,,,,,,,,,,,,,,,,,,,,,,,,,,,,,,,,,,,,,,
MobileScreenshotCaption3,252,Text,,,,,,,,,,,,,,,,,,,,,,,,,,,,,,,,,,,,,,,,,,,,,,,,,,,,,,,,,,,,,,,,,,,,,,,,,,,,,,,,,,,,,,,,,,,,,,,,,,,,,
MobileScreenshotCaption4,253,Text,,,,,,,,,,,,,,,,,,,,,,,,,,,,,,,,,,,,,,,,,,,,,,,,,,,,,,,,,,,,,,,,,,,,,,,,,,,,,,,,,,,,,,,,,,,,,,,,,,,,,
MobileScreenshotCaption5,254,Text,,,,,,,,,,,,,,,,,,,,,,,,,,,,,,,,,,,,,,,,,,,,,,,,,,,,,,,,,,,,,,,,,,,,,,,,,,,,,,,,,,,,,,,,,,,,,,,,,,,,,
MobileScreenshotCaption6,255,Text,,,,,,,,,,,,,,,,,,,,,,,,,,,,,,,,,,,,,,,,,,,,,,,,,,,,,,,,,,,,,,,,,,,,,,,,,,,,,,,,,,,,,,,,,,,,,,,,,,,,,
MobileScreenshotCaption7,256,Text,,,,,,,,,,,,,,,,,,,,,,,,,,,,,,,,,,,,,,,,,,,,,,,,,,,,,,,,,,,,,,,,,,,,,,,,,,,,,,,,,,,,,,,,,,,,,,,,,,,,,
MobileScreenshotCaption8,257,Text,,,,,,,,,,,,,,,,,,,,,,,,,,,,,,,,,,,,,,,,,,,,,,,,,,,,,,,,,,,,,,,,,,,,,,,,,,,,,,,,,,,,,,,,,,,,,,,,,,,,,
MobileScreenshotCaption9,258,Text,,,,,,,,,,,,,,,,,,,,,,,,,,,,,,,,,,,,,,,,,,,,,,,,,,,,,,,,,,,,,,,,,,,,,,,,,,,,,,,,,,,,,,,,,,,,,,,,,,,,,
MobileScreenshotCaption10,259,Text,,,,,,,,,,,,,,,,,,,,,,,,,,,,,,,,,,,,,,,,,,,,,,,,,,,,,,,,,,,,,,,,,,,,,,,,,,,,,,,,,,,,,,,,,,,,,,,,,,,,,
MobileScreenshotCaption11,260,Text,,,,,,,,,,,,,,,,,,,,,,,,,,,,,,,,,,,,,,,,,,,,,,,,,,,,,,,,,,,,,,,,,,,,,,,,,,,,,,,,,,,,,,,,,,,,,,,,,,,,,
MobileScreenshotCaption12,261,Text,,,,,,,,,,,,,,,,,,,,,,,,,,,,,,,,,,,,,,,,,,,,,,,,,,,,,,,,,,,,,,,,,,,,,,,,,,,,,,,,,,,,,,,,,,,,,,,,,,,,,
MobileScreenshotCaption13,262,Text,,,,,,,,,,,,,,,,,,,,,,,,,,,,,,,,,,,,,,,,,,,,,,,,,,,,,,,,,,,,,,,,,,,,,,,,,,,,,,,,,,,,,,,,,,,,,,,,,,,,,
MobileScreenshotCaption14,263,Text,,,,,,,,,,,,,,,,,,,,,,,,,,,,,,,,,,,,,,,,,,,,,,,,,,,,,,,,,,,,,,,,,,,,,,,,,,,,,,,,,,,,,,,,,,,,,,,,,,,,,
MobileScreenshotCaption15,264,Text,,,,,,,,,,,,,,,,,,,,,,,,,,,,,,,,,,,,,,,,,,,,,,,,,,,,,,,,,,,,,,,,,,,,,,,,,,,,,,,,,,,,,,,,,,,,,,,,,,,,,
MobileScreenshotCaption16,265,Text,,,,,,,,,,,,,,,,,,,,,,,,,,,,,,,,,,,,,,,,,,,,,,,,,,,,,,,,,,,,,,,,,,,,,,,,,,,,,,,,,,,,,,,,,,,,,,,,,,,,,
MobileScreenshotCaption17,266,Text,,,,,,,,,,,,,,,,,,,,,,,,,,,,,,,,,,,,,,,,,,,,,,,,,,,,,,,,,,,,,,,,,,,,,,,,,,,,,,,,,,,,,,,,,,,,,,,,,,,,,
MobileScreenshotCaption18,267,Text,,,,,,,,,,,,,,,,,,,,,,,,,,,,,,,,,,,,,,,,,,,,,,,,,,,,,,,,,,,,,,,,,,,,,,,,,,,,,,,,,,,,,,,,,,,,,,,,,,,,,
MobileScreenshotCaption19,268,Text,,,,,,,,,,,,,,,,,,,,,,,,,,,,,,,,,,,,,,,,,,,,,,,,,,,,,,,,,,,,,,,,,,,,,,,,,,,,,,,,,,,,,,,,,,,,,,,,,,,,,
MobileScreenshotCaption20,269,Text,,,,,,,,,,,,,,,,,,,,,,,,,,,,,,,,,,,,,,,,,,,,,,,,,,,,,,,,,,,,,,,,,,,,,,,,,,,,,,,,,,,,,,,,,,,,,,,,,,,,,
MobileScreenshotCaption21,270,Text,,,,,,,,,,,,,,,,,,,,,,,,,,,,,,,,,,,,,,,,,,,,,,,,,,,,,,,,,,,,,,,,,,,,,,,,,,,,,,,,,,,,,,,,,,,,,,,,,,,,,
MobileScreenshotCaption22,271,Text,,,,,,,,,,,,,,,,,,,,,,,,,,,,,,,,,,,,,,,,,,,,,,,,,,,,,,,,,,,,,,,,,,,,,,,,,,,,,,,,,,,,,,,,,,,,,,,,,,,,,
MobileScreenshotCaption23,272,Text,,,,,,,,,,,,,,,,,,,,,,,,,,,,,,,,,,,,,,,,,,,,,,,,,,,,,,,,,,,,,,,,,,,,,,,,,,,,,,,,,,,,,,,,,,,,,,,,,,,,,
MobileScreenshotCaption24,273,Text,,,,,,,,,,,,,,,,,,,,,,,,,,,,,,,,,,,,,,,,,,,,,,,,,,,,,,,,,,,,,,,,,,,,,,,,,,,,,,,,,,,,,,,,,,,,,,,,,,,,,
MobileScreenshotCaption25,274,Text,,,,,,,,,,,,,,,,,,,,,,,,,,,,,,,,,,,,,,,,,,,,,,,,,,,,,,,,,,,,,,,,,,,,,,,,,,,,,,,,,,,,,,,,,,,,,,,,,,,,,
MobileScreenshotCaption26,275,Text,,,,,,,,,,,,,,,,,,,,,,,,,,,,,,,,,,,,,,,,,,,,,,,,,,,,,,,,,,,,,,,,,,,,,,,,,,,,,,,,,,,,,,,,,,,,,,,,,,,,,
MobileScreenshotCaption27,276,Text,,,,,,,,,,,,,,,,,,,,,,,,,,,,,,,,,,,,,,,,,,,,,,,,,,,,,,,,,,,,,,,,,,,,,,,,,,,,,,,,,,,,,,,,,,,,,,,,,,,,,
MobileScreenshotCaption28,277,Text,,,,,,,,,,,,,,,,,,,,,,,,,,,,,,,,,,,,,,,,,,,,,,,,,,,,,,,,,,,,,,,,,,,,,,,,,,,,,,,,,,,,,,,,,,,,,,,,,,,,,
MobileScreenshotCaption29,278,Text,,,,,,,,,,,,,,,,,,,,,,,,,,,,,,,,,,,,,,,,,,,,,,,,,,,,,,,,,,,,,,,,,,,,,,,,,,,,,,,,,,,,,,,,,,,,,,,,,,,,,
MobileScreenshotCaption30,279,Text,,,,,,,,,,,,,,,,,,,,,,,,,,,,,,,,,,,,,,,,,,,,,,,,,,,,,,,,,,,,,,,,,,,,,,,,,,,,,,,,,,,,,,,,,,,,,,,,,,,,,
XboxScreenshot1,300,Relative path (or URL to file in Partner Center),,,,,,,,,,,,,,,,,,,,,,,,,,,,,,,,,,,,,,,,,,,,,,,,,,,,,,,,,,,,,,,,,,,,,,,,,,,,,,,,,,,,,,,,,,,,,,,,,,,,,
XboxScreenshot2,301,Relative path (or URL to file in Partner Center),,,,,,,,,,,,,,,,,,,,,,,,,,,,,,,,,,,,,,,,,,,,,,,,,,,,,,,,,,,,,,,,,,,,,,,,,,,,,,,,,,,,,,,,,,,,,,,,,,,,,
XboxScreenshot3,302,Relative path (or URL to file in Partner Center),,,,,,,,,,,,,,,,,,,,,,,,,,,,,,,,,,,,,,,,,,,,,,,,,,,,,,,,,,,,,,,,,,,,,,,,,,,,,,,,,,,,,,,,,,,,,,,,,,,,,
XboxScreenshot4,303,Relative path (or URL to file in Partner Center),,,,,,,,,,,,,,,,,,,,,,,,,,,,,,,,,,,,,,,,,,,,,,,,,,,,,,,,,,,,,,,,,,,,,,,,,,,,,,,,,,,,,,,,,,,,,,,,,,,,,
XboxScreenshot5,304,Relative path (or URL to file in Partner Center),,,,,,,,,,,,,,,,,,,,,,,,,,,,,,,,,,,,,,,,,,,,,,,,,,,,,,,,,,,,,,,,,,,,,,,,,,,,,,,,,,,,,,,,,,,,,,,,,,,,,
XboxScreenshot6,305,Relative path (or URL to file in Partner Center),,,,,,,,,,,,,,,,,,,,,,,,,,,,,,,,,,,,,,,,,,,,,,,,,,,,,,,,,,,,,,,,,,,,,,,,,,,,,,,,,,,,,,,,,,,,,,,,,,,,,
XboxScreenshot7,306,Relative path (or URL to file in Partner Center),,,,,,,,,,,,,,,,,,,,,,,,,,,,,,,,,,,,,,,,,,,,,,,,,,,,,,,,,,,,,,,,,,,,,,,,,,,,,,,,,,,,,,,,,,,,,,,,,,,,,
XboxScreenshot8,307,Relative path (or URL to file in Partner Center),,,,,,,,,,,,,,,,,,,,,,,,,,,,,,,,,,,,,,,,,,,,,,,,,,,,,,,,,,,,,,,,,,,,,,,,,,,,,,,,,,,,,,,,,,,,,,,,,,,,,
XboxScreenshot9,308,Relative path (or URL to file in Partner Center),,,,,,,,,,,,,,,,,,,,,,,,,,,,,,,,,,,,,,,,,,,,,,,,,,,,,,,,,,,,,,,,,,,,,,,,,,,,,,,,,,,,,,,,,,,,,,,,,,,,,
XboxScreenshot10,309,Relative path (or URL to file in Partner Center),,,,,,,,,,,,,,,,,,,,,,,,,,,,,,,,,,,,,,,,,,,,,,,,,,,,,,,,,,,,,,,,,,,,,,,,,,,,,,,,,,,,,,,,,,,,,,,,,,,,,
XboxScreenshot11,310,Relative path (or URL to file in Partner Center),,,,,,,,,,,,,,,,,,,,,,,,,,,,,,,,,,,,,,,,,,,,,,,,,,,,,,,,,,,,,,,,,,,,,,,,,,,,,,,,,,,,,,,,,,,,,,,,,,,,,
XboxScreenshot12,311,Relative path (or URL to file in Partner Center),,,,,,,,,,,,,,,,,,,,,,,,,,,,,,,,,,,,,,,,,,,,,,,,,,,,,,,,,,,,,,,,,,,,,,,,,,,,,,,,,,,,,,,,,,,,,,,,,,,,,
XboxScreenshot13,312,Relative path (or URL to file in Partner Center),,,,,,,,,,,,,,,,,,,,,,,,,,,,,,,,,,,,,,,,,,,,,,,,,,,,,,,,,,,,,,,,,,,,,,,,,,,,,,,,,,,,,,,,,,,,,,,,,,,,,
XboxScreenshot14,313,Relative path (or URL to file in Partner Center),,,,,,,,,,,,,,,,,,,,,,,,,,,,,,,,,,,,,,,,,,,,,,,,,,,,,,,,,,,,,,,,,,,,,,,,,,,,,,,,,,,,,,,,,,,,,,,,,,,,,
XboxScreenshot15,314,Relative path (or URL to file in Partner Center),,,,,,,,,,,,,,,,,,,,,,,,,,,,,,,,,,,,,,,,,,,,,,,,,,,,,,,,,,,,,,,,,,,,,,,,,,,,,,,,,,,,,,,,,,,,,,,,,,,,,
XboxScreenshot16,315,Relative path (or URL to file in Partner Center),,,,,,,,,,,,,,,,,,,,,,,,,,,,,,,,,,,,,,,,,,,,,,,,,,,,,,,,,,,,,,,,,,,,,,,,,,,,,,,,,,,,,,,,,,,,,,,,,,,,,
XboxScreenshot17,316,Relative path (or URL to file in Partner Center),,,,,,,,,,,,,,,,,,,,,,,,,,,,,,,,,,,,,,,,,,,,,,,,,,,,,,,,,,,,,,,,,,,,,,,,,,,,,,,,,,,,,,,,,,,,,,,,,,,,,
XboxScreenshot18,317,Relative path (or URL to file in Partner Center),,,,,,,,,,,,,,,,,,,,,,,,,,,,,,,,,,,,,,,,,,,,,,,,,,,,,,,,,,,,,,,,,,,,,,,,,,,,,,,,,,,,,,,,,,,,,,,,,,,,,
XboxScreenshot19,318,Relative path (or URL to file in Partner Center),,,,,,,,,,,,,,,,,,,,,,,,,,,,,,,,,,,,,,,,,,,,,,,,,,,,,,,,,,,,,,,,,,,,,,,,,,,,,,,,,,,,,,,,,,,,,,,,,,,,,
XboxScreenshot20,319,Relative path (or URL to file in Partner Center),,,,,,,,,,,,,,,,,,,,,,,,,,,,,,,,,,,,,,,,,,,,,,,,,,,,,,,,,,,,,,,,,,,,,,,,,,,,,,,,,,,,,,,,,,,,,,,,,,,,,
XboxScreenshot21,320,Relative path (or URL to file in Partner Center),,,,,,,,,,,,,,,,,,,,,,,,,,,,,,,,,,,,,,,,,,,,,,,,,,,,,,,,,,,,,,,,,,,,,,,,,,,,,,,,,,,,,,,,,,,,,,,,,,,,,
XboxScreenshot22,321,Relative path (or URL to file in Partner Center),,,,,,,,,,,,,,,,,,,,,,,,,,,,,,,,,,,,,,,,,,,,,,,,,,,,,,,,,,,,,,,,,,,,,,,,,,,,,,,,,,,,,,,,,,,,,,,,,,,,,
XboxScreenshot23,322,Relative path (or URL to file in Partner Center),,,,,,,,,,,,,,,,,,,,,,,,,,,,,,,,,,,,,,,,,,,,,,,,,,,,,,,,,,,,,,,,,,,,,,,,,,,,,,,,,,,,,,,,,,,,,,,,,,,,,
XboxScreenshot24,323,Relative path (or URL to file in Partner Center),,,,,,,,,,,,,,,,,,,,,,,,,,,,,,,,,,,,,,,,,,,,,,,,,,,,,,,,,,,,,,,,,,,,,,,,,,,,,,,,,,,,,,,,,,,,,,,,,,,,,
XboxScreenshot25,324,Relative path (or URL to file in Partner Center),,,,,,,,,,,,,,,,,,,,,,,,,,,,,,,,,,,,,,,,,,,,,,,,,,,,,,,,,,,,,,,,,,,,,,,,,,,,,,,,,,,,,,,,,,,,,,,,,,,,,
XboxScreenshot26,325,Relative path (or URL to file in Partner Center),,,,,,,,,,,,,,,,,,,,,,,,,,,,,,,,,,,,,,,,,,,,,,,,,,,,,,,,,,,,,,,,,,,,,,,,,,,,,,,,,,,,,,,,,,,,,,,,,,,,,
XboxScreenshot27,326,Relative path (or URL to file in Partner Center),,,,,,,,,,,,,,,,,,,,,,,,,,,,,,,,,,,,,,,,,,,,,,,,,,,,,,,,,,,,,,,,,,,,,,,,,,,,,,,,,,,,,,,,,,,,,,,,,,,,,
XboxScreenshot28,327,Relative path (or URL to file in Partner Center),,,,,,,,,,,,,,,,,,,,,,,,,,,,,,,,,,,,,,,,,,,,,,,,,,,,,,,,,,,,,,,,,,,,,,,,,,,,,,,,,,,,,,,,,,,,,,,,,,,,,
XboxScreenshot29,328,Relative path (or URL to file in Partner Center),,,,,,,,,,,,,,,,,,,,,,,,,,,,,,,,,,,,,,,,,,,,,,,,,,,,,,,,,,,,,,,,,,,,,,,,,,,,,,,,,,,,,,,,,,,,,,,,,,,,,
XboxScreenshot30,329,Relative path (or URL to file in Partner Center),,,,,,,,,,,,,,,,,,,,,,,,,,,,,,,,,,,,,,,,,,,,,,,,,,,,,,,,,,,,,,,,,,,,,,,,,,,,,,,,,,,,,,,,,,,,,,,,,,,,,
XboxScreenshotCaption1,350,Text,,,,,,,,,,,,,,,,,,,,,,,,,,,,,,,,,,,,,,,,,,,,,,,,,,,,,,,,,,,,,,,,,,,,,,,,,,,,,,,,,,,,,,,,,,,,,,,,,,,,,
XboxScreenshotCaption2,351,Text,,,,,,,,,,,,,,,,,,,,,,,,,,,,,,,,,,,,,,,,,,,,,,,,,,,,,,,,,,,,,,,,,,,,,,,,,,,,,,,,,,,,,,,,,,,,,,,,,,,,,
XboxScreenshotCaption3,352,Text,,,,,,,,,,,,,,,,,,,,,,,,,,,,,,,,,,,,,,,,,,,,,,,,,,,,,,,,,,,,,,,,,,,,,,,,,,,,,,,,,,,,,,,,,,,,,,,,,,,,,
XboxScreenshotCaption4,353,Text,,,,,,,,,,,,,,,,,,,,,,,,,,,,,,,,,,,,,,,,,,,,,,,,,,,,,,,,,,,,,,,,,,,,,,,,,,,,,,,,,,,,,,,,,,,,,,,,,,,,,
XboxScreenshotCaption5,354,Text,,,,,,,,,,,,,,,,,,,,,,,,,,,,,,,,,,,,,,,,,,,,,,,,,,,,,,,,,,,,,,,,,,,,,,,,,,,,,,,,,,,,,,,,,,,,,,,,,,,,,
XboxScreenshotCaption6,355,Text,,,,,,,,,,,,,,,,,,,,,,,,,,,,,,,,,,,,,,,,,,,,,,,,,,,,,,,,,,,,,,,,,,,,,,,,,,,,,,,,,,,,,,,,,,,,,,,,,,,,,
XboxScreenshotCaption7,356,Text,,,,,,,,,,,,,,,,,,,,,,,,,,,,,,,,,,,,,,,,,,,,,,,,,,,,,,,,,,,,,,,,,,,,,,,,,,,,,,,,,,,,,,,,,,,,,,,,,,,,,
XboxScreenshotCaption8,357,Text,,,,,,,,,,,,,,,,,,,,,,,,,,,,,,,,,,,,,,,,,,,,,,,,,,,,,,,,,,,,,,,,,,,,,,,,,,,,,,,,,,,,,,,,,,,,,,,,,,,,,
XboxScreenshotCaption9,358,Text,,,,,,,,,,,,,,,,,,,,,,,,,,,,,,,,,,,,,,,,,,,,,,,,,,,,,,,,,,,,,,,,,,,,,,,,,,,,,,,,,,,,,,,,,,,,,,,,,,,,,
XboxScreenshotCaption10,359,Text,,,,,,,,,,,,,,,,,,,,,,,,,,,,,,,,,,,,,,,,,,,,,,,,,,,,,,,,,,,,,,,,,,,,,,,,,,,,,,,,,,,,,,,,,,,,,,,,,,,,,
XboxScreenshotCaption11,360,Text,,,,,,,,,,,,,,,,,,,,,,,,,,,,,,,,,,,,,,,,,,,,,,,,,,,,,,,,,,,,,,,,,,,,,,,,,,,,,,,,,,,,,,,,,,,,,,,,,,,,,
XboxScreenshotCaption12,361,Text,,,,,,,,,,,,,,,,,,,,,,,,,,,,,,,,,,,,,,,,,,,,,,,,,,,,,,,,,,,,,,,,,,,,,,,,,,,,,,,,,,,,,,,,,,,,,,,,,,,,,
XboxScreenshotCaption13,362,Text,,,,,,,,,,,,,,,,,,,,,,,,,,,,,,,,,,,,,,,,,,,,,,,,,,,,,,,,,,,,,,,,,,,,,,,,,,,,,,,,,,,,,,,,,,,,,,,,,,,,,
XboxScreenshotCaption14,363,Text,,,,,,,,,,,,,,,,,,,,,,,,,,,,,,,,,,,,,,,,,,,,,,,,,,,,,,,,,,,,,,,,,,,,,,,,,,,,,,,,,,,,,,,,,,,,,,,,,,,,,
XboxScreenshotCaption15,364,Text,,,,,,,,,,,,,,,,,,,,,,,,,,,,,,,,,,,,,,,,,,,,,,,,,,,,,,,,,,,,,,,,,,,,,,,,,,,,,,,,,,,,,,,,,,,,,,,,,,,,,
XboxScreenshotCaption16,365,Text,,,,,,,,,,,,,,,,,,,,,,,,,,,,,,,,,,,,,,,,,,,,,,,,,,,,,,,,,,,,,,,,,,,,,,,,,,,,,,,,,,,,,,,,,,,,,,,,,,,,,
XboxScreenshotCaption17,366,Text,,,,,,,,,,,,,,,,,,,,,,,,,,,,,,,,,,,,,,,,,,,,,,,,,,,,,,,,,,,,,,,,,,,,,,,,,,,,,,,,,,,,,,,,,,,,,,,,,,,,,
XboxScreenshotCaption18,367,Text,,,,,,,,,,,,,,,,,,,,,,,,,,,,,,,,,,,,,,,,,,,,,,,,,,,,,,,,,,,,,,,,,,,,,,,,,,,,,,,,,,,,,,,,,,,,,,,,,,,,,
XboxScreenshotCaption19,368,Text,,,,,,,,,,,,,,,,,,,,,,,,,,,,,,,,,,,,,,,,,,,,,,,,,,,,,,,,,,,,,,,,,,,,,,,,,,,,,,,,,,,,,,,,,,,,,,,,,,,,,
XboxScreenshotCaption20,369,Text,,,,,,,,,,,,,,,,,,,,,,,,,,,,,,,,,,,,,,,,,,,,,,,,,,,,,,,,,,,,,,,,,,,,,,,,,,,,,,,,,,,,,,,,,,,,,,,,,,,,,
XboxScreenshotCaption21,370,Text,,,,,,,,,,,,,,,,,,,,,,,,,,,,,,,,,,,,,,,,,,,,,,,,,,,,,,,,,,,,,,,,,,,,,,,,,,,,,,,,,,,,,,,,,,,,,,,,,,,,,
XboxScreenshotCaption22,371,Text,,,,,,,,,,,,,,,,,,,,,,,,,,,,,,,,,,,,,,,,,,,,,,,,,,,,,,,,,,,,,,,,,,,,,,,,,,,,,,,,,,,,,,,,,,,,,,,,,,,,,
XboxScreenshotCaption23,372,Text,,,,,,,,,,,,,,,,,,,,,,,,,,,,,,,,,,,,,,,,,,,,,,,,,,,,,,,,,,,,,,,,,,,,,,,,,,,,,,,,,,,,,,,,,,,,,,,,,,,,,
XboxScreenshotCaption24,373,Text,,,,,,,,,,,,,,,,,,,,,,,,,,,,,,,,,,,,,,,,,,,,,,,,,,,,,,,,,,,,,,,,,,,,,,,,,,,,,,,,,,,,,,,,,,,,,,,,,,,,,
XboxScreenshotCaption25,374,Text,,,,,,,,,,,,,,,,,,,,,,,,,,,,,,,,,,,,,,,,,,,,,,,,,,,,,,,,,,,,,,,,,,,,,,,,,,,,,,,,,,,,,,,,,,,,,,,,,,,,,
XboxScreenshotCaption26,375,Text,,,,,,,,,,,,,,,,,,,,,,,,,,,,,,,,,,,,,,,,,,,,,,,,,,,,,,,,,,,,,,,,,,,,,,,,,,,,,,,,,,,,,,,,,,,,,,,,,,,,,
XboxScreenshotCaption27,376,Text,,,,,,,,,,,,,,,,,,,,,,,,,,,,,,,,,,,,,,,,,,,,,,,,,,,,,,,,,,,,,,,,,,,,,,,,,,,,,,,,,,,,,,,,,,,,,,,,,,,,,
XboxScreenshotCaption28,377,Text,,,,,,,,,,,,,,,,,,,,,,,,,,,,,,,,,,,,,,,,,,,,,,,,,,,,,,,,,,,,,,,,,,,,,,,,,,,,,,,,,,,,,,,,,,,,,,,,,,,,,
XboxScreenshotCaption29,378,Text,,,,,,,,,,,,,,,,,,,,,,,,,,,,,,,,,,,,,,,,,,,,,,,,,,,,,,,,,,,,,,,,,,,,,,,,,,,,,,,,,,,,,,,,,,,,,,,,,,,,,
XboxScreenshotCaption30,379,Text,,,,,,,,,,,,,,,,,,,,,,,,,,,,,,,,,,,,,,,,,,,,,,,,,,,,,,,,,,,,,,,,,,,,,,,,,,,,,,,,,,,,,,,,,,,,,,,,,,,,,
HolographicScreenshot1,400,Relative path (or URL to file in Partner Center),,,,,,,,,,,,,,,,,,,,,,,,,,,,,,,,,,,,,,,,,,,,,,,,,,,,,,,,,,,,,,,,,,,,,,,,,,,,,,,,,,,,,,,,,,,,,,,,,,,,,
HolographicScreenshot2,401,Relative path (or URL to file in Partner Center),,,,,,,,,,,,,,,,,,,,,,,,,,,,,,,,,,,,,,,,,,,,,,,,,,,,,,,,,,,,,,,,,,,,,,,,,,,,,,,,,,,,,,,,,,,,,,,,,,,,,
HolographicScreenshot3,402,Relative path (or URL to file in Partner Center),,,,,,,,,,,,,,,,,,,,,,,,,,,,,,,,,,,,,,,,,,,,,,,,,,,,,,,,,,,,,,,,,,,,,,,,,,,,,,,,,,,,,,,,,,,,,,,,,,,,,
HolographicScreenshot4,403,Relative path (or URL to file in Partner Center),,,,,,,,,,,,,,,,,,,,,,,,,,,,,,,,,,,,,,,,,,,,,,,,,,,,,,,,,,,,,,,,,,,,,,,,,,,,,,,,,,,,,,,,,,,,,,,,,,,,,
HolographicScreenshot5,404,Relative path (or URL to file in Partner Center),,,,,,,,,,,,,,,,,,,,,,,,,,,,,,,,,,,,,,,,,,,,,,,,,,,,,,,,,,,,,,,,,,,,,,,,,,,,,,,,,,,,,,,,,,,,,,,,,,,,,
HolographicScreenshot6,405,Relative path (or URL to file in Partner Center),,,,,,,,,,,,,,,,,,,,,,,,,,,,,,,,,,,,,,,,,,,,,,,,,,,,,,,,,,,,,,,,,,,,,,,,,,,,,,,,,,,,,,,,,,,,,,,,,,,,,
HolographicScreenshot7,406,Relative path (or URL to file in Partner Center),,,,,,,,,,,,,,,,,,,,,,,,,,,,,,,,,,,,,,,,,,,,,,,,,,,,,,,,,,,,,,,,,,,,,,,,,,,,,,,,,,,,,,,,,,,,,,,,,,,,,
HolographicScreenshot8,407,Relative path (or URL to file in Partner Center),,,,,,,,,,,,,,,,,,,,,,,,,,,,,,,,,,,,,,,,,,,,,,,,,,,,,,,,,,,,,,,,,,,,,,,,,,,,,,,,,,,,,,,,,,,,,,,,,,,,,
HolographicScreenshot9,408,Relative path (or URL to file in Partner Center),,,,,,,,,,,,,,,,,,,,,,,,,,,,,,,,,,,,,,,,,,,,,,,,,,,,,,,,,,,,,,,,,,,,,,,,,,,,,,,,,,,,,,,,,,,,,,,,,,,,,
HolographicScreenshot10,409,Relative path (or URL to file in Partner Center),,,,,,,,,,,,,,,,,,,,,,,,,,,,,,,,,,,,,,,,,,,,,,,,,,,,,,,,,,,,,,,,,,,,,,,,,,,,,,,,,,,,,,,,,,,,,,,,,,,,,
HolographicScreenshot11,410,Relative path (or URL to file in Partner Center),,,,,,,,,,,,,,,,,,,,,,,,,,,,,,,,,,,,,,,,,,,,,,,,,,,,,,,,,,,,,,,,,,,,,,,,,,,,,,,,,,,,,,,,,,,,,,,,,,,,,
HolographicScreenshot12,411,Relative path (or URL to file in Partner Center),,,,,,,,,,,,,,,,,,,,,,,,,,,,,,,,,,,,,,,,,,,,,,,,,,,,,,,,,,,,,,,,,,,,,,,,,,,,,,,,,,,,,,,,,,,,,,,,,,,,,
HolographicScreenshot13,412,Relative path (or URL to file in Partner Center),,,,,,,,,,,,,,,,,,,,,,,,,,,,,,,,,,,,,,,,,,,,,,,,,,,,,,,,,,,,,,,,,,,,,,,,,,,,,,,,,,,,,,,,,,,,,,,,,,,,,
HolographicScreenshot14,413,Relative path (or URL to file in Partner Center),,,,,,,,,,,,,,,,,,,,,,,,,,,,,,,,,,,,,,,,,,,,,,,,,,,,,,,,,,,,,,,,,,,,,,,,,,,,,,,,,,,,,,,,,,,,,,,,,,,,,
HolographicScreenshot15,414,Relative path (or URL to file in Partner Center),,,,,,,,,,,,,,,,,,,,,,,,,,,,,,,,,,,,,,,,,,,,,,,,,,,,,,,,,,,,,,,,,,,,,,,,,,,,,,,,,,,,,,,,,,,,,,,,,,,,,
HolographicScreenshot16,415,Relative path (or URL to file in Partner Center),,,,,,,,,,,,,,,,,,,,,,,,,,,,,,,,,,,,,,,,,,,,,,,,,,,,,,,,,,,,,,,,,,,,,,,,,,,,,,,,,,,,,,,,,,,,,,,,,,,,,
HolographicScreenshot17,416,Relative path (or URL to file in Partner Center),,,,,,,,,,,,,,,,,,,,,,,,,,,,,,,,,,,,,,,,,,,,,,,,,,,,,,,,,,,,,,,,,,,,,,,,,,,,,,,,,,,,,,,,,,,,,,,,,,,,,
HolographicScreenshot18,417,Relative path (or URL to file in Partner Center),,,,,,,,,,,,,,,,,,,,,,,,,,,,,,,,,,,,,,,,,,,,,,,,,,,,,,,,,,,,,,,,,,,,,,,,,,,,,,,,,,,,,,,,,,,,,,,,,,,,,
HolographicScreenshot19,418,Relative path (or URL to file in Partner Center),,,,,,,,,,,,,,,,,,,,,,,,,,,,,,,,,,,,,,,,,,,,,,,,,,,,,,,,,,,,,,,,,,,,,,,,,,,,,,,,,,,,,,,,,,,,,,,,,,,,,
HolographicScreenshot20,419,Relative path (or URL to file in Partner Center),,,,,,,,,,,,,,,,,,,,,,,,,,,,,,,,,,,,,,,,,,,,,,,,,,,,,,,,,,,,,,,,,,,,,,,,,,,,,,,,,,,,,,,,,,,,,,,,,,,,,
HolographicScreenshot21,420,Relative path (or URL to file in Partner Center),,,,,,,,,,,,,,,,,,,,,,,,,,,,,,,,,,,,,,,,,,,,,,,,,,,,,,,,,,,,,,,,,,,,,,,,,,,,,,,,,,,,,,,,,,,,,,,,,,,,,
HolographicScreenshot22,421,Relative path (or URL to file in Partner Center),,,,,,,,,,,,,,,,,,,,,,,,,,,,,,,,,,,,,,,,,,,,,,,,,,,,,,,,,,,,,,,,,,,,,,,,,,,,,,,,,,,,,,,,,,,,,,,,,,,,,
HolographicScreenshot23,422,Relative path (or URL to file in Partner Center),,,,,,,,,,,,,,,,,,,,,,,,,,,,,,,,,,,,,,,,,,,,,,,,,,,,,,,,,,,,,,,,,,,,,,,,,,,,,,,,,,,,,,,,,,,,,,,,,,,,,
HolographicScreenshot24,423,Relative path (or URL to file in Partner Center),,,,,,,,,,,,,,,,,,,,,,,,,,,,,,,,,,,,,,,,,,,,,,,,,,,,,,,,,,,,,,,,,,,,,,,,,,,,,,,,,,,,,,,,,,,,,,,,,,,,,
HolographicScreenshot25,424,Relative path (or URL to file in Partner Center),,,,,,,,,,,,,,,,,,,,,,,,,,,,,,,,,,,,,,,,,,,,,,,,,,,,,,,,,,,,,,,,,,,,,,,,,,,,,,,,,,,,,,,,,,,,,,,,,,,,,
HolographicScreenshot26,425,Relative path (or URL to file in Partner Center),,,,,,,,,,,,,,,,,,,,,,,,,,,,,,,,,,,,,,,,,,,,,,,,,,,,,,,,,,,,,,,,,,,,,,,,,,,,,,,,,,,,,,,,,,,,,,,,,,,,,
HolographicScreenshot27,426,Relative path (or URL to file in Partner Center),,,,,,,,,,,,,,,,,,,,,,,,,,,,,,,,,,,,,,,,,,,,,,,,,,,,,,,,,,,,,,,,,,,,,,,,,,,,,,,,,,,,,,,,,,,,,,,,,,,,,
HolographicScreenshot28,427,Relative path (or URL to file in Partner Center),,,,,,,,,,,,,,,,,,,,,,,,,,,,,,,,,,,,,,,,,,,,,,,,,,,,,,,,,,,,,,,,,,,,,,,,,,,,,,,,,,,,,,,,,,,,,,,,,,,,,
HolographicScreenshot29,428,Relative path (or URL to file in Partner Center),,,,,,,,,,,,,,,,,,,,,,,,,,,,,,,,,,,,,,,,,,,,,,,,,,,,,,,,,,,,,,,,,,,,,,,,,,,,,,,,,,,,,,,,,,,,,,,,,,,,,
HolographicScreenshot30,429,Relative path (or URL to file in Partner Center),,,,,,,,,,,,,,,,,,,,,,,,,,,,,,,,,,,,,,,,,,,,,,,,,,,,,,,,,,,,,,,,,,,,,,,,,,,,,,,,,,,,,,,,,,,,,,,,,,,,,
HolographicScreenshotCaption1,450,Text,,,,,,,,,,,,,,,,,,,,,,,,,,,,,,,,,,,,,,,,,,,,,,,,,,,,,,,,,,,,,,,,,,,,,,,,,,,,,,,,,,,,,,,,,,,,,,,,,,,,,
HolographicScreenshotCaption2,451,Text,,,,,,,,,,,,,,,,,,,,,,,,,,,,,,,,,,,,,,,,,,,,,,,,,,,,,,,,,,,,,,,,,,,,,,,,,,,,,,,,,,,,,,,,,,,,,,,,,,,,,
HolographicScreenshotCaption3,452,Text,,,,,,,,,,,,,,,,,,,,,,,,,,,,,,,,,,,,,,,,,,,,,,,,,,,,,,,,,,,,,,,,,,,,,,,,,,,,,,,,,,,,,,,,,,,,,,,,,,,,,
HolographicScreenshotCaption4,453,Text,,,,,,,,,,,,,,,,,,,,,,,,,,,,,,,,,,,,,,,,,,,,,,,,,,,,,,,,,,,,,,,,,,,,,,,,,,,,,,,,,,,,,,,,,,,,,,,,,,,,,
HolographicScreenshotCaption5,454,Text,,,,,,,,,,,,,,,,,,,,,,,,,,,,,,,,,,,,,,,,,,,,,,,,,,,,,,,,,,,,,,,,,,,,,,,,,,,,,,,,,,,,,,,,,,,,,,,,,,,,,
HolographicScreenshotCaption6,455,Text,,,,,,,,,,,,,,,,,,,,,,,,,,,,,,,,,,,,,,,,,,,,,,,,,,,,,,,,,,,,,,,,,,,,,,,,,,,,,,,,,,,,,,,,,,,,,,,,,,,,,
HolographicScreenshotCaption7,456,Text,,,,,,,,,,,,,,,,,,,,,,,,,,,,,,,,,,,,,,,,,,,,,,,,,,,,,,,,,,,,,,,,,,,,,,,,,,,,,,,,,,,,,,,,,,,,,,,,,,,,,
HolographicScreenshotCaption8,457,Text,,,,,,,,,,,,,,,,,,,,,,,,,,,,,,,,,,,,,,,,,,,,,,,,,,,,,,,,,,,,,,,,,,,,,,,,,,,,,,,,,,,,,,,,,,,,,,,,,,,,,
HolographicScreenshotCaption9,458,Text,,,,,,,,,,,,,,,,,,,,,,,,,,,,,,,,,,,,,,,,,,,,,,,,,,,,,,,,,,,,,,,,,,,,,,,,,,,,,,,,,,,,,,,,,,,,,,,,,,,,,
HolographicScreenshotCaption10,459,Text,,,,,,,,,,,,,,,,,,,,,,,,,,,,,,,,,,,,,,,,,,,,,,,,,,,,,,,,,,,,,,,,,,,,,,,,,,,,,,,,,,,,,,,,,,,,,,,,,,,,,
HolographicScreenshotCaption11,460,Text,,,,,,,,,,,,,,,,,,,,,,,,,,,,,,,,,,,,,,,,,,,,,,,,,,,,,,,,,,,,,,,,,,,,,,,,,,,,,,,,,,,,,,,,,,,,,,,,,,,,,
HolographicScreenshotCaption12,461,Text,,,,,,,,,,,,,,,,,,,,,,,,,,,,,,,,,,,,,,,,,,,,,,,,,,,,,,,,,,,,,,,,,,,,,,,,,,,,,,,,,,,,,,,,,,,,,,,,,,,,,
HolographicScreenshotCaption13,462,Text,,,,,,,,,,,,,,,,,,,,,,,,,,,,,,,,,,,,,,,,,,,,,,,,,,,,,,,,,,,,,,,,,,,,,,,,,,,,,,,,,,,,,,,,,,,,,,,,,,,,,
HolographicScreenshotCaption14,463,Text,,,,,,,,,,,,,,,,,,,,,,,,,,,,,,,,,,,,,,,,,,,,,,,,,,,,,,,,,,,,,,,,,,,,,,,,,,,,,,,,,,,,,,,,,,,,,,,,,,,,,
HolographicScreenshotCaption15,464,Text,,,,,,,,,,,,,,,,,,,,,,,,,,,,,,,,,,,,,,,,,,,,,,,,,,,,,,,,,,,,,,,,,,,,,,,,,,,,,,,,,,,,,,,,,,,,,,,,,,,,,
HolographicScreenshotCaption16,465,Text,,,,,,,,,,,,,,,,,,,,,,,,,,,,,,,,,,,,,,,,,,,,,,,,,,,,,,,,,,,,,,,,,,,,,,,,,,,,,,,,,,,,,,,,,,,,,,,,,,,,,
HolographicScreenshotCaption17,466,Text,,,,,,,,,,,,,,,,,,,,,,,,,,,,,,,,,,,,,,,,,,,,,,,,,,,,,,,,,,,,,,,,,,,,,,,,,,,,,,,,,,,,,,,,,,,,,,,,,,,,,
HolographicScreenshotCaption18,467,Text,,,,,,,,,,,,,,,,,,,,,,,,,,,,,,,,,,,,,,,,,,,,,,,,,,,,,,,,,,,,,,,,,,,,,,,,,,,,,,,,,,,,,,,,,,,,,,,,,,,,,
HolographicScreenshotCaption19,468,Text,,,,,,,,,,,,,,,,,,,,,,,,,,,,,,,,,,,,,,,,,,,,,,,,,,,,,,,,,,,,,,,,,,,,,,,,,,,,,,,,,,,,,,,,,,,,,,,,,,,,,
HolographicScreenshotCaption20,469,Text,,,,,,,,,,,,,,,,,,,,,,,,,,,,,,,,,,,,,,,,,,,,,,,,,,,,,,,,,,,,,,,,,,,,,,,,,,,,,,,,,,,,,,,,,,,,,,,,,,,,,
HolographicScreenshotCaption21,470,Text,,,,,,,,,,,,,,,,,,,,,,,,,,,,,,,,,,,,,,,,,,,,,,,,,,,,,,,,,,,,,,,,,,,,,,,,,,,,,,,,,,,,,,,,,,,,,,,,,,,,,
HolographicScreenshotCaption22,471,Text,,,,,,,,,,,,,,,,,,,,,,,,,,,,,,,,,,,,,,,,,,,,,,,,,,,,,,,,,,,,,,,,,,,,,,,,,,,,,,,,,,,,,,,,,,,,,,,,,,,,,
HolographicScreenshotCaption23,472,Text,,,,,,,,,,,,,,,,,,,,,,,,,,,,,,,,,,,,,,,,,,,,,,,,,,,,,,,,,,,,,,,,,,,,,,,,,,,,,,,,,,,,,,,,,,,,,,,,,,,,,
HolographicScreenshotCaption24,473,Text,,,,,,,,,,,,,,,,,,,,,,,,,,,,,,,,,,,,,,,,,,,,,,,,,,,,,,,,,,,,,,,,,,,,,,,,,,,,,,,,,,,,,,,,,,,,,,,,,,,,,
HolographicScreenshotCaption25,474,Text,,,,,,,,,,,,,,,,,,,,,,,,,,,,,,,,,,,,,,,,,,,,,,,,,,,,,,,,,,,,,,,,,,,,,,,,,,,,,,,,,,,,,,,,,,,,,,,,,,,,,
HolographicScreenshotCaption26,475,Text,,,,,,,,,,,,,,,,,,,,,,,,,,,,,,,,,,,,,,,,,,,,,,,,,,,,,,,,,,,,,,,,,,,,,,,,,,,,,,,,,,,,,,,,,,,,,,,,,,,,,
HolographicScreenshotCaption27,476,Text,,,,,,,,,,,,,,,,,,,,,,,,,,,,,,,,,,,,,,,,,,,,,,,,,,,,,,,,,,,,,,,,,,,,,,,,,,,,,,,,,,,,,,,,,,,,,,,,,,,,,
HolographicScreenshotCaption28,477,Text,,,,,,,,,,,,,,,,,,,,,,,,,,,,,,,,,,,,,,,,,,,,,,,,,,,,,,,,,,,,,,,,,,,,,,,,,,,,,,,,,,,,,,,,,,,,,,,,,,,,,
HolographicScreenshotCaption29,478,Text,,,,,,,,,,,,,,,,,,,,,,,,,,,,,,,,,,,,,,,,,,,,,,,,,,,,,,,,,,,,,,,,,,,,,,,,,,,,,,,,,,,,,,,,,,,,,,,,,,,,,
HolographicScreenshotCaption30,479,Text,,,,,,,,,,,,,,,,,,,,,,,,,,,,,,,,,,,,,,,,,,,,,,,,,,,,,,,,,,,,,,,,,,,,,,,,,,,,,,,,,,,,,,,,,,,,,,,,,,,,,
SurfaceHubScreenshot11,510,Relative path (or URL to file in Partner Center),,,,,,,,,,,,,,,,,,,,,,,,,,,,,,,,,,,,,,,,,,,,,,,,,,,,,,,,,,,,,,,,,,,,,,,,,,,,,,,,,,,,,,,,,,,,,,,,,,,,,
SurfaceHubScreenshot12,511,Relative path (or URL to file in Partner Center),,,,,,,,,,,,,,,,,,,,,,,,,,,,,,,,,,,,,,,,,,,,,,,,,,,,,,,,,,,,,,,,,,,,,,,,,,,,,,,,,,,,,,,,,,,,,,,,,,,,,
SurfaceHubScreenshot13,512,Relative path (or URL to file in Partner Center),,,,,,,,,,,,,,,,,,,,,,,,,,,,,,,,,,,,,,,,,,,,,,,,,,,,,,,,,,,,,,,,,,,,,,,,,,,,,,,,,,,,,,,,,,,,,,,,,,,,,
SurfaceHubScreenshot14,513,Relative path (or URL to file in Partner Center),,,,,,,,,,,,,,,,,,,,,,,,,,,,,,,,,,,,,,,,,,,,,,,,,,,,,,,,,,,,,,,,,,,,,,,,,,,,,,,,,,,,,,,,,,,,,,,,,,,,,
SurfaceHubScreenshot15,514,Relative path (or URL to file in Partner Center),,,,,,,,,,,,,,,,,,,,,,,,,,,,,,,,,,,,,,,,,,,,,,,,,,,,,,,,,,,,,,,,,,,,,,,,,,,,,,,,,,,,,,,,,,,,,,,,,,,,,
SurfaceHubScreenshot16,515,Relative path (or URL to file in Partner Center),,,,,,,,,,,,,,,,,,,,,,,,,,,,,,,,,,,,,,,,,,,,,,,,,,,,,,,,,,,,,,,,,,,,,,,,,,,,,,,,,,,,,,,,,,,,,,,,,,,,,
SurfaceHubScreenshot17,516,Relative path (or URL to file in Partner Center),,,,,,,,,,,,,,,,,,,,,,,,,,,,,,,,,,,,,,,,,,,,,,,,,,,,,,,,,,,,,,,,,,,,,,,,,,,,,,,,,,,,,,,,,,,,,,,,,,,,,
SurfaceHubScreenshot18,517,Relative path (or URL to file in Partner Center),,,,,,,,,,,,,,,,,,,,,,,,,,,,,,,,,,,,,,,,,,,,,,,,,,,,,,,,,,,,,,,,,,,,,,,,,,,,,,,,,,,,,,,,,,,,,,,,,,,,,
SurfaceHubScreenshot19,518,Relative path (or URL to file in Partner Center),,,,,,,,,,,,,,,,,,,,,,,,,,,,,,,,,,,,,,,,,,,,,,,,,,,,,,,,,,,,,,,,,,,,,,,,,,,,,,,,,,,,,,,,,,,,,,,,,,,,,
SurfaceHubScreenshot20,519,Relative path (or URL to file in Partner Center),,,,,,,,,,,,,,,,,,,,,,,,,,,,,,,,,,,,,,,,,,,,,,,,,,,,,,,,,,,,,,,,,,,,,,,,,,,,,,,,,,,,,,,,,,,,,,,,,,,,,
SurfaceHubScreenshot21,520,Relative path (or URL to file in Partner Center),,,,,,,,,,,,,,,,,,,,,,,,,,,,,,,,,,,,,,,,,,,,,,,,,,,,,,,,,,,,,,,,,,,,,,,,,,,,,,,,,,,,,,,,,,,,,,,,,,,,,
SurfaceHubScreenshot22,521,Relative path (or URL to file in Partner Center),,,,,,,,,,,,,,,,,,,,,,,,,,,,,,,,,,,,,,,,,,,,,,,,,,,,,,,,,,,,,,,,,,,,,,,,,,,,,,,,,,,,,,,,,,,,,,,,,,,,,
SurfaceHubScreenshot23,522,Relative path (or URL to file in Partner Center),,,,,,,,,,,,,,,,,,,,,,,,,,,,,,,,,,,,,,,,,,,,,,,,,,,,,,,,,,,,,,,,,,,,,,,,,,,,,,,,,,,,,,,,,,,,,,,,,,,,,
SurfaceHubScreenshot24,523,Relative path (or URL to file in Partner Center),,,,,,,,,,,,,,,,,,,,,,,,,,,,,,,,,,,,,,,,,,,,,,,,,,,,,,,,,,,,,,,,,,,,,,,,,,,,,,,,,,,,,,,,,,,,,,,,,,,,,
SurfaceHubScreenshot25,524,Relative path (or URL to file in Partner Center),,,,,,,,,,,,,,,,,,,,,,,,,,,,,,,,,,,,,,,,,,,,,,,,,,,,,,,,,,,,,,,,,,,,,,,,,,,,,,,,,,,,,,,,,,,,,,,,,,,,,
SurfaceHubScreenshot26,525,Relative path (or URL to file in Partner Center),,,,,,,,,,,,,,,,,,,,,,,,,,,,,,,,,,,,,,,,,,,,,,,,,,,,,,,,,,,,,,,,,,,,,,,,,,,,,,,,,,,,,,,,,,,,,,,,,,,,,
SurfaceHubScreenshot27,526,Relative path (or URL to file in Partner Center),,,,,,,,,,,,,,,,,,,,,,,,,,,,,,,,,,,,,,,,,,,,,,,,,,,,,,,,,,,,,,,,,,,,,,,,,,,,,,,,,,,,,,,,,,,,,,,,,,,,,
SurfaceHubScreenshot28,527,Relative path (or URL to file in Partner Center),,,,,,,,,,,,,,,,,,,,,,,,,,,,,,,,,,,,,,,,,,,,,,,,,,,,,,,,,,,,,,,,,,,,,,,,,,,,,,,,,,,,,,,,,,,,,,,,,,,,,
SurfaceHubScreenshot29,528,Relative path (or URL to file in Partner Center),,,,,,,,,,,,,,,,,,,,,,,,,,,,,,,,,,,,,,,,,,,,,,,,,,,,,,,,,,,,,,,,,,,,,,,,,,,,,,,,,,,,,,,,,,,,,,,,,,,,,
SurfaceHubScreenshot30,529,Relative path (or URL to file in Partner Center),,,,,,,,,,,,,,,,,,,,,,,,,,,,,,,,,,,,,,,,,,,,,,,,,,,,,,,,,,,,,,,,,,,,,,,,,,,,,,,,,,,,,,,,,,,,,,,,,,,,,
SurfaceHubScreenshotCaption11,560,Text,,,,,,,,,,,,,,,,,,,,,,,,,,,,,,,,,,,,,,,,,,,,,,,,,,,,,,,,,,,,,,,,,,,,,,,,,,,,,,,,,,,,,,,,,,,,,,,,,,,,,
SurfaceHubScreenshotCaption12,561,Text,,,,,,,,,,,,,,,,,,,,,,,,,,,,,,,,,,,,,,,,,,,,,,,,,,,,,,,,,,,,,,,,,,,,,,,,,,,,,,,,,,,,,,,,,,,,,,,,,,,,,
SurfaceHubScreenshotCaption13,562,Text,,,,,,,,,,,,,,,,,,,,,,,,,,,,,,,,,,,,,,,,,,,,,,,,,,,,,,,,,,,,,,,,,,,,,,,,,,,,,,,,,,,,,,,,,,,,,,,,,,,,,
SurfaceHubScreenshotCaption14,563,Text,,,,,,,,,,,,,,,,,,,,,,,,,,,,,,,,,,,,,,,,,,,,,,,,,,,,,,,,,,,,,,,,,,,,,,,,,,,,,,,,,,,,,,,,,,,,,,,,,,,,,
SurfaceHubScreenshotCaption15,564,Text,,,,,,,,,,,,,,,,,,,,,,,,,,,,,,,,,,,,,,,,,,,,,,,,,,,,,,,,,,,,,,,,,,,,,,,,,,,,,,,,,,,,,,,,,,,,,,,,,,,,,
SurfaceHubScreenshotCaption16,565,Text,,,,,,,,,,,,,,,,,,,,,,,,,,,,,,,,,,,,,,,,,,,,,,,,,,,,,,,,,,,,,,,,,,,,,,,,,,,,,,,,,,,,,,,,,,,,,,,,,,,,,
SurfaceHubScreenshotCaption17,566,Text,,,,,,,,,,,,,,,,,,,,,,,,,,,,,,,,,,,,,,,,,,,,,,,,,,,,,,,,,,,,,,,,,,,,,,,,,,,,,,,,,,,,,,,,,,,,,,,,,,,,,
SurfaceHubScreenshotCaption18,567,Text,,,,,,,,,,,,,,,,,,,,,,,,,,,,,,,,,,,,,,,,,,,,,,,,,,,,,,,,,,,,,,,,,,,,,,,,,,,,,,,,,,,,,,,,,,,,,,,,,,,,,
SurfaceHubScreenshotCaption19,568,Text,,,,,,,,,,,,,,,,,,,,,,,,,,,,,,,,,,,,,,,,,,,,,,,,,,,,,,,,,,,,,,,,,,,,,,,,,,,,,,,,,,,,,,,,,,,,,,,,,,,,,
SurfaceHubScreenshotCaption20,569,Text,,,,,,,,,,,,,,,,,,,,,,,,,,,,,,,,,,,,,,,,,,,,,,,,,,,,,,,,,,,,,,,,,,,,,,,,,,,,,,,,,,,,,,,,,,,,,,,,,,,,,
SurfaceHubScreenshotCaption21,570,Text,,,,,,,,,,,,,,,,,,,,,,,,,,,,,,,,,,,,,,,,,,,,,,,,,,,,,,,,,,,,,,,,,,,,,,,,,,,,,,,,,,,,,,,,,,,,,,,,,,,,,
SurfaceHubScreenshotCaption22,571,Text,,,,,,,,,,,,,,,,,,,,,,,,,,,,,,,,,,,,,,,,,,,,,,,,,,,,,,,,,,,,,,,,,,,,,,,,,,,,,,,,,,,,,,,,,,,,,,,,,,,,,
SurfaceHubScreenshotCaption23,572,Text,,,,,,,,,,,,,,,,,,,,,,,,,,,,,,,,,,,,,,,,,,,,,,,,,,,,,,,,,,,,,,,,,,,,,,,,,,,,,,,,,,,,,,,,,,,,,,,,,,,,,
SurfaceHubScreenshotCaption24,573,Text,,,,,,,,,,,,,,,,,,,,,,,,,,,,,,,,,,,,,,,,,,,,,,,,,,,,,,,,,,,,,,,,,,,,,,,,,,,,,,,,,,,,,,,,,,,,,,,,,,,,,
SurfaceHubScreenshotCaption25,574,Text,,,,,,,,,,,,,,,,,,,,,,,,,,,,,,,,,,,,,,,,,,,,,,,,,,,,,,,,,,,,,,,,,,,,,,,,,,,,,,,,,,,,,,,,,,,,,,,,,,,,,
SurfaceHubScreenshotCaption26,575,Text,,,,,,,,,,,,,,,,,,,,,,,,,,,,,,,,,,,,,,,,,,,,,,,,,,,,,,,,,,,,,,,,,,,,,,,,,,,,,,,,,,,,,,,,,,,,,,,,,,,,,
SurfaceHubScreenshotCaption27,576,Text,,,,,,,,,,,,,,,,,,,,,,,,,,,,,,,,,,,,,,,,,,,,,,,,,,,,,,,,,,,,,,,,,,,,,,,,,,,,,,,,,,,,,,,,,,,,,,,,,,,,,
SurfaceHubScreenshotCaption28,577,Text,,,,,,,,,,,,,,,,,,,,,,,,,,,,,,,,,,,,,,,,,,,,,,,,,,,,,,,,,,,,,,,,,,,,,,,,,,,,,,,,,,,,,,,,,,,,,,,,,,,,,
SurfaceHubScreenshotCaption29,578,Text,,,,,,,,,,,,,,,,,,,,,,,,,,,,,,,,,,,,,,,,,,,,,,,,,,,,,,,,,,,,,,,,,,,,,,,,,,,,,,,,,,,,,,,,,,,,,,,,,,,,,
SurfaceHubScreenshotCaption30,579,Text,,,,,,,,,,,,,,,,,,,,,,,,,,,,,,,,,,,,,,,,,,,,,,,,,,,,,,,,,,,,,,,,,,,,,,,,,,,,,,,,,,,,,,,,,,,,,,,,,,,,,
StoreLogo720x1080,600,Relative path (or URL to file in Partner Center),Modern-Tasbeeh-Tracker-listing/store-assets/store_logo_720x1080.png,Modern-Tasbeeh-Tracker-listing/store-assets/store_logo_720x1080.png,Modern-Tasbeeh-Tracker-listing/store-assets/store_logo_720x1080.png,Modern-Tasbeeh-Tracker-listing/store-assets/store_logo_720x1080.png,Modern-Tasbeeh-Tracker-listing/store-assets/store_logo_720x1080.png,Modern-Tasbeeh-Tracker-listing/store-assets/store_logo_720x1080.png,Modern-Tasbeeh-Tracker-listing/store-assets/store_logo_720x1080.png,Modern-Tasbeeh-Tracker-listing/store-assets/store_logo_720x1080.png,Modern-Tasbeeh-Tracker-listing/store-assets/store_logo_720x1080.png,Modern-Tasbeeh-Tracker-listing/store-assets/store_logo_720x1080.png,Modern-Tasbeeh-Tracker-listing/store-assets/store_logo_720x1080.png,Modern-Tasbeeh-Tracker-listing/store-assets/store_logo_720x1080.png,Modern-Tasbeeh-Tracker-listing/store-assets/store_logo_720x1080.png,Modern-Tasbeeh-Tracker-listing/store-assets/store_logo_720x1080.png,Modern-Tasbeeh-Tracker-listing/store-assets/store_logo_720x1080.png,Modern-Tasbeeh-Tracker-listing/store-assets/store_logo_720x1080.png,Modern-Tasbeeh-Tracker-listing/store-assets/store_logo_720x1080.png,Modern-Tasbeeh-Tracker-listing/store-assets/store_logo_720x1080.png,Modern-Tasbeeh-Tracker-listing/store-assets/store_logo_720x1080.png,Modern-Tasbeeh-Tracker-listing/store-assets/store_logo_720x1080.png,Modern-Tasbeeh-Tracker-listing/store-assets/store_logo_720x1080.png,Modern-Tasbeeh-Tracker-listing/store-assets/store_logo_720x1080.png,Modern-Tasbeeh-Tracker-listing/store-assets/store_logo_720x1080.png,Modern-Tasbeeh-Tracker-listing/store-assets/store_logo_720x1080.png,Modern-Tasbeeh-Tracker-listing/store-assets/store_logo_720x1080.png,Modern-Tasbeeh-Tracker-listing/store-assets/store_logo_720x1080.png,Modern-Tasbeeh-Tracker-listing/store-assets/store_logo_720x1080.png,Modern-Tasbeeh-Tracker-listing/store-assets/store_logo_720x1080.png,Modern-Tasbeeh-Tracker-listing/store-assets/store_logo_720x1080.png,Modern-Tasbeeh-Tracker-listing/store-assets/store_logo_720x1080.png,Modern-Tasbeeh-Tracker-listing/store-assets/store_logo_720x1080.png,Modern-Tasbeeh-Tracker-listing/store-assets/store_logo_720x1080.png,Modern-Tasbeeh-Tracker-listing/store-assets/store_logo_720x1080.png,Modern-Tasbeeh-Tracker-listing/store-assets/store_logo_720x1080.png,Modern-Tasbeeh-Tracker-listing/store-assets/store_logo_720x1080.png,Modern-Tasbeeh-Tracker-listing/store-assets/store_logo_720x1080.png,Modern-Tasbeeh-Tracker-listing/store-assets/store_logo_720x1080.png,Modern-Tasbeeh-Tracker-listing/store-assets/store_logo_720x1080.png,Modern-Tasbeeh-Tracker-listing/store-assets/store_logo_720x1080.png,Modern-Tasbeeh-Tracker-listing/store-assets/store_logo_720x1080.png,Modern-Tasbeeh-Tracker-listing/store-assets/store_logo_720x1080.png,Modern-Tasbeeh-Tracker-listing/store-assets/store_logo_720x1080.png,Modern-Tasbeeh-Tracker-listing/store-assets/store_logo_720x1080.png,Modern-Tasbeeh-Tracker-listing/store-assets/store_logo_720x1080.png,Modern-Tasbeeh-Tracker-listing/store-assets/store_logo_720x1080.png,Modern-Tasbeeh-Tracker-listing/store-assets/store_logo_720x1080.png,Modern-Tasbeeh-Tracker-listing/store-assets/store_logo_720x1080.png,Modern-Tasbeeh-Tracker-listing/store-assets/store_logo_720x1080.png,Modern-Tasbeeh-Tracker-listing/store-assets/store_logo_720x1080.png,Modern-Tasbeeh-Tracker-listing/store-assets/store_logo_720x1080.png,Modern-Tasbeeh-Tracker-listing/store-assets/store_logo_720x1080.png,Modern-Tasbeeh-Tracker-listing/store-assets/store_logo_720x1080.png,Modern-Tasbeeh-Tracker-listing/store-assets/store_logo_720x1080.png,Modern-Tasbeeh-Tracker-listing/store-assets/store_logo_720x1080.png,Modern-Tasbeeh-Tracker-listing/store-assets/store_logo_720x1080.png,Modern-Tasbeeh-Tracker-listing/store-assets/store_logo_720x1080.png,Modern-Tasbeeh-Tracker-listing/store-assets/store_logo_720x1080.png,Modern-Tasbeeh-Tracker-listing/store-assets/store_logo_720x1080.png,Modern-Tasbeeh-Tracker-listing/store-assets/store_logo_720x1080.png,Modern-Tasbeeh-Tracker-listing/store-assets/store_logo_720x1080.png,Modern-Tasbeeh-Tracker-listing/store-assets/store_logo_720x1080.png,Modern-Tasbeeh-Tracker-listing/store-assets/store_logo_720x1080.png,Modern-Tasbeeh-Tracker-listing/store-assets/store_logo_720x1080.png,Modern-Tasbeeh-Tracker-listing/store-assets/store_logo_720x1080.png,Modern-Tasbeeh-Tracker-listing/store-assets/store_logo_720x1080.png,Modern-Tasbeeh-Tracker-listing/store-assets/store_logo_720x1080.png,Modern-Tasbeeh-Tracker-listing/store-assets/store_logo_720x1080.png,Modern-Tasbeeh-Tracker-listing/store-assets/store_logo_720x1080.png,Modern-Tasbeeh-Tracker-listing/store-assets/store_logo_720x1080.png,Modern-Tasbeeh-Tracker-listing/store-assets/store_logo_720x1080.png,Modern-Tasbeeh-Tracker-listing/store-assets/store_logo_720x1080.png,Modern-Tasbeeh-Tracker-listing/store-assets/store_logo_720x1080.png,Modern-Tasbeeh-Tracker-listing/store-assets/store_logo_720x1080.png,Modern-Tasbeeh-Tracker-listing/store-assets/store_logo_720x1080.png,Modern-Tasbeeh-Tracker-listing/store-assets/store_logo_720x1080.png,Modern-Tasbeeh-Tracker-listing/store-assets/store_logo_720x1080.png,Modern-Tasbeeh-Tracker-listing/store-assets/store_logo_720x1080.png,Modern-Tasbeeh-Tracker-listing/store-assets/store_logo_720x1080.png,Modern-Tasbeeh-Tracker-listing/store-assets/store_logo_720x1080.png,Modern-Tasbeeh-Tracker-listing/store-assets/store_logo_720x1080.png,Modern-Tasbeeh-Tracker-listing/store-assets/store_logo_720x1080.png,Modern-Tasbeeh-Tracker-listing/store-assets/store_logo_720x1080.png,Modern-Tasbeeh-Tracker-listing/store-assets/store_logo_720x1080.png,Modern-Tasbeeh-Tracker-listing/store-assets/store_logo_720x1080.png,Modern-Tasbeeh-Tracker-listing/store-assets/store_logo_720x1080.png,Modern-Tasbeeh-Tracker-listing/store-assets/store_logo_720x1080.png,Modern-Tasbeeh-Tracker-listing/store-assets/store_logo_720x1080.png,Modern-Tasbeeh-Tracker-listing/store-assets/store_logo_720x1080.png,Modern-Tasbeeh-Tracker-listing/store-assets/store_logo_720x1080.png,Modern-Tasbeeh-Tracker-listing/store-assets/store_logo_720x1080.png,Modern-Tasbeeh-Tracker-listing/store-assets/store_logo_720x1080.png,Modern-Tasbeeh-Tracker-listing/store-assets/store_logo_720x1080.png,Modern-Tasbeeh-Tracker-listing/store-assets/store_logo_720x1080.png,Modern-Tasbeeh-Tracker-listing/store-assets/store_logo_720x1080.png,Modern-Tasbeeh-Tracker-listing/store-assets/store_logo_720x1080.png,Modern-Tasbeeh-Tracker-listing/store-assets/store_logo_720x1080.png,Modern-Tasbeeh-Tracker-listing/store-assets/store_logo_720x1080.png,Modern-Tasbeeh-Tracker-listing/store-assets/store_logo_720x1080.png,Modern-Tasbeeh-Tracker-listing/store-assets/store_logo_720x1080.png,Modern-Tasbeeh-Tracker-listing/store-assets/store_logo_720x1080.png,Modern-Tasbeeh-Tracker-listing/store-assets/store_logo_720x1080.png
StoreLogo1080x1080,601,Relative path (or URL to file in Partner Center),Modern-Tasbeeh-Tracker-listing/store-assets/store_logo_1080x1080.png,Modern-Tasbeeh-Tracker-listing/store-assets/store_logo_1080x1080.png,Modern-Tasbeeh-Tracker-listing/store-assets/store_logo_1080x1080.png,Modern-Tasbeeh-Tracker-listing/store-assets/store_logo_1080x1080.png,Modern-Tasbeeh-Tracker-listing/store-assets/store_logo_1080x1080.png,Modern-Tasbeeh-Tracker-listing/store-assets/store_logo_1080x1080.png,Modern-Tasbeeh-Tracker-listing/store-assets/store_logo_1080x1080.png,Modern-Tasbeeh-Tracker-listing/store-assets/store_logo_1080x1080.png,Modern-Tasbeeh-Tracker-listing/store-assets/store_logo_1080x1080.png,Modern-Tasbeeh-Tracker-listing/store-assets/store_logo_1080x1080.png,Modern-Tasbeeh-Tracker-listing/store-assets/store_logo_1080x1080.png,Modern-Tasbeeh-Tracker-listing/store-assets/store_logo_1080x1080.png,Modern-Tasbeeh-Tracker-listing/store-assets/store_logo_1080x1080.png,Modern-Tasbeeh-Tracker-listing/store-assets/store_logo_1080x1080.png,Modern-Tasbeeh-Tracker-listing/store-assets/store_logo_1080x1080.png,Modern-Tasbeeh-Tracker-listing/store-assets/store_logo_1080x1080.png,Modern-Tasbeeh-Tracker-listing/store-assets/store_logo_1080x1080.png,Modern-Tasbeeh-Tracker-listing/store-assets/store_logo_1080x1080.png,Modern-Tasbeeh-Tracker-listing/store-assets/store_logo_1080x1080.png,Modern-Tasbeeh-Tracker-listing/store-assets/store_logo_1080x1080.png,Modern-Tasbeeh-Tracker-listing/store-assets/store_logo_1080x1080.png,Modern-Tasbeeh-Tracker-listing/store-assets/store_logo_1080x1080.png,Modern-Tasbeeh-Tracker-listing/store-assets/store_logo_1080x1080.png,Modern-Tasbeeh-Tracker-listing/store-assets/store_logo_1080x1080.png,Modern-Tasbeeh-Tracker-listing/store-assets/store_logo_1080x1080.png,Modern-Tasbeeh-Tracker-listing/store-assets/store_logo_1080x1080.png,Modern-Tasbeeh-Tracker-listing/store-assets/store_logo_1080x1080.png,Modern-Tasbeeh-Tracker-listing/store-assets/store_logo_1080x1080.png,Modern-Tasbeeh-Tracker-listing/store-assets/store_logo_1080x1080.png,Modern-Tasbeeh-Tracker-listing/store-assets/store_logo_1080x1080.png,Modern-Tasbeeh-Tracker-listing/store-assets/store_logo_1080x1080.png,Modern-Tasbeeh-Tracker-listing/store-assets/store_logo_1080x1080.png,Modern-Tasbeeh-Tracker-listing/store-assets/store_logo_1080x1080.png,Modern-Tasbeeh-Tracker-listing/store-assets/store_logo_1080x1080.png,Modern-Tasbeeh-Tracker-listing/store-assets/store_logo_1080x1080.png,Modern-Tasbeeh-Tracker-listing/store-assets/store_logo_1080x1080.png,Modern-Tasbeeh-Tracker-listing/store-assets/store_logo_1080x1080.png,Modern-Tasbeeh-Tracker-listing/store-assets/store_logo_1080x1080.png,Modern-Tasbeeh-Tracker-listing/store-assets/store_logo_1080x1080.png,Modern-Tasbeeh-Tracker-listing/store-assets/store_logo_1080x1080.png,Modern-Tasbeeh-Tracker-listing/store-assets/store_logo_1080x1080.png,Modern-Tasbeeh-Tracker-listing/store-assets/store_logo_1080x1080.png,Modern-Tasbeeh-Tracker-listing/store-assets/store_logo_1080x1080.png,Modern-Tasbeeh-Tracker-listing/store-assets/store_logo_1080x1080.png,Modern-Tasbeeh-Tracker-listing/store-assets/store_logo_1080x1080.png,Modern-Tasbeeh-Tracker-listing/store-assets/store_logo_1080x1080.png,Modern-Tasbeeh-Tracker-listing/store-assets/store_logo_1080x1080.png,Modern-Tasbeeh-Tracker-listing/store-assets/store_logo_1080x1080.png,Modern-Tasbeeh-Tracker-listing/store-assets/store_logo_1080x1080.png,Modern-Tasbeeh-Tracker-listing/store-assets/store_logo_1080x1080.png,Modern-Tasbeeh-Tracker-listing/store-assets/store_logo_1080x1080.png,Modern-Tasbeeh-Tracker-listing/store-assets/store_logo_1080x1080.png,Modern-Tasbeeh-Tracker-listing/store-assets/store_logo_1080x1080.png,Modern-Tasbeeh-Tracker-listing/store-assets/store_logo_1080x1080.png,Modern-Tasbeeh-Tracker-listing/store-assets/store_logo_1080x1080.png,Modern-Tasbeeh-Tracker-listing/store-assets/store_logo_1080x1080.png,Modern-Tasbeeh-Tracker-listing/store-assets/store_logo_1080x1080.png,Modern-Tasbeeh-Tracker-listing/store-assets/store_logo_1080x1080.png,Modern-Tasbeeh-Tracker-listing/store-assets/store_logo_1080x1080.png,Modern-Tasbeeh-Tracker-listing/store-assets/store_logo_1080x1080.png,Modern-Tasbeeh-Tracker-listing/store-assets/store_logo_1080x1080.png,Modern-Tasbeeh-Tracker-listing/store-assets/store_logo_1080x1080.png,Modern-Tasbeeh-Tracker-listing/store-assets/store_logo_1080x1080.png,Modern-Tasbeeh-Tracker-listing/store-assets/store_logo_1080x1080.png,Modern-Tasbeeh-Tracker-listing/store-assets/store_logo_1080x1080.png,Modern-Tasbeeh-Tracker-listing/store-assets/store_logo_1080x1080.png,Modern-Tasbeeh-Tracker-listing/store-assets/store_logo_1080x1080.png,Modern-Tasbeeh-Tracker-listing/store-assets/store_logo_1080x1080.png,Modern-Tasbeeh-Tracker-listing/store-assets/store_logo_1080x1080.png,Modern-Tasbeeh-Tracker-listing/store-assets/store_logo_1080x1080.png,Modern-Tasbeeh-Tracker-listing/store-assets/store_logo_1080x1080.png,Modern-Tasbeeh-Tracker-listing/store-assets/store_logo_1080x1080.png,Modern-Tasbeeh-Tracker-listing/store-assets/store_logo_1080x1080.png,Modern-Tasbeeh-Tracker-listing/store-assets/store_logo_1080x1080.png,Modern-Tasbeeh-Tracker-listing/store-assets/store_logo_1080x1080.png,Modern-Tasbeeh-Tracker-listing/store-assets/store_logo_1080x1080.png,Modern-Tasbeeh-Tracker-listing/store-assets/store_logo_1080x1080.png,Modern-Tasbeeh-Tracker-listing/store-assets/store_logo_1080x1080.png,Modern-Tasbeeh-Tracker-listing/store-assets/store_logo_1080x1080.png,Modern-Tasbeeh-Tracker-listing/store-assets/store_logo_1080x1080.png,Modern-Tasbeeh-Tracker-listing/store-assets/store_logo_1080x1080.png,Modern-Tasbeeh-Tracker-listing/store-assets/store_logo_1080x1080.png,Modern-Tasbeeh-Tracker-listing/store-assets/store_logo_1080x1080.png,Modern-Tasbeeh-Tracker-listing/store-assets/store_logo_1080x1080.png,Modern-Tasbeeh-Tracker-listing/store-assets/store_logo_1080x1080.png,Modern-Tasbeeh-Tracker-listing/store-assets/store_logo_1080x1080.png,Modern-Tasbeeh-Tracker-listing/store-assets/store_logo_1080x1080.png,Modern-Tasbeeh-Tracker-listing/store-assets/store_logo_1080x1080.png,Modern-Tasbeeh-Tracker-listing/store-assets/store_logo_1080x1080.png,Modern-Tasbeeh-Tracker-listing/store-assets/store_logo_1080x1080.png,Modern-Tasbeeh-Tracker-listing/store-assets/store_logo_1080x1080.png,Modern-Tasbeeh-Tracker-listing/store-assets/store_logo_1080x1080.png,Modern-Tasbeeh-Tracker-listing/store-assets/store_logo_1080x1080.png,Modern-Tasbeeh-Tracker-listing/store-assets/store_logo_1080x1080.png,Modern-Tasbeeh-Tracker-listing/store-assets/store_logo_1080x1080.png,Modern-Tasbeeh-Tracker-listing/store-assets/store_logo_1080x1080.png,Modern-Tasbeeh-Tracker-listing/store-assets/store_logo_1080x1080.png,Modern-Tasbeeh-Tracker-listing/store-assets/store_logo_1080x1080.png,Modern-Tasbeeh-Tracker-listing/store-assets/store_logo_1080x1080.png,Modern-Tasbeeh-Tracker-listing/store-assets/store_logo_1080x1080.png,Modern-Tasbeeh-Tracker-listing/store-assets/store_logo_1080x1080.png
StoreLogo300x300,602,Relative path (or URL to file in Partner Center),Modern-Tasbeeh-Tracker-listing/store-assets/store_logo_300x300.png,Modern-Tasbeeh-Tracker-listing/store-assets/store_logo_300x300.png,Modern-Tasbeeh-Tracker-listing/store-assets/store_logo_300x300.png,Modern-Tasbeeh-Tracker-listing/store-assets/store_logo_300x300.png,Modern-Tasbeeh-Tracker-listing/store-assets/store_logo_300x300.png,Modern-Tasbeeh-Tracker-listing/store-assets/store_logo_300x300.png,Modern-Tasbeeh-Tracker-listing/store-assets/store_logo_300x300.png,Modern-Tasbeeh-Tracker-listing/store-assets/store_logo_300x300.png,Modern-Tasbeeh-Tracker-listing/store-assets/store_logo_300x300.png,Modern-Tasbeeh-Tracker-listing/store-assets/store_logo_300x300.png,Modern-Tasbeeh-Tracker-listing/store-assets/store_logo_300x300.png,Modern-Tasbeeh-Tracker-listing/store-assets/store_logo_300x300.png,Modern-Tasbeeh-Tracker-listing/store-assets/store_logo_300x300.png,Modern-Tasbeeh-Tracker-listing/store-assets/store_logo_300x300.png,Modern-Tasbeeh-Tracker-listing/store-assets/store_logo_300x300.png,Modern-Tasbeeh-Tracker-listing/store-assets/store_logo_300x300.png,Modern-Tasbeeh-Tracker-listing/store-assets/store_logo_300x300.png,Modern-Tasbeeh-Tracker-listing/store-assets/store_logo_300x300.png,Modern-Tasbeeh-Tracker-listing/store-assets/store_logo_300x300.png,Modern-Tasbeeh-Tracker-listing/store-assets/store_logo_300x300.png,Modern-Tasbeeh-Tracker-listing/store-assets/store_logo_300x300.png,Modern-Tasbeeh-Tracker-listing/store-assets/store_logo_300x300.png,Modern-Tasbeeh-Tracker-listing/store-assets/store_logo_300x300.png,Modern-Tasbeeh-Tracker-listing/store-assets/store_logo_300x300.png,Modern-Tasbeeh-Tracker-listing/store-assets/store_logo_300x300.png,Modern-Tasbeeh-Tracker-listing/store-assets/store_logo_300x300.png,Modern-Tasbeeh-Tracker-listing/store-assets/store_logo_300x300.png,Modern-Tasbeeh-Tracker-listing/store-assets/store_logo_300x300.png,Modern-Tasbeeh-Tracker-listing/store-assets/store_logo_300x300.png,Modern-Tasbeeh-Tracker-listing/store-assets/store_logo_300x300.png,Modern-Tasbeeh-Tracker-listing/store-assets/store_logo_300x300.png,Modern-Tasbeeh-Tracker-listing/store-assets/store_logo_300x300.png,Modern-Tasbeeh-Tracker-listing/store-assets/store_logo_300x300.png,Modern-Tasbeeh-Tracker-listing/store-assets/store_logo_300x300.png,Modern-Tasbeeh-Tracker-listing/store-assets/store_logo_300x300.png,Modern-Tasbeeh-Tracker-listing/store-assets/store_logo_300x300.png,Modern-Tasbeeh-Tracker-listing/store-assets/store_logo_300x300.png,Modern-Tasbeeh-Tracker-listing/store-assets/store_logo_300x300.png,Modern-Tasbeeh-Tracker-listing/store-assets/store_logo_300x300.png,Modern-Tasbeeh-Tracker-listing/store-assets/store_logo_300x300.png,Modern-Tasbeeh-Tracker-listing/store-assets/store_logo_300x300.png,Modern-Tasbeeh-Tracker-listing/store-assets/store_logo_300x300.png,Modern-Tasbeeh-Tracker-listing/store-assets/store_logo_300x300.png,Modern-Tasbeeh-Tracker-listing/store-assets/store_logo_300x300.png,Modern-Tasbeeh-Tracker-listing/store-assets/store_logo_300x300.png,Modern-Tasbeeh-Tracker-listing/store-assets/store_logo_300x300.png,Modern-Tasbeeh-Tracker-listing/store-assets/store_logo_300x300.png,Modern-Tasbeeh-Tracker-listing/store-assets/store_logo_300x300.png,Modern-Tasbeeh-Tracker-listing/store-assets/store_logo_300x300.png,Modern-Tasbeeh-Tracker-listing/store-assets/store_logo_300x300.png,Modern-Tasbeeh-Tracker-listing/store-assets/store_logo_300x300.png,Modern-Tasbeeh-Tracker-listing/store-assets/store_logo_300x300.png,Modern-Tasbeeh-Tracker-listing/store-assets/store_logo_300x300.png,Modern-Tasbeeh-Tracker-listing/store-assets/store_logo_300x300.png,Modern-Tasbeeh-Tracker-listing/store-assets/store_logo_300x300.png,Modern-Tasbeeh-Tracker-listing/store-assets/store_logo_300x300.png,Modern-Tasbeeh-Tracker-listing/store-assets/store_logo_300x300.png,Modern-Tasbeeh-Tracker-listing/store-assets/store_logo_300x300.png,Modern-Tasbeeh-Tracker-listing/store-assets/store_logo_300x300.png,Modern-Tasbeeh-Tracker-listing/store-assets/store_logo_300x300.png,Modern-Tasbeeh-Tracker-listing/store-assets/store_logo_300x300.png,Modern-Tasbeeh-Tracker-listing/store-assets/store_logo_300x300.png,Modern-Tasbeeh-Tracker-listing/store-assets/store_logo_300x300.png,Modern-Tasbeeh-Tracker-listing/store-assets/store_logo_300x300.png,Modern-Tasbeeh-Tracker-listing/store-assets/store_logo_300x300.png,Modern-Tasbeeh-Tracker-listing/store-assets/store_logo_300x300.png,Modern-Tasbeeh-Tracker-listing/store-assets/store_logo_300x300.png,Modern-Tasbeeh-Tracker-listing/store-assets/store_logo_300x300.png,Modern-Tasbeeh-Tracker-listing/store-assets/store_logo_300x300.png,Modern-Tasbeeh-Tracker-listing/store-assets/store_logo_300x300.png,Modern-Tasbeeh-Tracker-listing/store-assets/store_logo_300x300.png,Modern-Tasbeeh-Tracker-listing/store-assets/store_logo_300x300.png,Modern-Tasbeeh-Tracker-listing/store-assets/store_logo_300x300.png,Modern-Tasbeeh-Tracker-listing/store-assets/store_logo_300x300.png,Modern-Tasbeeh-Tracker-listing/store-assets/store_logo_300x300.png,Modern-Tasbeeh-Tracker-listing/store-assets/store_logo_300x300.png,Modern-Tasbeeh-Tracker-listing/store-assets/store_logo_300x300.png,Modern-Tasbeeh-Tracker-listing/store-assets/store_logo_300x300.png,Modern-Tasbeeh-Tracker-listing/store-assets/store_logo_300x300.png,Modern-Tasbeeh-Tracker-listing/store-assets/store_logo_300x300.png,Modern-Tasbeeh-Tracker-listing/store-assets/store_logo_300x300.png,Modern-Tasbeeh-Tracker-listing/store-assets/store_logo_300x300.png,Modern-Tasbeeh-Tracker-listing/store-assets/store_logo_300x300.png,Modern-Tasbeeh-Tracker-listing/store-assets/store_logo_300x300.png,Modern-Tasbeeh-Tracker-listing/store-assets/store_logo_300x300.png,Modern-Tasbeeh-Tracker-listing/store-assets/store_logo_300x300.png,Modern-Tasbeeh-Tracker-listing/store-assets/store_logo_300x300.png,Modern-Tasbeeh-Tracker-listing/store-assets/store_logo_300x300.png,Modern-Tasbeeh-Tracker-listing/store-assets/store_logo_300x300.png,Modern-Tasbeeh-Tracker-listing/store-assets/store_logo_300x300.png,Modern-Tasbeeh-Tracker-listing/store-assets/store_logo_300x300.png,Modern-Tasbeeh-Tracker-listing/store-assets/store_logo_300x300.png,Modern-Tasbeeh-Tracker-listing/store-assets/store_logo_300x300.png,Modern-Tasbeeh-Tracker-listing/store-assets/store_logo_300x300.png,Modern-Tasbeeh-Tracker-listing/store-assets/store_logo_300x300.png,Modern-Tasbeeh-Tracker-listing/store-assets/store_logo_300x300.png,Modern-Tasbeeh-Tracker-listing/store-assets/store_logo_300x300.png,Modern-Tasbeeh-Tracker-listing/store-assets/store_logo_300x300.png,Modern-Tasbeeh-Tracker-listing/store-assets/store_logo_300x300.png,Modern-Tasbeeh-Tracker-listing/store-assets/store_logo_300x300.png,Modern-Tasbeeh-Tracker-listing/store-assets/store_logo_300x300.png
OverrideLogosForWin10,603,True/False,False,False,False,False,False,False,False,False,False,False,False,False,False,False,False,False,False,False,False,False,False,False,False,False,False,False,False,False,False,False,False,False,False,False,False,False,False,False,False,False,False,False,False,False,False,False,False,False,False,False,False,False,False,False,False,False,False,False,False,False,False,False,False,False,False,False,False,False,False,False,False,False,False,False,False,False,False,False,False,False,False,False,False,False,False,False,False,False,False,False,False,False,False,False,False,False,False,False,False,False,False
StoreLogoOverride150x150,604,Relative path (or URL to file in Partner Center),,,,,,,,,,,,,,,,,,,,,,,,,,,,,,,,,,,,,,,,,,,,,,,,,,,,,,,,,,,,,,,,,,,,,,,,,,,,,,,,,,,,,,,,,,,,,,,,,,,,,
StoreLogoOverride71x71,605,Relative path (or URL to file in Partner Center),,,,,,,,,,,,,,,,,,,,,,,,,,,,,,,,,,,,,,,,,,,,,,,,,,,,,,,,,,,,,,,,,,,,,,,,,,,,,,,,,,,,,,,,,,,,,,,,,,,,,
PromoImage1920x1080,606,Relative path (or URL to file in Partner Center),Modern-Tasbeeh-Tracker-listing/store-assets/promo_image_1920x1080.png,Modern-Tasbeeh-Tracker-listing/store-assets/promo_image_1920x1080.png,Modern-Tasbeeh-Tracker-listing/store-assets/promo_image_1920x1080.png,Modern-Tasbeeh-Tracker-listing/store-assets/promo_image_1920x1080.png,Modern-Tasbeeh-Tracker-listing/store-assets/promo_image_1920x1080.png,Modern-Tasbeeh-Tracker-listing/store-assets/promo_image_1920x1080.png,Modern-Tasbeeh-Tracker-listing/store-assets/promo_image_1920x1080.png,Modern-Tasbeeh-Tracker-listing/store-assets/promo_image_1920x1080.png,Modern-Tasbeeh-Tracker-listing/store-assets/promo_image_1920x1080.png,Modern-Tasbeeh-Tracker-listing/store-assets/promo_image_1920x1080.png,Modern-Tasbeeh-Tracker-listing/store-assets/promo_image_1920x1080.png,Modern-Tasbeeh-Tracker-listing/store-assets/promo_image_1920x1080.png,Modern-Tasbeeh-Tracker-listing/store-assets/promo_image_1920x1080.png,Modern-Tasbeeh-Tracker-listing/store-assets/promo_image_1920x1080.png,Modern-Tasbeeh-Tracker-listing/store-assets/promo_image_1920x1080.png,Modern-Tasbeeh-Tracker-listing/store-assets/promo_image_1920x1080.png,Modern-Tasbeeh-Tracker-listing/store-assets/promo_image_1920x1080.png,Modern-Tasbeeh-Tracker-listing/store-assets/promo_image_1920x1080.png,Modern-Tasbeeh-Tracker-listing/store-assets/promo_image_1920x1080.png,Modern-Tasbeeh-Tracker-listing/store-assets/promo_image_1920x1080.png,Modern-Tasbeeh-Tracker-listing/store-assets/promo_image_1920x1080.png,Modern-Tasbeeh-Tracker-listing/store-assets/promo_image_1920x1080.png,Modern-Tasbeeh-Tracker-listing/store-assets/promo_image_1920x1080.png,Modern-Tasbeeh-Tracker-listing/store-assets/promo_image_1920x1080.png,Modern-Tasbeeh-Tracker-listing/store-assets/promo_image_1920x1080.png,Modern-Tasbeeh-Tracker-listing/store-assets/promo_image_1920x1080.png,Modern-Tasbeeh-Tracker-listing/store-assets/promo_image_1920x1080.png,Modern-Tasbeeh-Tracker-listing/store-assets/promo_image_1920x1080.png,Modern-Tasbeeh-Tracker-listing/store-assets/promo_image_1920x1080.png,Modern-Tasbeeh-Tracker-listing/store-assets/promo_image_1920x1080.png,Modern-Tasbeeh-Tracker-listing/store-assets/promo_image_1920x1080.png,Modern-Tasbeeh-Tracker-listing/store-assets/promo_image_1920x1080.png,Modern-Tasbeeh-Tracker-listing/store-assets/promo_image_1920x1080.png,Modern-Tasbeeh-Tracker-listing/store-assets/promo_image_1920x1080.png,Modern-Tasbeeh-Tracker-listing/store-assets/promo_image_1920x1080.png,Modern-Tasbeeh-Tracker-listing/store-assets/promo_image_1920x1080.png,Modern-Tasbeeh-Tracker-listing/store-assets/promo_image_1920x1080.png,Modern-Tasbeeh-Tracker-listing/store-assets/promo_image_1920x1080.png,Modern-Tasbeeh-Tracker-listing/store-assets/promo_image_1920x1080.png,Modern-Tasbeeh-Tracker-listing/store-assets/promo_image_1920x1080.png,Modern-Tasbeeh-Tracker-listing/store-assets/promo_image_1920x1080.png,Modern-Tasbeeh-Tracker-listing/store-assets/promo_image_1920x1080.png,Modern-Tasbeeh-Tracker-listing/store-assets/promo_image_1920x1080.png,Modern-Tasbeeh-Tracker-listing/store-assets/promo_image_1920x1080.png,Modern-Tasbeeh-Tracker-listing/store-assets/promo_image_1920x1080.png,Modern-Tasbeeh-Tracker-listing/store-assets/promo_image_1920x1080.png,Modern-Tasbeeh-Tracker-listing/store-assets/promo_image_1920x1080.png,Modern-Tasbeeh-Tracker-listing/store-assets/promo_image_1920x1080.png,Modern-Tasbeeh-Tracker-listing/store-assets/promo_image_1920x1080.png,Modern-Tasbeeh-Tracker-listing/store-assets/promo_image_1920x1080.png,Modern-Tasbeeh-Tracker-listing/store-assets/promo_image_1920x1080.png,Modern-Tasbeeh-Tracker-listing/store-assets/promo_image_1920x1080.png,Modern-Tasbeeh-Tracker-listing/store-assets/promo_image_1920x1080.png,Modern-Tasbeeh-Tracker-listing/store-assets/promo_image_1920x1080.png,Modern-Tasbeeh-Tracker-listing/store-assets/promo_image_1920x1080.png,Modern-Tasbeeh-Tracker-listing/store-assets/promo_image_1920x1080.png,Modern-Tasbeeh-Tracker-listing/store-assets/promo_image_1920x1080.png,Modern-Tasbeeh-Tracker-listing/store-assets/promo_image_1920x1080.png,Modern-Tasbeeh-Tracker-listing/store-assets/promo_image_1920x1080.png,Modern-Tasbeeh-Tracker-listing/store-assets/promo_image_1920x1080.png,Modern-Tasbeeh-Tracker-listing/store-assets/promo_image_1920x1080.png,Modern-Tasbeeh-Tracker-listing/store-assets/promo_image_1920x1080.png,Modern-Tasbeeh-Tracker-listing/store-assets/promo_image_1920x1080.png,Modern-Tasbeeh-Tracker-listing/store-assets/promo_image_1920x1080.png,Modern-Tasbeeh-Tracker-listing/store-assets/promo_image_1920x1080.png,Modern-Tasbeeh-Tracker-listing/store-assets/promo_image_1920x1080.png,Modern-Tasbeeh-Tracker-listing/store-assets/promo_image_1920x1080.png,Modern-Tasbeeh-Tracker-listing/store-assets/promo_image_1920x1080.png,Modern-Tasbeeh-Tracker-listing/store-assets/promo_image_1920x1080.png,Modern-Tasbeeh-Tracker-listing/store-assets/promo_image_1920x1080.png,Modern-Tasbeeh-Tracker-listing/store-assets/promo_image_1920x1080.png,Modern-Tasbeeh-Tracker-listing/store-assets/promo_image_1920x1080.png,Modern-Tasbeeh-Tracker-listing/store-assets/promo_image_1920x1080.png,Modern-Tasbeeh-Tracker-listing/store-assets/promo_image_1920x1080.png,Modern-Tasbeeh-Tracker-listing/store-assets/promo_image_1920x1080.png,Modern-Tasbeeh-Tracker-listing/store-assets/promo_image_1920x1080.png,Modern-Tasbeeh-Tracker-listing/store-assets/promo_image_1920x1080.png,Modern-Tasbeeh-Tracker-listing/store-assets/promo_image_1920x1080.png,Modern-Tasbeeh-Tracker-listing/store-assets/promo_image_1920x1080.png,Modern-Tasbeeh-Tracker-listing/store-assets/promo_image_1920x1080.png,Modern-Tasbeeh-Tracker-listing/store-assets/promo_image_1920x1080.png,Modern-Tasbeeh-Tracker-listing/store-assets/promo_image_1920x1080.png,Modern-Tasbeeh-Tracker-listing/store-assets/promo_image_1920x1080.png,Modern-Tasbeeh-Tracker-listing/store-assets/promo_image_1920x1080.png,Modern-Tasbeeh-Tracker-listing/store-assets/promo_image_1920x1080.png,Modern-Tasbeeh-Tracker-listing/store-assets/promo_image_1920x1080.png,Modern-Tasbeeh-Tracker-listing/store-assets/promo_image_1920x1080.png,Modern-Tasbeeh-Tracker-listing/store-assets/promo_image_1920x1080.png,Modern-Tasbeeh-Tracker-listing/store-assets/promo_image_1920x1080.png,Modern-Tasbeeh-Tracker-listing/store-assets/promo_image_1920x1080.png,Modern-Tasbeeh-Tracker-listing/store-assets/promo_image_1920x1080.png,Modern-Tasbeeh-Tracker-listing/store-assets/promo_image_1920x1080.png,Modern-Tasbeeh-Tracker-listing/store-assets/promo_image_1920x1080.png,Modern-Tasbeeh-Tracker-listing/store-assets/promo_image_1920x1080.png,Modern-Tasbeeh-Tracker-listing/store-assets/promo_image_1920x1080.png,Modern-Tasbeeh-Tracker-listing/store-assets/promo_image_1920x1080.png,Modern-Tasbeeh-Tracker-listing/store-assets/promo_image_1920x1080.png,Modern-Tasbeeh-Tracker-listing/store-assets/promo_image_1920x1080.png,Modern-Tasbeeh-Tracker-listing/store-assets/promo_image_1920x1080.png,Modern-Tasbeeh-Tracker-listing/store-assets/promo_image_1920x1080.png,Modern-Tasbeeh-Tracker-listing/store-assets/promo_image_1920x1080.png
PromoImage2400x1200,607,Relative path (or URL to file in Partner Center),Modern-Tasbeeh-Tracker-listing/store-assets/promo_image_2400x1200.png,Modern-Tasbeeh-Tracker-listing/store-assets/promo_image_2400x1200.png,Modern-Tasbeeh-Tracker-listing/store-assets/promo_image_2400x1200.png,Modern-Tasbeeh-Tracker-listing/store-assets/promo_image_2400x1200.png,Modern-Tasbeeh-Tracker-listing/store-assets/promo_image_2400x1200.png,Modern-Tasbeeh-Tracker-listing/store-assets/promo_image_2400x1200.png,Modern-Tasbeeh-Tracker-listing/store-assets/promo_image_2400x1200.png,Modern-Tasbeeh-Tracker-listing/store-assets/promo_image_2400x1200.png,Modern-Tasbeeh-Tracker-listing/store-assets/promo_image_2400x1200.png,Modern-Tasbeeh-Tracker-listing/store-assets/promo_image_2400x1200.png,Modern-Tasbeeh-Tracker-listing/store-assets/promo_image_2400x1200.png,Modern-Tasbeeh-Tracker-listing/store-assets/promo_image_2400x1200.png,Modern-Tasbeeh-Tracker-listing/store-assets/promo_image_2400x1200.png,Modern-Tasbeeh-Tracker-listing/store-assets/promo_image_2400x1200.png,Modern-Tasbeeh-Tracker-listing/store-assets/promo_image_2400x1200.png,Modern-Tasbeeh-Tracker-listing/store-assets/promo_image_2400x1200.png,Modern-Tasbeeh-Tracker-listing/store-assets/promo_image_2400x1200.png,Modern-Tasbeeh-Tracker-listing/store-assets/promo_image_2400x1200.png,Modern-Tasbeeh-Tracker-listing/store-assets/promo_image_2400x1200.png,Modern-Tasbeeh-Tracker-listing/store-assets/promo_image_2400x1200.png,Modern-Tasbeeh-Tracker-listing/store-assets/promo_image_2400x1200.png,Modern-Tasbeeh-Tracker-listing/store-assets/promo_image_2400x1200.png,Modern-Tasbeeh-Tracker-listing/store-assets/promo_image_2400x1200.png,Modern-Tasbeeh-Tracker-listing/store-assets/promo_image_2400x1200.png,Modern-Tasbeeh-Tracker-listing/store-assets/promo_image_2400x1200.png,Modern-Tasbeeh-Tracker-listing/store-assets/promo_image_2400x1200.png,Modern-Tasbeeh-Tracker-listing/store-assets/promo_image_2400x1200.png,Modern-Tasbeeh-Tracker-listing/store-assets/promo_image_2400x1200.png,Modern-Tasbeeh-Tracker-listing/store-assets/promo_image_2400x1200.png,Modern-Tasbeeh-Tracker-listing/store-assets/promo_image_2400x1200.png,Modern-Tasbeeh-Tracker-listing/store-assets/promo_image_2400x1200.png,Modern-Tasbeeh-Tracker-listing/store-assets/promo_image_2400x1200.png,Modern-Tasbeeh-Tracker-listing/store-assets/promo_image_2400x1200.png,Modern-Tasbeeh-Tracker-listing/store-assets/promo_image_2400x1200.png,Modern-Tasbeeh-Tracker-listing/store-assets/promo_image_2400x1200.png,Modern-Tasbeeh-Tracker-listing/store-assets/promo_image_2400x1200.png,Modern-Tasbeeh-Tracker-listing/store-assets/promo_image_2400x1200.png,Modern-Tasbeeh-Tracker-listing/store-assets/promo_image_2400x1200.png,Modern-Tasbeeh-Tracker-listing/store-assets/promo_image_2400x1200.png,Modern-Tasbeeh-Tracker-listing/store-assets/promo_image_2400x1200.png,Modern-Tasbeeh-Tracker-listing/store-assets/promo_image_2400x1200.png,Modern-Tasbeeh-Tracker-listing/store-assets/promo_image_2400x1200.png,Modern-Tasbeeh-Tracker-listing/store-assets/promo_image_2400x1200.png,Modern-Tasbeeh-Tracker-listing/store-assets/promo_image_2400x1200.png,Modern-Tasbeeh-Tracker-listing/store-assets/promo_image_2400x1200.png,Modern-Tasbeeh-Tracker-listing/store-assets/promo_image_2400x1200.png,Modern-Tasbeeh-Tracker-listing/store-assets/promo_image_2400x1200.png,Modern-Tasbeeh-Tracker-listing/store-assets/promo_image_2400x1200.png,Modern-Tasbeeh-Tracker-listing/store-assets/promo_image_2400x1200.png,Modern-Tasbeeh-Tracker-listing/store-assets/promo_image_2400x1200.png,Modern-Tasbeeh-Tracker-listing/store-assets/promo_image_2400x1200.png,Modern-Tasbeeh-Tracker-listing/store-assets/promo_image_2400x1200.png,Modern-Tasbeeh-Tracker-listing/store-assets/promo_image_2400x1200.png,Modern-Tasbeeh-Tracker-listing/store-assets/promo_image_2400x1200.png,Modern-Tasbeeh-Tracker-listing/store-assets/promo_image_2400x1200.png,Modern-Tasbeeh-Tracker-listing/store-assets/promo_image_2400x1200.png,Modern-Tasbeeh-Tracker-listing/store-assets/promo_image_2400x1200.png,Modern-Tasbeeh-Tracker-listing/store-assets/promo_image_2400x1200.png,Modern-Tasbeeh-Tracker-listing/store-assets/promo_image_2400x1200.png,Modern-Tasbeeh-Tracker-listing/store-assets/promo_image_2400x1200.png,Modern-Tasbeeh-Tracker-listing/store-assets/promo_image_2400x1200.png,Modern-Tasbeeh-Tracker-listing/store-assets/promo_image_2400x1200.png,Modern-Tasbeeh-Tracker-listing/store-assets/promo_image_2400x1200.png,Modern-Tasbeeh-Tracker-listing/store-assets/promo_image_2400x1200.png,Modern-Tasbeeh-Tracker-listing/store-assets/promo_image_2400x1200.png,Modern-Tasbeeh-Tracker-listing/store-assets/promo_image_2400x1200.png,Modern-Tasbeeh-Tracker-listing/store-assets/promo_image_2400x1200.png,Modern-Tasbeeh-Tracker-listing/store-assets/promo_image_2400x1200.png,Modern-Tasbeeh-Tracker-listing/store-assets/promo_image_2400x1200.png,Modern-Tasbeeh-Tracker-listing/store-assets/promo_image_2400x1200.png,Modern-Tasbeeh-Tracker-listing/store-assets/promo_image_2400x1200.png,Modern-Tasbeeh-Tracker-listing/store-assets/promo_image_2400x1200.png,Modern-Tasbeeh-Tracker-listing/store-assets/promo_image_2400x1200.png,Modern-Tasbeeh-Tracker-listing/store-assets/promo_image_2400x1200.png,Modern-Tasbeeh-Tracker-listing/store-assets/promo_image_2400x1200.png,Modern-Tasbeeh-Tracker-listing/store-assets/promo_image_2400x1200.png,Modern-Tasbeeh-Tracker-listing/store-assets/promo_image_2400x1200.png,Modern-Tasbeeh-Tracker-listing/store-assets/promo_image_2400x1200.png,Modern-Tasbeeh-Tracker-listing/store-assets/promo_image_2400x1200.png,Modern-Tasbeeh-Tracker-listing/store-assets/promo_image_2400x1200.png,Modern-Tasbeeh-Tracker-listing/store-assets/promo_image_2400x1200.png,Modern-Tasbeeh-Tracker-listing/store-assets/promo_image_2400x1200.png,Modern-Tasbeeh-Tracker-listing/store-assets/promo_image_2400x1200.png,Modern-Tasbeeh-Tracker-listing/store-assets/promo_image_2400x1200.png,Modern-Tasbeeh-Tracker-listing/store-assets/promo_image_2400x1200.png,Modern-Tasbeeh-Tracker-listing/store-assets/promo_image_2400x1200.png,Modern-Tasbeeh-Tracker-listing/store-assets/promo_image_2400x1200.png,Modern-Tasbeeh-Tracker-listing/store-assets/promo_image_2400x1200.png,Modern-Tasbeeh-Tracker-listing/store-assets/promo_image_2400x1200.png,Modern-Tasbeeh-Tracker-listing/store-assets/promo_image_2400x1200.png,Modern-Tasbeeh-Tracker-listing/store-assets/promo_image_2400x1200.png,Modern-Tasbeeh-Tracker-listing/store-assets/promo_image_2400x1200.png,Modern-Tasbeeh-Tracker-listing/store-assets/promo_image_2400x1200.png,Modern-Tasbeeh-Tracker-listing/store-assets/promo_image_2400x1200.png,Modern-Tasbeeh-Tracker-listing/store-assets/promo_image_2400x1200.png,Modern-Tasbeeh-Tracker-listing/store-assets/promo_image_2400x1200.png,Modern-Tasbeeh-Tracker-listing/store-assets/promo_image_2400x1200.png,Modern-Tasbeeh-Tracker-listing/store-assets/promo_image_2400x1200.png,Modern-Tasbeeh-Tracker-listing/store-assets/promo_image_2400x1200.png,Modern-Tasbeeh-Tracker-listing/store-assets/promo_image_2400x1200.png,Modern-Tasbeeh-Tracker-listing/store-assets/promo_image_2400x1200.png
XboxBrandedKeyArt584x800,608,Relative path (or URL to file in Partner Center),,,,,,,,,,,,,,,,,,,,,,,,,,,,,,,,,,,,,,,,,,,,,,,,,,,,,,,,,,,,,,,,,,,,,,,,,,,,,,,,,,,,,,,,,,,,,,,,,,,,,
XboxTitledHero1920x1080,609,Relative path (or URL to file in Partner Center),,,,,,,,,,,,,,,,,,,,,,,,,,,,,,,,,,,,,,,,,,,,,,,,,,,,,,,,,,,,,,,,,,,,,,,,,,,,,,,,,,,,,,,,,,,,,,,,,,,,,
XboxFeaturedPromo1080x1080,610,Relative path (or URL to file in Partner Center),,,,,,,,,,,,,,,,,,,,,,,,,,,,,,,,,,,,,,,,,,,,,,,,,,,,,,,,,,,,,,,,,,,,,,,,,,,,,,,,,,,,,,,,,,,,,,,,,,,,,
OptionalPromo358x358,611,Relative path (or URL to file in Partner Center),Modern-Tasbeeh-Tracker-listing/store-assets/optional_promo_358x358.png,Modern-Tasbeeh-Tracker-listing/store-assets/optional_promo_358x358.png,Modern-Tasbeeh-Tracker-listing/store-assets/optional_promo_358x358.png,Modern-Tasbeeh-Tracker-listing/store-assets/optional_promo_358x358.png,Modern-Tasbeeh-Tracker-listing/store-assets/optional_promo_358x358.png,Modern-Tasbeeh-Tracker-listing/store-assets/optional_promo_358x358.png,Modern-Tasbeeh-Tracker-listing/store-assets/optional_promo_358x358.png,Modern-Tasbeeh-Tracker-listing/store-assets/optional_promo_358x358.png,Modern-Tasbeeh-Tracker-listing/store-assets/optional_promo_358x358.png,Modern-Tasbeeh-Tracker-listing/store-assets/optional_promo_358x358.png,Modern-Tasbeeh-Tracker-listing/store-assets/optional_promo_358x358.png,Modern-Tasbeeh-Tracker-listing/store-assets/optional_promo_358x358.png,Modern-Tasbeeh-Tracker-listing/store-assets/optional_promo_358x358.png,Modern-Tasbeeh-Tracker-listing/store-assets/optional_promo_358x358.png,Modern-Tasbeeh-Tracker-listing/store-assets/optional_promo_358x358.png,Modern-Tasbeeh-Tracker-listing/store-assets/optional_promo_358x358.png,Modern-Tasbeeh-Tracker-listing/store-assets/optional_promo_358x358.png,Modern-Tasbeeh-Tracker-listing/store-assets/optional_promo_358x358.png,Modern-Tasbeeh-Tracker-listing/store-assets/optional_promo_358x358.png,Modern-Tasbeeh-Tracker-listing/store-assets/optional_promo_358x358.png,Modern-Tasbeeh-Tracker-listing/store-assets/optional_promo_358x358.png,Modern-Tasbeeh-Tracker-listing/store-assets/optional_promo_358x358.png,Modern-Tasbeeh-Tracker-listing/store-assets/optional_promo_358x358.png,Modern-Tasbeeh-Tracker-listing/store-assets/optional_promo_358x358.png,Modern-Tasbeeh-Tracker-listing/store-assets/optional_promo_358x358.png,Modern-Tasbeeh-Tracker-listing/store-assets/optional_promo_358x358.png,Modern-Tasbeeh-Tracker-listing/store-assets/optional_promo_358x358.png,Modern-Tasbeeh-Tracker-listing/store-assets/optional_promo_358x358.png,Modern-Tasbeeh-Tracker-listing/store-assets/optional_promo_358x358.png,Modern-Tasbeeh-Tracker-listing/store-assets/optional_promo_358x358.png,Modern-Tasbeeh-Tracker-listing/store-assets/optional_promo_358x358.png,Modern-Tasbeeh-Tracker-listing/store-assets/optional_promo_358x358.png,Modern-Tasbeeh-Tracker-listing/store-assets/optional_promo_358x358.png,Modern-Tasbeeh-Tracker-listing/store-assets/optional_promo_358x358.png,Modern-Tasbeeh-Tracker-listing/store-assets/optional_promo_358x358.png,Modern-Tasbeeh-Tracker-listing/store-assets/optional_promo_358x358.png,Modern-Tasbeeh-Tracker-listing/store-assets/optional_promo_358x358.png,Modern-Tasbeeh-Tracker-listing/store-assets/optional_promo_358x358.png,Modern-Tasbeeh-Tracker-listing/store-assets/optional_promo_358x358.png,Modern-Tasbeeh-Tracker-listing/store-assets/optional_promo_358x358.png,Modern-Tasbeeh-Tracker-listing/store-assets/optional_promo_358x358.png,Modern-Tasbeeh-Tracker-listing/store-assets/optional_promo_358x358.png,Modern-Tasbeeh-Tracker-listing/store-assets/optional_promo_358x358.png,Modern-Tasbeeh-Tracker-listing/store-assets/optional_promo_358x358.png,Modern-Tasbeeh-Tracker-listing/store-assets/optional_promo_358x358.png,Modern-Tasbeeh-Tracker-listing/store-assets/optional_promo_358x358.png,Modern-Tasbeeh-Tracker-listing/store-assets/optional_promo_358x358.png,Modern-Tasbeeh-Tracker-listing/store-assets/optional_promo_358x358.png,Modern-Tasbeeh-Tracker-listing/store-assets/optional_promo_358x358.png,Modern-Tasbeeh-Tracker-listing/store-assets/optional_promo_358x358.png,Modern-Tasbeeh-Tracker-listing/store-assets/optional_promo_358x358.png,Modern-Tasbeeh-Tracker-listing/store-assets/optional_promo_358x358.png,Modern-Tasbeeh-Tracker-listing/store-assets/optional_promo_358x358.png,Modern-Tasbeeh-Tracker-listing/store-assets/optional_promo_358x358.png,Modern-Tasbeeh-Tracker-listing/store-assets/optional_promo_358x358.png,Modern-Tasbeeh-Tracker-listing/store-assets/optional_promo_358x358.png,Modern-Tasbeeh-Tracker-listing/store-assets/optional_promo_358x358.png,Modern-Tasbeeh-Tracker-listing/store-assets/optional_promo_358x358.png,Modern-Tasbeeh-Tracker-listing/store-assets/optional_promo_358x358.png,Modern-Tasbeeh-Tracker-listing/store-assets/optional_promo_358x358.png,Modern-Tasbeeh-Tracker-listing/store-assets/optional_promo_358x358.png,Modern-Tasbeeh-Tracker-listing/store-assets/optional_promo_358x358.png,Modern-Tasbeeh-Tracker-listing/store-assets/optional_promo_358x358.png,Modern-Tasbeeh-Tracker-listing/store-assets/optional_promo_358x358.png,Modern-Tasbeeh-Tracker-listing/store-assets/optional_promo_358x358.png,Modern-Tasbeeh-Tracker-listing/store-assets/optional_promo_358x358.png,Modern-Tasbeeh-Tracker-listing/store-assets/optional_promo_358x358.png,Modern-Tasbeeh-Tracker-listing/store-assets/optional_promo_358x358.png,Modern-Tasbeeh-Tracker-listing/store-assets/optional_promo_358x358.png,Modern-Tasbeeh-Tracker-listing/store-assets/optional_promo_358x358.png,Modern-Tasbeeh-Tracker-listing/store-assets/optional_promo_358x358.png,Modern-Tasbeeh-Tracker-listing/store-assets/optional_promo_358x358.png,Modern-Tasbeeh-Tracker-listing/store-assets/optional_promo_358x358.png,Modern-Tasbeeh-Tracker-listing/store-assets/optional_promo_358x358.png,Modern-Tasbeeh-Tracker-listing/store-assets/optional_promo_358x358.png,Modern-Tasbeeh-Tracker-listing/store-assets/optional_promo_358x358.png,Modern-Tasbeeh-Tracker-listing/store-assets/optional_promo_358x358.png,Modern-Tasbeeh-Tracker-listing/store-assets/optional_promo_358x358.png,Modern-Tasbeeh-Tracker-listing/store-assets/optional_promo_358x358.png,Modern-Tasbeeh-Tracker-listing/store-assets/optional_promo_358x358.png,Modern-Tasbeeh-Tracker-listing/store-assets/optional_promo_358x358.png,Modern-Tasbeeh-Tracker-listing/store-assets/optional_promo_358x358.png,Modern-Tasbeeh-Tracker-listing/store-assets/optional_promo_358x358.png,Modern-Tasbeeh-Tracker-listing/store-assets/optional_promo_358x358.png,Modern-Tasbeeh-Tracker-listing/store-assets/optional_promo_358x358.png,Modern-Tasbeeh-Tracker-listing/store-assets/optional_promo_358x358.png,Modern-Tasbeeh-Tracker-listing/store-assets/optional_promo_358x358.png,Modern-Tasbeeh-Tracker-listing/store-assets/optional_promo_358x358.png,Modern-Tasbeeh-Tracker-listing/store-assets/optional_promo_358x358.png,Modern-Tasbeeh-Tracker-listing/store-assets/optional_promo_358x358.png,Modern-Tasbeeh-Tracker-listing/store-assets/optional_promo_358x358.png,Modern-Tasbeeh-Tracker-listing/store-assets/optional_promo_358x358.png,Modern-Tasbeeh-Tracker-listing/store-assets/optional_promo_358x358.png,Modern-Tasbeeh-Tracker-listing/store-assets/optional_promo_358x358.png,Modern-Tasbeeh-Tracker-listing/store-assets/optional_promo_358x358.png,Modern-Tasbeeh-Tracker-listing/store-assets/optional_promo_358x358.png,Modern-Tasbeeh-Tracker-listing/store-assets/optional_promo_358x358.png,Modern-Tasbeeh-Tracker-listing/store-assets/optional_promo_358x358.png,Modern-Tasbeeh-Tracker-listing/store-assets/optional_promo_358x358.png,Modern-Tasbeeh-Tracker-listing/store-assets/optional_promo_358x358.png,Modern-Tasbeeh-Tracker-listing/store-assets/optional_promo_358x358.png
OptionalPromo1000x800,612,Relative path (or URL to file in Partner Center),Modern-Tasbeeh-Tracker-listing/store-assets/optional_promo_1000x800.png,Modern-Tasbeeh-Tracker-listing/store-assets/optional_promo_1000x800.png,Modern-Tasbeeh-Tracker-listing/store-assets/optional_promo_1000x800.png,Modern-Tasbeeh-Tracker-listing/store-assets/optional_promo_1000x800.png,Modern-Tasbeeh-Tracker-listing/store-assets/optional_promo_1000x800.png,Modern-Tasbeeh-Tracker-listing/store-assets/optional_promo_1000x800.png,Modern-Tasbeeh-Tracker-listing/store-assets/optional_promo_1000x800.png,Modern-Tasbeeh-Tracker-listing/store-assets/optional_promo_1000x800.png,Modern-Tasbeeh-Tracker-listing/store-assets/optional_promo_1000x800.png,Modern-Tasbeeh-Tracker-listing/store-assets/optional_promo_1000x800.png,Modern-Tasbeeh-Tracker-listing/store-assets/optional_promo_1000x800.png,Modern-Tasbeeh-Tracker-listing/store-assets/optional_promo_1000x800.png,Modern-Tasbeeh-Tracker-listing/store-assets/optional_promo_1000x800.png,Modern-Tasbeeh-Tracker-listing/store-assets/optional_promo_1000x800.png,Modern-Tasbeeh-Tracker-listing/store-assets/optional_promo_1000x800.png,Modern-Tasbeeh-Tracker-listing/store-assets/optional_promo_1000x800.png,Modern-Tasbeeh-Tracker-listing/store-assets/optional_promo_1000x800.png,Modern-Tasbeeh-Tracker-listing/store-assets/optional_promo_1000x800.png,Modern-Tasbeeh-Tracker-listing/store-assets/optional_promo_1000x800.png,Modern-Tasbeeh-Tracker-listing/store-assets/optional_promo_1000x800.png,Modern-Tasbeeh-Tracker-listing/store-assets/optional_promo_1000x800.png,Modern-Tasbeeh-Tracker-listing/store-assets/optional_promo_1000x800.png,Modern-Tasbeeh-Tracker-listing/store-assets/optional_promo_1000x800.png,Modern-Tasbeeh-Tracker-listing/store-assets/optional_promo_1000x800.png,Modern-Tasbeeh-Tracker-listing/store-assets/optional_promo_1000x800.png,Modern-Tasbeeh-Tracker-listing/store-assets/optional_promo_1000x800.png,Modern-Tasbeeh-Tracker-listing/store-assets/optional_promo_1000x800.png,Modern-Tasbeeh-Tracker-listing/store-assets/optional_promo_1000x800.png,Modern-Tasbeeh-Tracker-listing/store-assets/optional_promo_1000x800.png,Modern-Tasbeeh-Tracker-listing/store-assets/optional_promo_1000x800.png,Modern-Tasbeeh-Tracker-listing/store-assets/optional_promo_1000x800.png,Modern-Tasbeeh-Tracker-listing/store-assets/optional_promo_1000x800.png,Modern-Tasbeeh-Tracker-listing/store-assets/optional_promo_1000x800.png,Modern-Tasbeeh-Tracker-listing/store-assets/optional_promo_1000x800.png,Modern-Tasbeeh-Tracker-listing/store-assets/optional_promo_1000x800.png,Modern-Tasbeeh-Tracker-listing/store-assets/optional_promo_1000x800.png,Modern-Tasbeeh-Tracker-listing/store-assets/optional_promo_1000x800.png,Modern-Tasbeeh-Tracker-listing/store-assets/optional_promo_1000x800.png,Modern-Tasbeeh-Tracker-listing/store-assets/optional_promo_1000x800.png,Modern-Tasbeeh-Tracker-listing/store-assets/optional_promo_1000x800.png,Modern-Tasbeeh-Tracker-listing/store-assets/optional_promo_1000x800.png,Modern-Tasbeeh-Tracker-listing/store-assets/optional_promo_1000x800.png,Modern-Tasbeeh-Tracker-listing/store-assets/optional_promo_1000x800.png,Modern-Tasbeeh-Tracker-listing/store-assets/optional_promo_1000x800.png,Modern-Tasbeeh-Tracker-listing/store-assets/optional_promo_1000x800.png,Modern-Tasbeeh-Tracker-listing/store-assets/optional_promo_1000x800.png,Modern-Tasbeeh-Tracker-listing/store-assets/optional_promo_1000x800.png,Modern-Tasbeeh-Tracker-listing/store-assets/optional_promo_1000x800.png,Modern-Tasbeeh-Tracker-listing/store-assets/optional_promo_1000x800.png,Modern-Tasbeeh-Tracker-listing/store-assets/optional_promo_1000x800.png,Modern-Tasbeeh-Tracker-listing/store-assets/optional_promo_1000x800.png,Modern-Tasbeeh-Tracker-listing/store-assets/optional_promo_1000x800.png,Modern-Tasbeeh-Tracker-listing/store-assets/optional_promo_1000x800.png,Modern-Tasbeeh-Tracker-listing/store-assets/optional_promo_1000x800.png,Modern-Tasbeeh-Tracker-listing/store-assets/optional_promo_1000x800.png,Modern-Tasbeeh-Tracker-listing/store-assets/optional_promo_1000x800.png,Modern-Tasbeeh-Tracker-listing/store-assets/optional_promo_1000x800.png,Modern-Tasbeeh-Tracker-listing/store-assets/optional_promo_1000x800.png,Modern-Tasbeeh-Tracker-listing/store-assets/optional_promo_1000x800.png,Modern-Tasbeeh-Tracker-listing/store-assets/optional_promo_1000x800.png,Modern-Tasbeeh-Tracker-listing/store-assets/optional_promo_1000x800.png,Modern-Tasbeeh-Tracker-listing/store-assets/optional_promo_1000x800.png,Modern-Tasbeeh-Tracker-listing/store-assets/optional_promo_1000x800.png,Modern-Tasbeeh-Tracker-listing/store-assets/optional_promo_1000x800.png,Modern-Tasbeeh-Tracker-listing/store-assets/optional_promo_1000x800.png,Modern-Tasbeeh-Tracker-listing/store-assets/optional_promo_1000x800.png,Modern-Tasbeeh-Tracker-listing/store-assets/optional_promo_1000x800.png,Modern-Tasbeeh-Tracker-listing/store-assets/optional_promo_1000x800.png,Modern-Tasbeeh-Tracker-listing/store-assets/optional_promo_1000x800.png,Modern-Tasbeeh-Tracker-listing/store-assets/optional_promo_1000x800.png,Modern-Tasbeeh-Tracker-listing/store-assets/optional_promo_1000x800.png,Modern-Tasbeeh-Tracker-listing/store-assets/optional_promo_1000x800.png,Modern-Tasbeeh-Tracker-listing/store-assets/optional_promo_1000x800.png,Modern-Tasbeeh-Tracker-listing/store-assets/optional_promo_1000x800.png,Modern-Tasbeeh-Tracker-listing/store-assets/optional_promo_1000x800.png,Modern-Tasbeeh-Tracker-listing/store-assets/optional_promo_1000x800.png,Modern-Tasbeeh-Tracker-listing/store-assets/optional_promo_1000x800.png,Modern-Tasbeeh-Tracker-listing/store-assets/optional_promo_1000x800.png,Modern-Tasbeeh-Tracker-listing/store-assets/optional_promo_1000x800.png,Modern-Tasbeeh-Tracker-listing/store-assets/optional_promo_1000x800.png,Modern-Tasbeeh-Tracker-listing/store-assets/optional_promo_1000x800.png,Modern-Tasbeeh-Tracker-listing/store-assets/optional_promo_1000x800.png,Modern-Tasbeeh-Tracker-listing/store-assets/optional_promo_1000x800.png,Modern-Tasbeeh-Tracker-listing/store-assets/optional_promo_1000x800.png,Modern-Tasbeeh-Tracker-listing/store-assets/optional_promo_1000x800.png,Modern-Tasbeeh-Tracker-listing/store-assets/optional_promo_1000x800.png,Modern-Tasbeeh-Tracker-listing/store-assets/optional_promo_1000x800.png,Modern-Tasbeeh-Tracker-listing/store-assets/optional_promo_1000x800.png,Modern-Tasbeeh-Tracker-listing/store-assets/optional_promo_1000x800.png,Modern-Tasbeeh-Tracker-listing/store-assets/optional_promo_1000x800.png,Modern-Tasbeeh-Tracker-listing/store-assets/optional_promo_1000x800.png,Modern-Tasbeeh-Tracker-listing/store-assets/optional_promo_1000x800.png,Modern-Tasbeeh-Tracker-listing/store-assets/optional_promo_1000x800.png,Modern-Tasbeeh-Tracker-listing/store-assets/optional_promo_1000x800.png,Modern-Tasbeeh-Tracker-listing/store-assets/optional_promo_1000x800.png,Modern-Tasbeeh-Tracker-listing/store-assets/optional_promo_1000x800.png,Modern-Tasbeeh-Tracker-listing/store-assets/optional_promo_1000x800.png,Modern-Tasbeeh-Tracker-listing/store-assets/optional_promo_1000x800.png,Modern-Tasbeeh-Tracker-listing/store-assets/optional_promo_1000x800.png,Modern-Tasbeeh-Tracker-listing/store-assets/optional_promo_1000x800.png,Modern-Tasbeeh-Tracker-listing/store-assets/optional_promo_1000x800.png
OptionalPromo414x180,613,Relative path (or URL to file in Partner Center),Modern-Tasbeeh-Tracker-listing/store-assets/optional_promo_414x180.png,Modern-Tasbeeh-Tracker-listing/store-assets/optional_promo_414x180.png,Modern-Tasbeeh-Tracker-listing/store-assets/optional_promo_414x180.png,Modern-Tasbeeh-Tracker-listing/store-assets/optional_promo_414x180.png,Modern-Tasbeeh-Tracker-listing/store-assets/optional_promo_414x180.png,Modern-Tasbeeh-Tracker-listing/store-assets/optional_promo_414x180.png,Modern-Tasbeeh-Tracker-listing/store-assets/optional_promo_414x180.png,Modern-Tasbeeh-Tracker-listing/store-assets/optional_promo_414x180.png,Modern-Tasbeeh-Tracker-listing/store-assets/optional_promo_414x180.png,Modern-Tasbeeh-Tracker-listing/store-assets/optional_promo_414x180.png,Modern-Tasbeeh-Tracker-listing/store-assets/optional_promo_414x180.png,Modern-Tasbeeh-Tracker-listing/store-assets/optional_promo_414x180.png,Modern-Tasbeeh-Tracker-listing/store-assets/optional_promo_414x180.png,Modern-Tasbeeh-Tracker-listing/store-assets/optional_promo_414x180.png,Modern-Tasbeeh-Tracker-listing/store-assets/optional_promo_414x180.png,Modern-Tasbeeh-Tracker-listing/store-assets/optional_promo_414x180.png,Modern-Tasbeeh-Tracker-listing/store-assets/optional_promo_414x180.png,Modern-Tasbeeh-Tracker-listing/store-assets/optional_promo_414x180.png,Modern-Tasbeeh-Tracker-listing/store-assets/optional_promo_414x180.png,Modern-Tasbeeh-Tracker-listing/store-assets/optional_promo_414x180.png,Modern-Tasbeeh-Tracker-listing/store-assets/optional_promo_414x180.png,Modern-Tasbeeh-Tracker-listing/store-assets/optional_promo_414x180.png,Modern-Tasbeeh-Tracker-listing/store-assets/optional_promo_414x180.png,Modern-Tasbeeh-Tracker-listing/store-assets/optional_promo_414x180.png,Modern-Tasbeeh-Tracker-listing/store-assets/optional_promo_414x180.png,Modern-Tasbeeh-Tracker-listing/store-assets/optional_promo_414x180.png,Modern-Tasbeeh-Tracker-listing/store-assets/optional_promo_414x180.png,Modern-Tasbeeh-Tracker-listing/store-assets/optional_promo_414x180.png,Modern-Tasbeeh-Tracker-listing/store-assets/optional_promo_414x180.png,Modern-Tasbeeh-Tracker-listing/store-assets/optional_promo_414x180.png,Modern-Tasbeeh-Tracker-listing/store-assets/optional_promo_414x180.png,Modern-Tasbeeh-Tracker-listing/store-assets/optional_promo_414x180.png,Modern-Tasbeeh-Tracker-listing/store-assets/optional_promo_414x180.png,Modern-Tasbeeh-Tracker-listing/store-assets/optional_promo_414x180.png,Modern-Tasbeeh-Tracker-listing/store-assets/optional_promo_414x180.png,Modern-Tasbeeh-Tracker-listing/store-assets/optional_promo_414x180.png,Modern-Tasbeeh-Tracker-listing/store-assets/optional_promo_414x180.png,Modern-Tasbeeh-Tracker-listing/store-assets/optional_promo_414x180.png,Modern-Tasbeeh-Tracker-listing/store-assets/optional_promo_414x180.png,Modern-Tasbeeh-Tracker-listing/store-assets/optional_promo_414x180.png,Modern-Tasbeeh-Tracker-listing/store-assets/optional_promo_414x180.png,Modern-Tasbeeh-Tracker-listing/store-assets/optional_promo_414x180.png,Modern-Tasbeeh-Tracker-listing/store-assets/optional_promo_414x180.png,Modern-Tasbeeh-Tracker-listing/store-assets/optional_promo_414x180.png,Modern-Tasbeeh-Tracker-listing/store-assets/optional_promo_414x180.png,Modern-Tasbeeh-Tracker-listing/store-assets/optional_promo_414x180.png,Modern-Tasbeeh-Tracker-listing/store-assets/optional_promo_414x180.png,Modern-Tasbeeh-Tracker-listing/store-assets/optional_promo_414x180.png,Modern-Tasbeeh-Tracker-listing/store-assets/optional_promo_414x180.png,Modern-Tasbeeh-Tracker-listing/store-assets/optional_promo_414x180.png,Modern-Tasbeeh-Tracker-listing/store-assets/optional_promo_414x180.png,Modern-Tasbeeh-Tracker-listing/store-assets/optional_promo_414x180.png,Modern-Tasbeeh-Tracker-listing/store-assets/optional_promo_414x180.png,Modern-Tasbeeh-Tracker-listing/store-assets/optional_promo_414x180.png,Modern-Tasbeeh-Tracker-listing/store-assets/optional_promo_414x180.png,Modern-Tasbeeh-Tracker-listing/store-assets/optional_promo_414x180.png,Modern-Tasbeeh-Tracker-listing/store-assets/optional_promo_414x180.png,Modern-Tasbeeh-Tracker-listing/store-assets/optional_promo_414x180.png,Modern-Tasbeeh-Tracker-listing/store-assets/optional_promo_414x180.png,Modern-Tasbeeh-Tracker-listing/store-assets/optional_promo_414x180.png,Modern-Tasbeeh-Tracker-listing/store-assets/optional_promo_414x180.png,Modern-Tasbeeh-Tracker-listing/store-assets/optional_promo_414x180.png,Modern-Tasbeeh-Tracker-listing/store-assets/optional_promo_414x180.png,Modern-Tasbeeh-Tracker-listing/store-assets/optional_promo_414x180.png,Modern-Tasbeeh-Tracker-listing/store-assets/optional_promo_414x180.png,Modern-Tasbeeh-Tracker-listing/store-assets/optional_promo_414x180.png,Modern-Tasbeeh-Tracker-listing/store-assets/optional_promo_414x180.png,Modern-Tasbeeh-Tracker-listing/store-assets/optional_promo_414x180.png,Modern-Tasbeeh-Tracker-listing/store-assets/optional_promo_414x180.png,Modern-Tasbeeh-Tracker-listing/store-assets/optional_promo_414x180.png,Modern-Tasbeeh-Tracker-listing/store-assets/optional_promo_414x180.png,Modern-Tasbeeh-Tracker-listing/store-assets/optional_promo_414x180.png,Modern-Tasbeeh-Tracker-listing/store-assets/optional_promo_414x180.png,Modern-Tasbeeh-Tracker-listing/store-assets/optional_promo_414x180.png,Modern-Tasbeeh-Tracker-listing/store-assets/optional_promo_414x180.png,Modern-Tasbeeh-Tracker-listing/store-assets/optional_promo_414x180.png,Modern-Tasbeeh-Tracker-listing/store-assets/optional_promo_414x180.png,Modern-Tasbeeh-Tracker-listing/store-assets/optional_promo_414x180.png,Modern-Tasbeeh-Tracker-listing/store-assets/optional_promo_414x180.png,Modern-Tasbeeh-Tracker-listing/store-assets/optional_promo_414x180.png,Modern-Tasbeeh-Tracker-listing/store-assets/optional_promo_414x180.png,Modern-Tasbeeh-Tracker-listing/store-assets/optional_promo_414x180.png,Modern-Tasbeeh-Tracker-listing/store-assets/optional_promo_414x180.png,Modern-Tasbeeh-Tracker-listing/store-assets/optional_promo_414x180.png,Modern-Tasbeeh-Tracker-listing/store-assets/optional_promo_414x180.png,Modern-Tasbeeh-Tracker-listing/store-assets/optional_promo_414x180.png,Modern-Tasbeeh-Tracker-listing/store-assets/optional_promo_414x180.png,Modern-Tasbeeh-Tracker-listing/store-assets/optional_promo_414x180.png,Modern-Tasbeeh-Tracker-listing/store-assets/optional_promo_414x180.png,Modern-Tasbeeh-Tracker-listing/store-assets/optional_promo_414x180.png,Modern-Tasbeeh-Tracker-listing/store-assets/optional_promo_414x180.png,Modern-Tasbeeh-Tracker-listing/store-assets/optional_promo_414x180.png,Modern-Tasbeeh-Tracker-listing/store-assets/optional_promo_414x180.png,Modern-Tasbeeh-Tracker-listing/store-assets/optional_promo_414x180.png,Modern-Tasbeeh-Tracker-listing/store-assets/optional_promo_414x180.png,Modern-Tasbeeh-Tracker-listing/store-assets/optional_promo_414x180.png,Modern-Tasbeeh-Tracker-listing/store-assets/optional_promo_414x180.png,Modern-Tasbeeh-Tracker-listing/store-assets/optional_promo_414x180.png,Modern-Tasbeeh-Tracker-listing/store-assets/optional_promo_414x180.png,Modern-Tasbeeh-Tracker-listing/store-assets/optional_promo_414x180.png,Modern-Tasbeeh-Tracker-listing/store-assets/optional_promo_414x180.png
Feature1,700,Text,Global hotkey support to count from any application,Global hotkey support to count from any application,Mbështetje globale e çelësave të nxehtë për t'u numëruar nga çdo aplikacion,دعم مفتاح التشغيل السريع العالمي للعد من أي تطبيق,Globale sneltoetsondersteuning om van enige toepassing af te tel,যিকোনো এপ্লিকেচনৰ পৰা গণনা কৰিবলৈ গ্লোবেল হটকি সমৰ্থন,ከማንኛውም መተግበሪያ ለመቁጠር የአለምአቀፍ ሆትኪ ድጋፍ,Համաշխարհային թեժ ստեղների աջակցություն՝ ցանկացած հավելվածից հաշվելու համար,İstənilən tətbiqdən saymaq üçün qlobal isti düymə dəstəyi,যেকোনো অ্যাপ্লিকেশন থেকে গণনা করার জন্য গ্লোবাল হটকি সমর্থন,Laster-tekla globalaren laguntza edozein aplikaziotatik zenbatzeko,Падтрымка глабальных гарачых клавіш для адліку з любога прыкладання,Globalna podrška za prečice za računanje iz bilo koje aplikacije,Глобална поддръжка на бързи клавиши за отчитане от всяко приложение,Prise en charge globale des raccourcis clavier pour compter à partir de n'importe quelle application,Suport global de tecles d'accés ràpid per comptar des de qualsevol aplicació,Global hotkey support to count from any application,全局热键支持，可从任何应用程序进行计数,Globalna podrška za brze tipke za brojanje iz bilo koje aplikacije,Globální podpora klávesových zkratek pro počítání z jakékoli aplikace,Global hotkey-understøttelse til at tælle fra enhver applikation,پشتیبانی از کلید میانبر جهانی برای شمارش از هر برنامه,Ondersteuning voor wereldwijde sneltoetsen om vanuit elke toepassing te tellen,Global hotkey support to count from any application,"Globaalne kiirklahvi tugi, mida saab lugeda mis tahes rakendusest",Global hotkey na suporta upang mabilang mula sa anumang application,Globaali pikanäppäintuki laskea mistä tahansa sovelluksesta,Prise en charge globale des raccourcis clavier pour compter à partir de n'importe quelle application,Prise en charge globale des raccourcis clavier pour compter à partir de n'importe quelle application,Soporte global de teclas rápidas para contar desde calquera aplicación,გლობალური ცხელი კლავიშების მხარდაჭერა ნებისმიერი აპლიკაციიდან დასათვლელად,Globale Hotkey-Unterstützung zum Zählen aus jeder Anwendung,Παγκόσμια υποστήριξη πλήκτρων πρόσβασης για μέτρηση από οποιαδήποτε εφαρμογή,કોઈપણ એપ્લિકેશનમાંથી ગણતરી કરવા માટે વૈશ્વિક હોટકી સપોર્ટ,Tallafin hotkey na duniya don ƙidaya daga kowane aikace-aikacen,תמיכה גלובלית במקשי קיצור לספירה מכל יישום,किसी भी एप्लिकेशन से गिनने के लिए वैश्विक हॉटकी समर्थन,Globális gyorsbillentyű-támogatás bármely alkalmazásból számítható,Stuðningur á alþjóðlegum flýtilyklum til að telja frá hvaða forriti sem er,Nkwado hotkey zuru ụwa ọnụ iji gụọ site na ngwa ọ bụla,Dukungan hotkey global untuk menghitung dari aplikasi apa pun,Global hotkey support to count from any application,Tacaíocht hotkey domhanda a chomhaireamh ó aon iarratas,Inkxaso ye-hotkey yehlabathi ukubala kuyo nayiphi na isicelo,Ukusekelwa kwe-hotkey yomhlaba wonke ukubala kunoma yiluphi uhlelo lokusebenza,Supporto globale dei tasti di scelta rapida per contare da qualsiasi applicazione,あらゆるアプリケーションからカウントできるグローバル ホットキー サポート,ಯಾವುದೇ ಅಪ್ಲಿಕೇಶನ್‌ನಿಂದ ಎಣಿಸಲು ಜಾಗತಿಕ ಹಾಟ್‌ಕೀ ಬೆಂಬಲ,Кез келген қолданбадан санау үшін жаһандық жылдам пернелерді қолдау,ការគាំទ្រកូនសោសកលដើម្បីរាប់ពីកម្មវិធីណាមួយ។,Soporte global de teclas de acceso rápido para contar desde cualquier aplicación,Global hotkey support to count from any application,Global hotkey support to count from any application,Global hotkey support to count from any application,모든 응용 프로그램에서 계산할 수 있는 전역 단축키 지원,Global hotkey support to count from any application,Global hotkey support to count from any application,Global hotkey support to count from any application,Global hotkey support to count from any application,Global hotkey support to count from any application,Global hotkey support to count from any application,Global hotkey support to count from any application,Global hotkey support to count from any application,Global hotkey support to count from any application,Global hotkey support to count from any application,Global hotkey support to count from any application,Global hotkey support to count from any application,Global hotkey support to count from any application,Global hotkey support to count from any application,Global hotkey support to count from any application,Global hotkey support to count from any application,Global hotkey support to count from any application,Global hotkey support to count from any application,Globalna obsługa klawiszy skrótu do liczenia z dowolnej aplikacji,Suporte global de teclas de atalho para contar a partir de qualquer aplicativo,Global hotkey support to count from any application,Global hotkey support to count from any application,Global hotkey support to count from any application,Глобальная поддержка горячих клавиш для подсчета из любого приложения,Global hotkey support to count from any application,Global hotkey support to count from any application,Global hotkey support to count from any application,Global hotkey support to count from any application,Global hotkey support to count from any application,Global hotkey support to count from any application,Global hotkey support to count from any application,Global hotkey support to count from any application,Soporte global de teclas de acceso rápido para contar desde cualquier aplicación,Globalt stöd för snabbtangenter för att räkna från alla applikationer,Global hotkey support to count from any application,Global hotkey support to count from any application,Global hotkey support to count from any application,Global hotkey support to count from any application,Global hotkey support to count from any application,Global hotkey support to count from any application,Herhangi bir uygulamadan saymak için küresel kısayol tuşu desteği,Global hotkey support to count from any application,Global hotkey support to count from any application,Global hotkey support to count from any application,Global hotkey support to count from any application,Global hotkey support to count from any application
Feature2,701,Text,Modern transparent circular design with acrylic glow,Modern transparent circular design with acrylic glow,Dizajn modern rrethor transparent me shkëlqim akrilik,تصميم دائري شفاف حديث مع توهج أكريليك,Moderne deursigtige sirkelvormige ontwerp met akriel gloed,এক্ৰিলিক গ্লোৰ সৈতে আধুনিক স্বচ্ছ বৃত্তাকাৰ ডিজাইন,ዘመናዊ ግልጽ ክብ ንድፍ ከ acrylic glow ጋር,Ժամանակակից թափանցիկ շրջանաձև դիզայն՝ ակրիլային փայլով,Akril parıltı ilə müasir şəffaf dairəvi dizayn,এক্রাইলিক গ্লো সহ আধুনিক স্বচ্ছ বৃত্তাকার নকশা,Diseinu zirkular garden modernoa distira akrilikoarekin,Сучасны празрысты круглы дызайн з акрылавым ззяннем,Moderan prozirni kružni dizajn sa akrilnim sjajem,Модерен прозрачен кръгъл дизайн с акрилен блясък,Conception circulaire transparente moderne avec lueur acrylique,Disseny circular transparent modern amb resplendor acrílic,Modern transparent circular design with acrylic glow,现代透明圆形设计，亚克力发光,Moderan prozirni kružni dizajn s akrilnim sjajem,Moderní transparentní kruhový design s akrylovým leskem,Moderne transparent cirkulært design med akrylglød,طراحی دایره ای شفاف مدرن با درخشش اکریلیک,Modern transparant rond ontwerp met acrylglans,Modern transparent circular design with acrylic glow,Moodne läbipaistev ümmargune disain akrüüli säraga,Modernong transparent na pabilog na disenyo na may acrylic glow,Moderni läpinäkyvä pyöreä muotoilu akryylihehkulla,Conception circulaire transparente moderne avec lueur acrylique,Conception circulaire transparente moderne avec lueur acrylique,Moderno deseño circular transparente con brillo acrílico,თანამედროვე გამჭვირვალე წრიული დიზაინი აკრილის ბრწყინვალებით,"Modernes, transparentes, kreisförmiges Design mit Acryl-Glühen",Μοντέρνο διάφανο κυκλικό σχέδιο με ακρυλική λάμψη,એક્રેલિક ગ્લો સાથે આધુનિક પારદર્શક પરિપત્ર ડિઝાઇન,Zane mai madauwari na zamani tare da acrylic haske,עיצוב עגול שקוף מודרני עם זוהר אקרילי,ऐक्रेलिक चमक के साथ आधुनिक पारदर्शी परिपत्र डिजाइन,Modern átlátszó kör alakú kivitel akril fényezéssel,Nútíma gagnsæ hringlaga hönnun með akrýlljóma,Nhazi okirikiri transperent ọgbara ọhụrụ nwere ọkụ acrylic,Desain melingkar transparan modern dengan cahaya akrilik,Modern transparent circular design with acrylic glow,Dearadh ciorclach trédhearcach nua-aimseartha le glow aicrileach,Uyilo lwangoku lwesetyhula oluselubala kunye nokukhanya kwe-acrylic,Idizayini yesimanje eyindilinga esobala enokukhanya kwe-acrylic,Design moderno e circolare trasparente con bagliore acrilico,アクリル光るモダンな透明な円形デザイン,ಅಕ್ರಿಲಿಕ್ ಗ್ಲೋನೊಂದಿಗೆ ಆಧುನಿಕ ಪಾರದರ್ಶಕ ವೃತ್ತಾಕಾರದ ವಿನ್ಯಾಸ,Акрил жарқылы бар заманауи мөлдір дөңгелек дизайн,ការរចនារាងជារង្វង់ប្រកបដោយតម្លាភាពទំនើបជាមួយនឹងពន្លឺ acrylic,Diseño circular transparente moderno con brillo acrílico,Modern transparent circular design with acrylic glow,Modern transparent circular design with acrylic glow,Modern transparent circular design with acrylic glow,아크릴 빛이 있는 현대적이고 투명한 원형 디자인,Modern transparent circular design with acrylic glow,Modern transparent circular design with acrylic glow,Modern transparent circular design with acrylic glow,Modern transparent circular design with acrylic glow,Modern transparent circular design with acrylic glow,Modern transparent circular design with acrylic glow,Modern transparent circular design with acrylic glow,Modern transparent circular design with acrylic glow,Modern transparent circular design with acrylic glow,Modern transparent circular design with acrylic glow,Modern transparent circular design with acrylic glow,Modern transparent circular design with acrylic glow,Modern transparent circular design with acrylic glow,Modern transparent circular design with acrylic glow,Modern transparent circular design with acrylic glow,Modern transparent circular design with acrylic glow,Modern transparent circular design with acrylic glow,Modern transparent circular design with acrylic glow,"Nowoczesna, przezroczysta, okrągła konstrukcja z akrylową poświatą",Design circular transparente moderno com brilho acrílico,Modern transparent circular design with acrylic glow,Modern transparent circular design with acrylic glow,Modern transparent circular design with acrylic glow,Современный прозрачный круглый дизайн с акриловым свечением,Modern transparent circular design with acrylic glow,Modern transparent circular design with acrylic glow,Modern transparent circular design with acrylic glow,Modern transparent circular design with acrylic glow,Modern transparent circular design with acrylic glow,Modern transparent circular design with acrylic glow,Modern transparent circular design with acrylic glow,Modern transparent circular design with acrylic glow,Diseño circular transparente moderno con brillo acrílico,Modern genomskinlig cirkulär design med akrylglöd,Modern transparent circular design with acrylic glow,Modern transparent circular design with acrylic glow,Modern transparent circular design with acrylic glow,Modern transparent circular design with acrylic glow,Modern transparent circular design with acrylic glow,Modern transparent circular design with acrylic glow,Akrilik parıltılı modern şeffaf dairesel tasarım,Modern transparent circular design with acrylic glow,Modern transparent circular design with acrylic glow,Modern transparent circular design with acrylic glow,Modern transparent circular design with acrylic glow,Modern transparent circular design with acrylic glow
Feature3,702,Text,Automatic synchronization with Windows Light/Dark mode,Automatic synchronization with Windows Light/Dark mode,Sinkronizimi automatik me modalitetin Dritë/Errësirë ​​të Windows,المزامنة التلقائية مع وضع Windows الفاتح / الداكن,Outomatiese sinchronisasie met Windows Lig / Donker modus,Windows লাইট/ডাৰ্ক মোডৰ সৈতে স্বয়ংক্ৰিয় সমন্বয়,ከዊንዶውስ ብርሃን/ጨለማ ሁነታ ጋር በራስ ሰር ማመሳሰል,Ավտոմատ համաժամացում Windows Light/Dark ռեժիմի հետ,Windows İşıq/Qaranlıq rejimi ilə avtomatik sinxronizasiya,উইন্ডোজ লাইট/ডার্ক মোডের সাথে স্বয়ংক্রিয় সিঙ্ক্রোনাইজেশন,Sinkronizazio automatikoa Windows argi/ilun moduarekin,Аўтаматычная сінхранізацыя з рэжымам Windows Light/Dark,Automatska sinhronizacija sa Windows Light/Dark modom,Автоматично синхронизиране с Windows светъл/тъмен режим,Synchronisation automatique avec le mode clair/sombre de Windows,Sincronització automàtica amb el mode clar/fosc de Windows,Automatic synchronization with Windows Light/Dark mode,与 Windows 浅色/深色模式自动同步,Automatska sinkronizacija sa Windows svijetlim/tamnim načinom rada,Automatická synchronizace s režimem Windows Light/Dark,Automatisk synkronisering med Windows lys/mørke tilstand,همگام سازی خودکار با حالت روشن/تاریک ویندوز,Automatische synchronisatie met Windows Licht/Dark-modus,Automatic synchronization with Windows Light/Dark mode,Automaatne sünkroonimine Windowsi heleda/tumeda režiimiga,Awtomatikong pag-synchronize sa Windows Light/Dark mode,Automaattinen synkronointi Windowsin vaalea/tumma-tilan kanssa,Synchronisation automatique avec le mode clair/sombre de Windows,Synchronisation automatique avec le mode clair/sombre de Windows,Sincronización automática co modo claro/escuro de Windows,ავტომატური სინქრონიზაცია Windows Light/Dark რეჟიმში,Automatische Synchronisierung mit Windows-Hell-/Dunkel-Modus,Αυτόματος συγχρονισμός με τη λειτουργία Light/Dark των Windows,વિન્ડોઝ લાઇટ/ડાર્ક મોડ સાથે આપોઆપ સિંક્રનાઇઝેશન,Aiki tare ta atomatik tare da Windows Haske/Yanayin duhu,סנכרון אוטומטי עם מצב Windows Light/Dark,विंडोज लाइट / डार्क मोड के साथ स्वचालित सिंक्रनाइज़ेशन,Automatikus szinkronizálás a Windows világos/sötét móddal,Sjálfvirk samstilling við Windows ljós/dökk stillingu,Mmekọrịta akpaghị aka na Windows Ìhè/ Ọnọdụ gbara ọchịchịrị,Sinkronisasi otomatis dengan mode Terang/Gelap Windows,Automatic synchronization with Windows Light/Dark mode,Sioncrónú uathoibríoch le Windows Light / Dark mód,Ungqamaniso oluzenzekelayo kunye neWindows Light/imowudi emnyama,Ukuvumelanisa okuzenzakalelayo nemodi ye-Windows Light/Dark,Sincronizzazione automatica con la modalità Chiaro/Scuro di Windows,Windows ライト/ダーク モードとの自動同期,ವಿಂಡೋಸ್ ಲೈಟ್/ಡಾರ್ಕ್ ಮೋಡ್‌ನೊಂದಿಗೆ ಸ್ವಯಂಚಾಲಿತ ಸಿಂಕ್ರೊನೈಸೇಶನ್,Windows ашық/қараңғы режимімен автоматты синхрондау,ការធ្វើសមកាលកម្មដោយស្វ័យប្រវត្តិជាមួយ Windows Light/Dark mode,Sincronización automática con el modo claro/oscuro de Windows,Automatic synchronization with Windows Light/Dark mode,Automatic synchronization with Windows Light/Dark mode,Automatic synchronization with Windows Light/Dark mode,Windows 밝은/어두운 모드와 자동 동기화,Automatic synchronization with Windows Light/Dark mode,Automatic synchronization with Windows Light/Dark mode,Automatic synchronization with Windows Light/Dark mode,Automatic synchronization with Windows Light/Dark mode,Automatic synchronization with Windows Light/Dark mode,Automatic synchronization with Windows Light/Dark mode,Automatic synchronization with Windows Light/Dark mode,Automatic synchronization with Windows Light/Dark mode,Automatic synchronization with Windows Light/Dark mode,Automatic synchronization with Windows Light/Dark mode,Automatic synchronization with Windows Light/Dark mode,Automatic synchronization with Windows Light/Dark mode,Automatic synchronization with Windows Light/Dark mode,Automatic synchronization with Windows Light/Dark mode,Automatic synchronization with Windows Light/Dark mode,Automatic synchronization with Windows Light/Dark mode,Automatic synchronization with Windows Light/Dark mode,Automatic synchronization with Windows Light/Dark mode,Automatyczna synchronizacja z trybem jasny/ciemny systemu Windows,Sincronização automática com modo claro/escuro do Windows,Automatic synchronization with Windows Light/Dark mode,Automatic synchronization with Windows Light/Dark mode,Automatic synchronization with Windows Light/Dark mode,Автоматическая синхронизация с режимом Windows Light/Dark,Automatic synchronization with Windows Light/Dark mode,Automatic synchronization with Windows Light/Dark mode,Automatic synchronization with Windows Light/Dark mode,Automatic synchronization with Windows Light/Dark mode,Automatic synchronization with Windows Light/Dark mode,Automatic synchronization with Windows Light/Dark mode,Automatic synchronization with Windows Light/Dark mode,Automatic synchronization with Windows Light/Dark mode,Sincronización automática con el modo Claro/Oscuro de Windows,Automatisk synkronisering med Windows ljus/mörkt läge,Automatic synchronization with Windows Light/Dark mode,Automatic synchronization with Windows Light/Dark mode,Automatic synchronization with Windows Light/Dark mode,Automatic synchronization with Windows Light/Dark mode,Automatic synchronization with Windows Light/Dark mode,Automatic synchronization with Windows Light/Dark mode,Windows Açık/Karanlık moduyla otomatik senkronizasyon,Automatic synchronization with Windows Light/Dark mode,Automatic synchronization with Windows Light/Dark mode,Automatic synchronization with Windows Light/Dark mode,Automatic synchronization with Windows Light/Dark mode,Automatic synchronization with Windows Light/Dark mode
Feature4,703,Text,Adaptive background tinted with active accent color,Adaptive background tinted with active accent color,Sfondi përshtatës i lyer me ngjyrë aktive të theksuar,خلفية متكيفة ملونة بلون مميز نشط,Aanpasbare agtergrond getint met aktiewe aksentkleur,সক্ৰিয় উচ্চাৰণৰ ৰঙৰ সৈতে টিণ্ট কৰা অভিযোজিত পটভূমি,የሚለምደዉ ዳራ በንቁ የአነጋገር ቀለም የተቀባ,Հարմարվողական ֆոն՝ ներկված ակտիվ շեշտադրման գույնով,Aktiv vurğu rəngi ilə rənglənmiş adaptiv fon,অভিযোজিত ব্যাকগ্রাউন্ড সক্রিয় অ্যাকসেন্ট রঙের সাথে রঙিন,Hondo moldagarria azentu kolore aktiboarekin tindatua,"Адаптыўны фон, афарбаваны актыўным акцэнтным колерам",Prilagodljiva pozadina zatamnjena aktivnom akcentnom bojom,"Адаптивен фон, оцветен с активен акцентен цвят",Arrière-plan adaptatif teinté avec une couleur d'accent active,Fons adaptatiu tenyit amb un color d'accent actiu,Adaptive background tinted with active accent color,带有活动强调色的自适应背景,Prilagodljiva pozadina zatamnjena aktivnom isticanom bojom,Adaptivní pozadí zabarvené aktivní akcentovou barvou,Adaptiv baggrund tonet med aktiv accentfarve,پس زمینه تطبیقی ​​رنگ آمیزی شده با رنگ تاکیدی فعال,Aanpasbare achtergrond getint met actieve accentkleur,Adaptive background tinted with active accent color,Adaptiivne taust on toonitud aktiivse aktsentvärviga,Adaptive na background na tinted na may aktibong kulay ng accent,Mukautuva tausta sävytetty aktiivisella korostusvärillä,Arrière-plan adaptatif teinté avec une couleur d'accent active,Arrière-plan adaptatif teinté avec une couleur d'accent active,Fondo adaptativo tinguido con cor de acento activa,ადაპტაციური ფონი შეფერილი აქტიური აქცენტის ფერით,Adaptiver Hintergrund mit aktiver Akzentfarbe getönt,Προσαρμόσιμο φόντο χρωματισμένο με ενεργό χρώμα έμφασης,સક્રિય ઉચ્ચારણ રંગ સાથે અનુકૂલનશીલ પૃષ્ઠભૂમિ ટીન્ટેડ,Dabarun daidaitacce mai launi tare da launi mai aiki,רקע אדפטיבי בגוון עם צבע מבטא פעיל,सक्रिय उच्चारण रंग के साथ अनुकूली पृष्ठभूमि,Aktív kiemelő színnel színezett adaptív háttér,Aðlagandi bakgrunnur litaður með virkum hreim lit,Ndagharị na-emegharị emegharị nwere agba ụda olu na-arụ ọrụ,Latar belakang adaptif diwarnai dengan warna aksen aktif,Adaptive background tinted with active accent color,Cúlra oiriúnaitheach tinted le dath accent gníomhach,Imvelaphi elungelelanisiweyo eyenziwe ngumbala we-accent esebenzayo,Ingemuva eliguquguqukayo lifakwe umbala wokuphimisa osebenzayo,Sfondo adattivo colorato con colore attivo,アクティブなアクセント カラーで着色された適応型背景,ಸಕ್ರಿಯ ಉಚ್ಚಾರಣಾ ಬಣ್ಣದಿಂದ ಅಡಾಪ್ಟಿವ್ ಹಿನ್ನೆಲೆ ಬಣ್ಣ,Белсенді екпін түсімен боялған адаптивті фон,ផ្ទៃ​ខាង​ក្រោយ​ដែល​សម្រប​ខ្លួន​មាន​ពណ៌​សង្កត់​សំឡេង​សកម្ម,Fondo adaptable teñido con color de acento activo,Adaptive background tinted with active accent color,Adaptive background tinted with active accent color,Adaptive background tinted with active accent color,활성 액센트 색상으로 착색된 적응형 배경,Adaptive background tinted with active accent color,Adaptive background tinted with active accent color,Adaptive background tinted with active accent color,Adaptive background tinted with active accent color,Adaptive background tinted with active accent color,Adaptive background tinted with active accent color,Adaptive background tinted with active accent color,Adaptive background tinted with active accent color,Adaptive background tinted with active accent color,Adaptive background tinted with active accent color,Adaptive background tinted with active accent color,Adaptive background tinted with active accent color,Adaptive background tinted with active accent color,Adaptive background tinted with active accent color,Adaptive background tinted with active accent color,Adaptive background tinted with active accent color,Adaptive background tinted with active accent color,Adaptive background tinted with active accent color,Adaptacyjne przyciemnianie tła z aktywnym kolorem akcentującym,Fundo adaptável colorido com cor de destaque ativa,Adaptive background tinted with active accent color,Adaptive background tinted with active accent color,Adaptive background tinted with active accent color,Адаптивная тонировка фона с активным цветом акцента,Adaptive background tinted with active accent color,Adaptive background tinted with active accent color,Adaptive background tinted with active accent color,Adaptive background tinted with active accent color,Adaptive background tinted with active accent color,Adaptive background tinted with active accent color,Adaptive background tinted with active accent color,Adaptive background tinted with active accent color,Fondo adaptable teñido con color de acento activo,Adaptiv bakgrund tonad med aktiv accentfärg,Adaptive background tinted with active accent color,Adaptive background tinted with active accent color,Adaptive background tinted with active accent color,Adaptive background tinted with active accent color,Adaptive background tinted with active accent color,Adaptive background tinted with active accent color,Aktif vurgu rengiyle renklendirilmiş uyarlanabilir arka plan,Adaptive background tinted with active accent color,Adaptive background tinted with active accent color,Adaptive background tinted with active accent color,Adaptive background tinted with active accent color,Adaptive background tinted with active accent color
Feature5,704,Text,Hover controls for close and reset options,Hover controls for close and reset options,Zhvendosni kontrollet për opsionet e mbylljes dhe rivendosjes,عناصر التحكم في التمرير لخيارات الإغلاق وإعادة التعيين,Beweeg kontroles vir sluit en herstel opsies,বন্ধ আৰু ৰিছেট বিকল্পসমূহৰ বাবে হোভাৰ নিয়ন্ত্ৰণসমূহ,ለማንዣበብ መቆጣጠሪያዎች ለመዝጋት እና አማራጮችን ዳግም ያስጀምሩ,Փակելու և վերակայելու ընտրանքները սավառնելու համար,Bağlama və sıfırlama seçimləri üçün siçanın üzərinə sürüşdürün,বন্ধ এবং রিসেট বিকল্পের জন্য নিয়ন্ত্রণ হোভার করুন,Itxi eta berrezarri aukeretarako,Элементы кіравання для закрыцця і скіду параметраў,Kontrole lebdenja za opcije zatvaranja i resetiranja,Контроли за затваряне и нулиране на опции,Commandes de survol pour les options de fermeture et de réinitialisation,Controls del ratolí per a opcions de tancament i restabliment,Hover controls for close and reset options,用于关闭和重置选项的悬停控件,Kontrole lebdenja za opcije zatvaranja i poništavanja,"Chcete-li možnosti zavření a resetování, podržte ovládací prvky",Svæveknapper for at lukke og nulstille muligheder,برای بستن و بازنشانی گزینه‌ها، کنترل‌ها را نگه دارید,Zweefbediening voor sluiten en reset-opties,Hover controls for close and reset options,Hõljutage kursorit sulgemis- ja lähtestamisvalikute jaoks,Mag-hover ng mga kontrol para sa pagsasara at pag-reset ng mga opsyon,Vie hiiren osoitin sulkemis- ja palautusvaihtoehdoille,Commandes de survol pour les options de fermeture et de réinitialisation,Commandes de survol pour les options de fermeture et de réinitialisation,Controis para pechar e restablecer os controis,დახურვისა და გადატვირთვის ვარიანტებისთვის გადაიტანეთ სამართავი,Hover-Steuerelemente für Schließ- und Rücksetzoptionen,Τοποθετήστε το δείκτη του ποντικιού για επιλογές κλεισίματος και επαναφοράς,બંધ અને રીસેટ વિકલ્પો માટે નિયંત્રણો હોવર કરો,Sarrafa iko don rufewa da sake saitin zaɓuɓɓuka,פקדי רחף לאפשרויות סגירה ואיפוס,क्लोज और रीसेट विकल्पों के लिए होवर नियंत्रण,Mutasson rá a bezárási és visszaállítási lehetőségekre,Sveiflustýringar til að loka og endurstilla valkosti,Njikwa hover maka nso ma tọgharịa nhọrọ,Kontrol arahkan kursor untuk opsi tutup dan setel ulang,Hover controls for close and reset options,Rialuithe ainlithe le haghaidh roghanna dúnta agus athshocraithe,Ulawulo lwe-Hover yokuvala kunye nokuphinda usete iinketho,Izilawuli zokuhambisa phezulu zezinketho zokuvala nokusetha kabusha,Controlli al passaggio del mouse per le opzioni di chiusura e ripristino,クローズおよびリセット オプション用のホバー コントロール,ಕ್ಲೋಸ್ ಮತ್ತು ರೀಸೆಟ್ ಆಯ್ಕೆಗಳಿಗಾಗಿ ನಿಯಂತ್ರಣಗಳನ್ನು ಹೋವರ್ ಮಾಡಿ,Жабу және қалпына келтіру опциялары үшін меңзерді апарыңыз,ការគ្រប់គ្រងលើអេក្រង់សម្រាប់បិទ និងកំណត់ជម្រើសឡើងវិញ,Controles de desplazamiento para opciones de cierre y reinicio,Hover controls for close and reset options,Hover controls for close and reset options,Hover controls for close and reset options,닫기 및 재설정 옵션을 위한 호버 컨트롤,Hover controls for close and reset options,Hover controls for close and reset options,Hover controls for close and reset options,Hover controls for close and reset options,Hover controls for close and reset options,Hover controls for close and reset options,Hover controls for close and reset options,Hover controls for close and reset options,Hover controls for close and reset options,Hover controls for close and reset options,Hover controls for close and reset options,Hover controls for close and reset options,Hover controls for close and reset options,Hover controls for close and reset options,Hover controls for close and reset options,Hover controls for close and reset options,Hover controls for close and reset options,Hover controls for close and reset options,Sterowanie najechaniem dla opcji zamykania i resetowania,Controles de foco para opções de fechamento e redefinição,Hover controls for close and reset options,Hover controls for close and reset options,Hover controls for close and reset options,Элементы управления наведением для закрытия и сброса параметров,Hover controls for close and reset options,Hover controls for close and reset options,Hover controls for close and reset options,Hover controls for close and reset options,Hover controls for close and reset options,Hover controls for close and reset options,Hover controls for close and reset options,Hover controls for close and reset options,Controles de desplazamiento para cerrar y restablecer opciones,Hover-kontroller för stängnings- och återställningsalternativ,Hover controls for close and reset options,Hover controls for close and reset options,Hover controls for close and reset options,Hover controls for close and reset options,Hover controls for close and reset options,Hover controls for close and reset options,Kapatma ve sıfırlama seçenekleri için fareyle üzerine gelme kontrolleri,Hover controls for close and reset options,Hover controls for close and reset options,Hover controls for close and reset options,Hover controls for close and reset options,Hover controls for close and reset options
Feature6,705,Text,Interactive pop and pulse animations on increment,Interactive pop and pulse animations on increment,Animacione interaktive pop dhe pulsi në rritje,الرسوم المتحركة التفاعلية المنبثقة والنبضية عند الزيادة,Interaktiewe pop- en pols-animasies in inkrement,বৃদ্ধিত ইন্টাৰেক্টিভ পপ আৰু পালছ এনিমেচনসমূহ,በይነተገናኝ ፖፕ እና የልብ ምት እነማዎች በመጨመር ላይ,Ինտերակտիվ էստրադային և իմպուլսային անիմացիաներ՝ ավելացման վրա,Artan interaktiv pop və nəbz animasiyaları,ইনক্রিমেন্টে ইন্টারেক্টিভ পপ এবং পালস অ্যানিমেশন,Pop- eta pultsu-animazio interaktiboak gehikuntzan,Інтэрактыўная ўсплываючая і пульсацыйная анімацыя на прырашчэнні,Interaktivne pop i pulsne animacije u inkrementu,Интерактивни изскачащи и пулсиращи анимации при нарастване,Animations pop et pulsées interactives par incrément,Animacions interactives pop i pols en increment,Interactive pop and pulse animations on increment,递增时的交互式弹出和脉冲动画,Interaktivne skočne i pulsne animacije u porastu,Interaktivní pop a pulzní animace na přírůstku,Interaktive pop- og pulsanimationer i trin,انیمیشن های پاپ و پالس تعاملی به صورت افزایشی,Interactieve pop- en pulsanimaties in stappen,Interactive pop and pulse animations on increment,Interaktiivsed pop- ja pulsanimatsioonid,Mga interactive na pop at pulse animation sa pagtaas,Interaktiiviset pop- ja pulssianimaatiot asteittain,Animations pop et pulsées interactives par incrément,Animations pop et pulsées interactives par incrément,Animacións interactivas pop e pulso en incremento,ინტერაქტიული პოპ და პულსური ანიმაციები ზრდაზე,Interaktive Pop- und Pulsanimationen in Schritten,Διαδραστικά ποπ και παλμικά κινούμενα σχέδια σε αύξηση,ઈન્ક્રીમેન્ટ પર ઇન્ટરેક્ટિવ પોપ અને પલ્સ એનિમેશન,Ma'amala mai ma'amala da pop da raye-rayen bugun jini akan haɓakawa,אנימציות פופ ודופק אינטראקטיביות בהדרגה,इंक्रीमेंट पर इंटरएक्टिव पॉप और पल्स एनिमेशन,Interaktív pop és pulse animációk lépésenként,Gagnvirkar popp- og púlshreyfingar í auknum mæli,Mkpakọrịta pop na ihe nkiri pulse na-abawanye,Animasi pop dan pulsa interaktif secara bertahap,Interactive pop and pulse animations on increment,Beochan idirghníomhacha pop agus cuisle ar incrimint,Iipopayi ezisebenzisanayo zepop kunye nepulse kunyuso,Ukugqwayiza okusebenzisanayo kwe-pop ne-pulse ekukhuphukeni,Animazioni interattive pop e impulsi all'incremento,インクリメント時のインタラクティブなポップおよびパルス アニメーション,ಇನ್‌ಕ್ರಿಮೆಂಟ್‌ನಲ್ಲಿ ಇಂಟರಾಕ್ಟಿವ್ ಪಾಪ್ ಮತ್ತು ಪಲ್ಸ್ ಅನಿಮೇಷನ್‌ಗಳು,Интерактивті поп және импульстік анимациялар қадам бойынша,ចលនាប៉ុប និងជីពចរអន្តរកម្មលើការបង្កើន,Animaciones interactivas de pop y pulso en incrementos,Interactive pop and pulse animations on increment,Interactive pop and pulse animations on increment,Interactive pop and pulse animations on increment,증가하는 대화형 팝 및 펄스 애니메이션,Interactive pop and pulse animations on increment,Interactive pop and pulse animations on increment,Interactive pop and pulse animations on increment,Interactive pop and pulse animations on increment,Interactive pop and pulse animations on increment,Interactive pop and pulse animations on increment,Interactive pop and pulse animations on increment,Interactive pop and pulse animations on increment,Interactive pop and pulse animations on increment,Interactive pop and pulse animations on increment,Interactive pop and pulse animations on increment,Interactive pop and pulse animations on increment,Interactive pop and pulse animations on increment,Interactive pop and pulse animations on increment,Interactive pop and pulse animations on increment,Interactive pop and pulse animations on increment,Interactive pop and pulse animations on increment,Interactive pop and pulse animations on increment,Interaktywne animacje pop i pulsowania przy zwiększaniu,Animações interativas de pop e pulso em incremento,Interactive pop and pulse animations on increment,Interactive pop and pulse animations on increment,Interactive pop and pulse animations on increment,Интерактивная всплывающая и пульсирующая анимация с приращением,Interactive pop and pulse animations on increment,Interactive pop and pulse animations on increment,Interactive pop and pulse animations on increment,Interactive pop and pulse animations on increment,Interactive pop and pulse animations on increment,Interactive pop and pulse animations on increment,Interactive pop and pulse animations on increment,Interactive pop and pulse animations on increment,Animaciones interactivas de pop y pulso en incrementos,Interaktiva animeringar på pop-in och pulsinställning. overlay,Interactive pop and pulse animations on increment,Interactive pop and pulse animations on increment,Interactive pop and pulse animations on increment,Interactive pop and pulse animations on increment,Interactive pop and pulse animations on increment,Interactive pop and pulse animations on increment,Artışla artan etkileşimli pop ve darbe animasyonları,Interactive pop and pulse animations on increment,Interactive pop and pulse animations on increment,Interactive pop and pulse animations on increment,Interactive pop and pulse animations on increment,Interactive pop and pulse animations on increment
Feature7,706,Text,Customizable hotkey configurations via overlay,Customizable hotkey configurations via overlay,Konfigurime të personalizueshme të tastierës së nxehtë nëpërmjet mbivendosjes,تكوينات مفتاح التشغيل السريع القابلة للتخصيص عبر التراكب,Aanpasbare sneltoetskonfigurasies via oorleg,কাষ্টমাইজেবল হটকি অভাৰলেৰ যোগেদি সংৰূপসমূহ,ተደራቢ በኩል ሊበጁ የሚችሉ hotkey ውቅሮች,Կարգավորելի թեժ ստեղների կոնֆիգուրացիաներ ծածկույթի միջոցով,Overlay vasitəsilə fərdiləşdirilə bilən isti düymə konfiqurasiyaları,ওভারলে এর মাধ্যমে কাস্টমাইজযোগ্য হটকি কনফিগারেশন,"Gainjartze bidez, laster-teklen konfigurazio pertsonalizagarriak",Наладжвальныя канфігурацыі гарачых клавіш з дапамогай накладання,Prilagodljive konfiguracije prečaca preko preklapanja,Персонализируеми конфигурации на бързи клавиши чрез наслагване,Configurations de raccourcis clavier personnalisables via superposition,Configuracions de tecles d'accés directe personalitzables mitjançant superposició,Customizable hotkey configurations via overlay,通过覆盖层进行自定义热键配置,Prilagodljive konfiguracije prečaca putem preklapanja,Přizpůsobitelné konfigurace klávesových zkratek prostřednictvím překrytí,Tilpasselige genvejstastkonfigurationer via overlay,تنظیمات کلید میانبر قابل تنظیم از طریق پوشش,Aanpasbare sneltoetsconfiguraties via overlay,Customizable hotkey configurations via overlay,Kohandatavad kiirklahvide konfiguratsioonid ülekatte kaudu,Nako-customize na mga configuration ng hotkey sa pamamagitan ng overlay,Muokattavat pikanäppäinkokoonpanot peittokuvan kautta,Configurations de raccourcis clavier personnalisables via superposition,Configurations de raccourcis clavier personnalisables via superposition,Configuracións de teclas de acceso rápido personalizables mediante superposición,დააკონფიგურიროთ ცხელი კლავიშების კონფიგურაციები გადაფარვის საშუალებით,Anpassbare Hotkey-Konfigurationen über Overlay,Προσαρμόσιμες διαμορφώσεις πλήκτρων πρόσβασης μέσω επικάλυψης,ઓવરલે દ્વારા કસ્ટમાઇઝ કરી શકાય તેવી હોટકી રૂપરેખાંકનો,Saitunan maɓalli na musamman ta hanyar mai rufi,תצורות מקשי קיצור הניתנות להתאמה אישית באמצעות שכבת-על,ओवरले के माध्यम से अनुकूलन योग्य हॉटकी कॉन्फ़िगरेशन,Testreszabható gyorsbillentyű-konfigurációk átfedésen keresztül,Sérhannaðar flýtilyklastillingar með yfirlagi,Nhazi hotkey nwere ike ịhazi ya site na mkpuchi,Konfigurasi hotkey yang dapat disesuaikan melalui overlay,Customizable hotkey configurations via overlay,Cumraíochtaí hotkey inoiriúnaithe trí fhorleagan,Ulungelelwaniso lwe-hotkey olunokwenziwa ngokubeka ngaphezulu,Ukulungiselelwa kwe-hotkey okwenziwa ngendlela oyifisayo ngembondela,Configurazioni personalizzabili dei tasti di scelta rapida tramite sovrapposizione,オーバーレイによるカスタマイズ可能なホットキー構成,ಓವರ್‌ಲೇ ಮೂಲಕ ಗ್ರಾಹಕೀಯಗೊಳಿಸಬಹುದಾದ ಹಾಟ್‌ಕೀ ಕಾನ್ಫಿಗರೇಶನ್‌ಗಳು,Қабаттасу арқылы реттелетін жылдам перне конфигурациялары,ការ​កំណត់​រចនាសម្ព័ន្ធ​គ្រាប់ចុច​ប្ដូរ​តាម​បំណង​តាម​រយៈ​ការ​ត្រួត​គ្នា។,Configuraciones de teclas de acceso rápido personalizables mediante superposición,Customizable hotkey configurations via overlay,Customizable hotkey configurations via overlay,Customizable hotkey configurations via overlay,오버레이를 통한 사용자 정의 가능한 단축키 구성,Customizable hotkey configurations via overlay,Customizable hotkey configurations via overlay,Customizable hotkey configurations via overlay,Customizable hotkey configurations via overlay,Customizable hotkey configurations via overlay,Customizable hotkey configurations via overlay,Customizable hotkey configurations via overlay,Customizable hotkey configurations via overlay,Customizable hotkey configurations via overlay,Customizable hotkey configurations via overlay,Customizable hotkey configurations via overlay,Customizable hotkey configurations via overlay,Customizable hotkey configurations via overlay,Customizable hotkey configurations via overlay,Customizable hotkey configurations via overlay,Customizable hotkey configurations via overlay,Customizable hotkey configurations via overlay,Customizable hotkey configurations via overlay,Konfigurowalne konfiguracje klawiszy skrótu za pomocą nakładki,Configurações de teclas de atalho personalizáveis via sobreposição,Customizable hotkey configurations via overlay,Customizable hotkey configurations via overlay,Customizable hotkey configurations via overlay,Настраиваемые конфигурации горячих клавиш с помощью наложения,Customizable hotkey configurations via overlay,Customizable hotkey configurations via overlay,Customizable hotkey configurations via overlay,Customizable hotkey configurations via overlay,Customizable hotkey configurations via overlay,Customizable hotkey configurations via overlay,Customizable hotkey configurations via overlay,Customizable hotkey configurations via overlay,Configuraciones de teclas de acceso rápido personalizables mediante superposición,Körs överst för att förbli synlig när du arbetar,Customizable hotkey configurations via overlay,Customizable hotkey configurations via overlay,Customizable hotkey configurations via overlay,Customizable hotkey configurations via overlay,Customizable hotkey configurations via overlay,Customizable hotkey configurations via overlay,Yer paylaşımı yoluyla özelleştirilebilir kısayol tuşu yapılandırmaları,Customizable hotkey configurations via overlay,Customizable hotkey configurations via overlay,Customizable hotkey configurations via overlay,Customizable hotkey configurations via overlay,Customizable hotkey configurations via overlay
Feature8,707,Text,Runs topmost to stay visible while working,Runs topmost to stay visible while working,Punon në krye për të qëndruar i dukshëm gjatë punës,يعمل لأعلى ليظل مرئيًا أثناء العمل,Loop bo om sigbaar te bly terwyl jy werk,কাম কৰাৰ সময়ত দৃশ্যমান হৈ থাকিবলৈ সৰ্বোচ্চ চলায়,በሚሰራበት ጊዜ እንዲታይ ከፍተኛውን ይሰራል,Աշխատում է ամենավերին աշխատանքի ընթացքում տեսանելի մնալու համար,İşləyərkən görünən qalmaq üçün ən yuxarıda çalışır,কাজ করার সময় দৃশ্যমান থাকার জন্য শীর্ষে চলে,Lan egiten duzun bitartean ikusgai egoteko,"Працуе ў самым версе, каб заставацца бачным падчас працы",Pokreće se do vrha kako bi ostao vidljiv dok radite,"Работи най-отгоре, за да остане видим, докато работи",Fonctionne en haut pour rester visible pendant le travail,S'executa a la part superior per mantenir-se visible mentre es treballa,Runs topmost to stay visible while working,在工作时在最顶层运行以保持可见,Pokreće se na vrhu kako bi ostao vidljiv tijekom rada,"Běží úplně nahoře, aby zůstal viditelný při práci",Kører øverst for at forblive synlig under arbejdet,در بالاترین سطح اجرا می شود تا در حین کار قابل مشاهده باشد,Draait bovenaan om zichtbaar te blijven tijdens het werken,Runs topmost to stay visible while working,"Jookseb ülevalt, et jääda töötamise ajal nähtavaks",Tumatakbo sa pinakamataas upang manatiling nakikita habang nagtatrabaho,Kulkee ylhäältä pysyäkseen näkyvissä työskentelyn aikana,Fonctionne en haut pour rester visible pendant le travail,Fonctionne en haut pour rester visible pendant le travail,Funciona na parte superior para permanecer visible mentres traballa,"მუშაობს ყველაზე მაღლა, რომ დარჩეს ხილული მუშაობის დროს","Läuft ganz oben, um während der Arbeit sichtbar zu bleiben",Λειτουργεί από πάνω για να παραμένει ορατή κατά την εργασία,કામ કરતી વખતે દૃશ્યમાન રહેવા માટે સૌથી ઉપર ચાલે છે,Yana aiki mafi girma don kasancewa a bayyane yayin aiki,פועל למעלה כדי להישאר גלוי בזמן העבודה,काम करते समय दृश्यमान रहने के लिए सबसे ऊपर चलता है,"Felül fut, hogy látható maradjon munka közben",Keyrir efst til að vera sýnilegt á meðan unnið er,Na-agba ọsọ kacha elu ka a na-ahụ ya mgbe ọ na-arụ ọrụ,Berjalan paling atas agar tetap terlihat saat bekerja,Runs topmost to stay visible while working,Ritheann sé ar an mbarr chun fanacht le feiceáil agus tú ag obair,Ibaleka phezulu ukuze ihlale ibonakala ngelixa usebenza,Igijima phezulu kakhulu ukuze ihlale ibonakala ngenkathi isebenza,Funziona in alto per rimanere visibile mentre si lavora,作業中に表示されたままにするために最上位で実行,ಕೆಲಸ ಮಾಡುವಾಗ ಗೋಚರಿಸುವಂತೆ ಮೇಲ್ಭಾಗದಲ್ಲಿ ಚಲಿಸುತ್ತದೆ,Жұмыс кезінде көрініп тұру үшін ең жоғарғы жағында жұмыс істейді,ដំណើរការនៅផ្នែកខាងលើបំផុត ដើម្បីអាចមើលឃើញនៅពេលកំពុងធ្វើការ,Se ejecuta en la parte superior para permanecer visible mientras se trabaja,Runs topmost to stay visible while working,Runs topmost to stay visible while working,Runs topmost to stay visible while working,작업하는 동안 눈에 띄도록 최상위 실행,Runs topmost to stay visible while working,Runs topmost to stay visible while working,Runs topmost to stay visible while working,Runs topmost to stay visible while working,Runs topmost to stay visible while working,Runs topmost to stay visible while working,Runs topmost to stay visible while working,Runs topmost to stay visible while working,Runs topmost to stay visible while working,Runs topmost to stay visible while working,Runs topmost to stay visible while working,Runs topmost to stay visible while working,Runs topmost to stay visible while working,Runs topmost to stay visible while working,Runs topmost to stay visible while working,Runs topmost to stay visible while working,Runs topmost to stay visible while working,Runs topmost to stay visible while working,"Działa na górze, aby pozostać widocznym podczas pracy",Executa na parte superior para permanecer visível durante o trabalho,Runs topmost to stay visible while working,Runs topmost to stay visible while working,Runs topmost to stay visible while working,"Запускается вверху, чтобы оставаться видимым во время работы",Runs topmost to stay visible while working,Runs topmost to stay visible while working,Runs topmost to stay visible while working,Runs topmost to stay visible while working,Runs topmost to stay visible while working,Runs topmost to stay visible while working,Runs topmost to stay visible while working,Runs topmost to stay visible while working,Se ejecuta en la parte superior para permanecer visible mientras se trabaja,Fullständig offlinefunktion med 100 % datasekretess,Runs topmost to stay visible while working,Runs topmost to stay visible while working,Runs topmost to stay visible while working,Runs topmost to stay visible while working,Runs topmost to stay visible while working,Runs topmost to stay visible while working,Çalışırken görünür kalmak için en üstte çalışır,Runs topmost to stay visible while working,Runs topmost to stay visible while working,Runs topmost to stay visible while working,Runs topmost to stay visible while working,Runs topmost to stay visible while working
Feature9,708,Text,Fully offline capability with 100% data privacy,Fully offline capability with 100% data privacy,Aftësi plotësisht offline me 100% privatësi të të dhënave,إمكانية الاتصال بالإنترنت بالكامل مع خصوصية البيانات بنسبة 100%,Ten volle vanlyn vermoë met 100% data privaatheid,১০০% ডাটা গোপনীয়তাৰ সৈতে সম্পূৰ্ণ অফলাইন ক্ষমতা,ከ100% የውሂብ ግላዊነት ጋር ሙሉ በሙሉ ከመስመር ውጭ ችሎታ,Լիովին անցանց հնարավորություն՝ 100% տվյալների գաղտնիությամբ,100% məlumat məxfiliyi ilə tam oflayn imkan,100% ডেটা গোপনীয়তার সাথে সম্পূর্ণ অফলাইন ক্ষমতা,Lineaz kanpoko gaitasuna guztiz datuen pribatutasunarekin,Магчымасць поўнага аўтаномнага рэжыму са 100% прыватнасцю даных,Potpuno offline mogućnost sa 100% privatnošću podataka,Напълно офлайн възможност със 100% поверителност на данните,Capacité entièrement hors ligne avec Confidentialité des données à 100 %,Capacitat totalment fora de línia amb privadesa de dades al 100%.,Fully offline capability with 100% data privacy,完全离线功能，100% 数据隐私,Potpuno offline mogućnost sa 100% privatnošću podataka,Plně offline funkce se 100% soukromím dat,Fuldt offline funktion med 100 % databeskyttelse,قابلیت کاملا آفلاین با 100% حفظ حریم خصوصی داده ها,Volledig offline mogelijkheid met 100% gegevensprivacy,Fully offline capability with 100% data privacy,Täielikult võrguühenduseta võimalus 100% andmete privaatsusega,Ganap na offline na kakayahan na may 100% data privacy,Täysin offline-ominaisuus ja 100 % tietosuoja,Capacité entièrement hors ligne avec Confidentialité des données à 100 %,Capacité entièrement hors ligne avec Confidentialité des données à 100 %,Capacidade totalmente sen conexión con 100 % de privacidade dos datos,სრულად ოფლაინ შესაძლებლობა მონაცემთა 100% კონფიდენციალურობით,Vollständig offline-fähig mit 100 % Datenschutz,Δυνατότητα πλήρως εκτός σύνδεσης με 100% απόρρητο δεδομένων,100% ડેટા ગોપનીયતા સાથે સંપૂર્ણપણે ઑફલાઇન ક્ષમતા,Cikakken ikon layi tare da sirrin bayanai 100%.,יכולת אופליין לחלוטין עם 100% פרטיות נתונים,100% डेटा गोपनीयता के साथ पूरी तरह से ऑफ़लाइन क्षमता,Teljesen offline lehetőség 100%-os adatvédelemmel,Getu án nettengingar með 100% gagnavernd,Ike na-anọghị n'ịntanetị zuru oke yana 100% nzuzo data,Kemampuan offline sepenuhnya dengan Privasi data 100%,Fully offline capability with 100% data privacy,Cumas go hiomlán as líne le príobháideacht sonraí 100%.,Ukukwazi ngokupheleleyo ngaphandle kweintanethi kunye ne-100% yobumfihlo bedatha,Ikhono lokungaxhunyiwe ku-inthanethi ngokugcwele ngobumfihlo bedatha engu-100%.,Funzionalità completamente offline con Privacy dei dati al 100%,100% の完全なオフライン機能データ プライバシー,100% ಡೇಟಾ ಗೌಪ್ಯತೆಯೊಂದಿಗೆ ಸಂಪೂರ್ಣವಾಗಿ ಆಫ್‌ಲೈನ್ ಸಾಮರ್ಥ್ಯ,100% деректер құпиялылығымен толық офлайн мүмкіндігі,សមត្ថភាពក្រៅបណ្តាញពេញលេញជាមួយនឹងភាពឯកជនទិន្នន័យ 100%,Capacidad totalmente fuera de línea con 100 % de privacidad de datos,Fully offline capability with 100% data privacy,Fully offline capability with 100% data privacy,Fully offline capability with 100% data privacy,완전한 오프라인 기능 100% 데이터 개인 정보 보호,Fully offline capability with 100% data privacy,Fully offline capability with 100% data privacy,Fully offline capability with 100% data privacy,Fully offline capability with 100% data privacy,Fully offline capability with 100% data privacy,Fully offline capability with 100% data privacy,Fully offline capability with 100% data privacy,Fully offline capability with 100% data privacy,Fully offline capability with 100% data privacy,Fully offline capability with 100% data privacy,Fully offline capability with 100% data privacy,Fully offline capability with 100% data privacy,Fully offline capability with 100% data privacy,Fully offline capability with 100% data privacy,Fully offline capability with 100% data privacy,Fully offline capability with 100% data privacy,Fully offline capability with 100% data privacy,Fully offline capability with 100% data privacy,Pełna funkcjonalność w trybie offline ze 100% prywatnością danych,Totalmente offline capacidade com 100% de privacidade de dados,Fully offline capability with 100% data privacy,Fully offline capability with 100% data privacy,Fully offline capability with 100% data privacy,Полностью в автономном режиме возможность со 100% конфиденциальностью данных,Fully offline capability with 100% data privacy,Fully offline capability with 100% data privacy,Fully offline capability with 100% data privacy,Fully offline capability with 100% data privacy,Fully offline capability with 100% data privacy,Fully offline capability with 100% data privacy,Fully offline capability with 100% data privacy,Fully offline capability with 100% data privacy,Capacidad completamente fuera de línea con 100 % de privacidad de datos,Lättviktsprestanda utan resurspåverkan,Fully offline capability with 100% data privacy,Fully offline capability with 100% data privacy,Fully offline capability with 100% data privacy,Fully offline capability with 100% data privacy,Fully offline capability with 100% data privacy,Fully offline capability with 100% data privacy,Tamamen çevrimdışı özellik %100 veri gizliliği ile,Fully offline capability with 100% data privacy,Fully offline capability with 100% data privacy,Fully offline capability with 100% data privacy,Fully offline capability with 100% data privacy,Fully offline capability with 100% data privacy
Feature10,709,Text,Lightweight performance with zero resource impact,Lightweight performance with zero resource impact,Performancë e lehtë me ndikim zero në burim,أداء خفيف الوزن بدون أي تأثير على الموارد,Liggewig werkverrigting met geen hulpbronimpak nie,শূন্য সম্পদ প্ৰভাৱৰ সৈতে লঘু পৰিৱেশন,ቀላል ክብደት ያለው አፈጻጸም ከዜሮ ምንጭ ተጽዕኖ ጋር,Թեթև կատարում՝ զրոյական ռեսուրսների ազդեցությամբ,Sıfır resurs təsiri ilə yüngül performans,শূন্য সম্পদ প্রভাব সঙ্গে লাইটওয়েট কর্মক্ষমতা,"Errendimendu arina, zero baliabide-eraginarekin",Лёгкая прадукцыйнасць без уплыву на рэсурсы,Lagane performanse sa nultim uticajem na resurse,Лека производителност с нулево въздействие върху ресурсите,Performances légères sans impact sur les ressources,Rendiment lleuger amb zero impacte de recursos,Lightweight performance with zero resource impact,轻量级性能，零资源影响,Lagana izvedba bez utjecaja na resurse,Nízký výkon s nulovým dopadem na zdroje,Letvægtsydelse uden ressourcepåvirkning,عملکرد سبک با تاثیر منابع صفر,Lichtgewicht prestaties zonder impact op bronnen,Lightweight performance with zero resource impact,Kerge jõudlus ilma ressursimõjuta,Magaan na pagganap na walang epekto sa mapagkukunan,Kevyt suorituskyky ilman resurssien vaikutusta,Performances légères sans impact sur les ressources,Performances légères sans impact sur les ressources,Rendemento lixeiro con cero impacto de recursos,მსუბუქი შესრულება ნულოვანი რესურსის ზემოქმედებით,Leichte Leistung ohne Belastung der Ressourcen,Ελαφριά απόδοση με μηδενικό αντίκτυπο στους πόρους,શૂન્ય સંસાધન પ્રભાવ સાથે હલકો પ્રદર્શન,Ayyukan nauyi mai sauƙi tare da tasirin albarkatun sifili,ביצועים קלים עם אפס השפעה על משאבים,शून्य संसाधन प्रभाव के साथ हल्का प्रदर्शन,"Könnyű teljesítmény, erőforrások nélkül",Léttur árangur án áhrifa á auðlindir,Arụmọrụ dị fechaa nwere mmetụta akụrụngwa efu,Performa ringan tanpa dampak sumber daya,Lightweight performance with zero resource impact,Feidhmíocht éadrom le tionchar nialasach acmhainne,Ukusebenza okulula kunye nempembelelo yezixhobo zero,Ukusebenza okulula okunomthelela wensiza eyiziro,Prestazioni leggere con impatto zero sulle risorse,リソースに影響を与えない軽量パフォーマンス,ಶೂನ್ಯ ಸಂಪನ್ಮೂಲ ಪ್ರಭಾವದೊಂದಿಗೆ ಹಗುರವಾದ ಕಾರ್ಯಕ್ಷಮತೆ,Нөлдік ресурс әсерімен жеңіл өнімділік,ការអនុវត្តស្រាលជាមួយនឹងផលប៉ះពាល់ធនធានសូន្យ,Rendimiento liviano sin impacto en los recursos,Lightweight performance with zero resource impact,Lightweight performance with zero resource impact,Lightweight performance with zero resource impact,리소스에 영향을 주지 않는 경량 성능,Lightweight performance with zero resource impact,Lightweight performance with zero resource impact,Lightweight performance with zero resource impact,Lightweight performance with zero resource impact,Lightweight performance with zero resource impact,Lightweight performance with zero resource impact,Lightweight performance with zero resource impact,Lightweight performance with zero resource impact,Lightweight performance with zero resource impact,Lightweight performance with zero resource impact,Lightweight performance with zero resource impact,Lightweight performance with zero resource impact,Lightweight performance with zero resource impact,Lightweight performance with zero resource impact,Lightweight performance with zero resource impact,Lightweight performance with zero resource impact,Lightweight performance with zero resource impact,Lightweight performance with zero resource impact,Niska wydajność przy zerowym wpływie na zasoby,Desempenho leve com zero impacto de recursos,Lightweight performance with zero resource impact,Lightweight performance with zero resource impact,Lightweight performance with zero resource impact,Малая производительность с нулевым потреблением ресурсов,Lightweight performance with zero resource impact,Lightweight performance with zero resource impact,Lightweight performance with zero resource impact,Lightweight performance with zero resource impact,Lightweight performance with zero resource impact,Lightweight performance with zero resource impact,Lightweight performance with zero resource impact,Lightweight performance with zero resource impact,Rendimiento liviano sin impacto en los recursos,Windows 10 version 17763.0 eller högre,Lightweight performance with zero resource impact,Lightweight performance with zero resource impact,Lightweight performance with zero resource impact,Lightweight performance with zero resource impact,Lightweight performance with zero resource impact,Lightweight performance with zero resource impact,Sıfır kaynak etkisi ile hafif performans,Lightweight performance with zero resource impact,Lightweight performance with zero resource impact,Lightweight performance with zero resource impact,Lightweight performance with zero resource impact,Lightweight performance with zero resource impact
Feature11,710,Text,,,,,,,,,,,,,,,,,,,,,,,,,,,,,,,,,,,,,,,,,,,,,,,,,,,,,,,,,,,,,,,,,,,,,,,,,,,,,,,,,,,,,,,,,,,,,,,,,,,,,
Feature12,711,Text,,,,,,,,,,,,,,,,,,,,,,,,,,,,,,,,,,,,,,,,,,,,,,,,,,,,,,,,,,,,,,,,,,,,,,,,,,,,,,,,,,,,,,,,,,,,,,,,,,,,,
Feature13,712,Text,,,,,,,,,,,,,,,,,,,,,,,,,,,,,,,,,,,,,,,,,,,,,,,,,,,,,,,,,,,,,,,,,,,,,,,,,,,,,,,,,,,,,,,,,,,,,,,,,,,,,
Feature14,713,Text,,,,,,,,,,,,,,,,,,,,,,,,,,,,,,,,,,,,,,,,,,,,,,,,,,,,,,,,,,,,,,,,,,,,,,,,,,,,,,,,,,,,,,,,,,,,,,,,,,,,,
Feature15,714,Text,,,,,,,,,,,,,,,,,,,,,,,,,,,,,,,,,,,,,,,,,,,,,,,,,,,,,,,,,,,,,,,,,,,,,,,,,,,,,,,,,,,,,,,,,,,,,,,,,,,,,
Feature16,715,Text,,,,,,,,,,,,,,,,,,,,,,,,,,,,,,,,,,,,,,,,,,,,,,,,,,,,,,,,,,,,,,,,,,,,,,,,,,,,,,,,,,,,,,,,,,,,,,,,,,,,,
Feature17,716,Text,,,,,,,,,,,,,,,,,,,,,,,,,,,,,,,,,,,,,,,,,,,,,,,,,,,,,,,,,,,,,,,,,,,,,,,,,,,,,,,,,,,,,,,,,,,,,,,,,,,,,
Feature18,717,Text,,,,,,,,,,,,,,,,,,,,,,,,,,,,,,,,,,,,,,,,,,,,,,,,,,,,,,,,,,,,,,,,,,,,,,,,,,,,,,,,,,,,,,,,,,,,,,,,,,,,,
Feature19,718,Text,,,,,,,,,,,,,,,,,,,,,,,,,,,,,,,,,,,,,,,,,,,,,,,,,,,,,,,,,,,,,,,,,,,,,,,,,,,,,,,,,,,,,,,,,,,,,,,,,,,,,
Feature20,719,Text,,,,,,,,,,,,,,,,,,,,,,,,,,,,,,,,,,,,,,,,,,,,,,,,,,,,,,,,,,,,,,,,,,,,,,,,,,,,,,,,,,,,,,,,,,,,,,,,,,,,,
MinimumHardwareReq1,800,Text,Windows 10 Version 17763.0 or higher,Windows 10 Version 17763.0 or higher,Windows 10 Versioni 17763.0 ose më i lartë,إصدار Windows 10 17763.0 أو أعلى,Windows 10 Weergawe 17763.0 of hoër,Windows 10 সংস্কৰণ 17763.0 বা উচ্চতৰ,የዊንዶውስ 10 ስሪት 17763.0 ወይም ከዚያ በላይ,Windows 10 Տարբերակ 17763.0 կամ ավելի բարձր,Windows 10 Versiya 17763.0 və ya daha yüksək,Windows 10 সংস্করণ 17763.0 বা উচ্চতর,Windows 10 17763.0 bertsioa edo berriagoa,Windows 10 Версія 17763.0 або вышэй,Windows 10 verzija 17763.0 ili novija,Windows 10 Версия 17763.0 или по-нова,Windows 10 version 17763.0 ou supérieure,Windows 10 versió 17763.0 o superior,Windows 10 Version 17763.0 or higher,Windows 10 版本 17763.0 或更高版本,Windows 10 Verzija 17763.0 ili novija,Windows 10 verze 17763.0 nebo vyšší,Windows 10 version 17763.0 eller nyere,ویندوز 10 نسخه 17763.0 یا بالاتر,Windows 10 versie 17763.0 of hoger,Windows 10 Version 17763.0 or higher,Windows 10 versioon 17763.0 või uuem,Bersyon ng Windows 10 17763.0 o mas mataas,Windows 10 -versio 17763.0 tai uudempi,Windows 10 version 17763.0 ou supérieure,Windows 10 version 17763.0 ou supérieure,Windows 10 Versión 17763.0 ou superior,Windows 10 ვერსია 17763.0 ან უფრო მაღალი,Windows 10 Version 17763.0 oder höher,Windows 10 Έκδοση 17763.0 ή νεότερη έκδοση,Windows 10 સંસ્કરણ 17763.0 અથવા ઉચ્ચ,Windows 10 Shafin 17763.0 ko sama,Windows 10 גרסה 17763.0 ומעלה,विंडोज 10 संस्करण 17763.0 या उच्चतर,Windows 10 17763.0 vagy újabb verzió,Windows 10 útgáfa 17763.0 eða nýrri,Windows 10 Ụdị 17763.0 ma ọ bụ karịa,Windows 10 Versi 17763.0 atau lebih tinggi,Windows 10 Version 17763.0 or higher,Windows 10 Leagan 17763.0 nó níos airde,Windows 10 Inguqulelo 17763.0 okanye ngaphezulu,Windows 10 Inguqulo engu-17763.0 noma ngaphezulu,Windows 10 versione 17763.0 o successiva,Windows 10 バージョン 17763.0 以降,Windows 10 ಆವೃತ್ತಿ 17763.0 ಅಥವಾ ಹೆಚ್ಚಿನದು,Windows 10 нұсқасы 17763.0 немесе одан жоғары,Windows 10 កំណែ 17763.0 ឬខ្ពស់ជាងនេះ។,Windows 10 versión 17763.0 o superior,Windows 10 Version 17763.0 or higher,Windows 10 Version 17763.0 or higher,Windows 10 Version 17763.0 or higher,Windows 10 버전 17763.0 이상,Windows 10 Version 17763.0 or higher,Windows 10 Version 17763.0 or higher,Windows 10 Version 17763.0 or higher,Windows 10 Version 17763.0 or higher,Windows 10 Version 17763.0 or higher,Windows 10 Version 17763.0 or higher,Windows 10 Version 17763.0 or higher,Windows 10 Version 17763.0 or higher,Windows 10 Version 17763.0 or higher,Windows 10 Version 17763.0 or higher,Windows 10 Version 17763.0 or higher,Windows 10 Version 17763.0 or higher,Windows 10 Version 17763.0 or higher,Windows 10 Version 17763.0 or higher,Windows 10 Version 17763.0 or higher,Windows 10 Version 17763.0 or higher,Windows 10 Version 17763.0 or higher,Windows 10 Version 17763.0 or higher,Windows 10 wersja 17763.0 lub nowsza,Windows 10 versão 17763.0 ou superior,Windows 10 Version 17763.0 or higher,Windows 10 Version 17763.0 or higher,Windows 10 Version 17763.0 or higher,Windows 10 версии 17763.0 или выше,Windows 10 Version 17763.0 or higher,Windows 10 Version 17763.0 or higher,Windows 10 Version 17763.0 or higher,Windows 10 Version 17763.0 or higher,Windows 10 Version 17763.0 or higher,Windows 10 Version 17763.0 or higher,Windows 10 Version 17763.0 or higher,Windows 10 Version 17763.0 or higher,Windows 10 versión 17763.0 o superior,"x86-, x64- eller ARM64-processor",Windows 10 Version 17763.0 or higher,Windows 10 Version 17763.0 or higher,Windows 10 Version 17763.0 or higher,Windows 10 Version 17763.0 or higher,Windows 10 Version 17763.0 or higher,Windows 10 Version 17763.0 or higher,Windows 10 Sürüm 17763.0 veya üzeri,Windows 10 Version 17763.0 or higher,Windows 10 Version 17763.0 or higher,Windows 10 Version 17763.0 or higher,Windows 10 Version 17763.0 or higher,Windows 10 Version 17763.0 or higher
MinimumHardwareReq2,801,Text,"x86, x64, or ARM64 processor","x86, x64, or ARM64 processor","procesor x86, x64 ose ARM64",معالج x86 أو x64 أو ARM64,"x86-, x64- of ARM64-verwerker","x86, x64, বা ARM64 প্ৰচেছৰ",x86፣ x64፣ ወይም ARM64 ፕሮሰሰር,"x86, x64 կամ ARM64 պրոցեսոր","x86, x64 və ya ARM64 prosessoru","x86, x64, বা ARM64 প্রসেসর","x86, x64 edo ARM64 prozesadorea","Працэсар x86, x64 або ARM64","x86, x64 ili ARM64 procesor","x86, x64 или ARM64 процесор","Processeur x86, x64 ou ARM64","Processador x86, x64 o ARM64","x86, x64, or ARM64 processor",x86、x64 或 ARM64 处理器,"x86, x64 ili ARM64 procesor","procesor x86, x64 nebo ARM64","x86-, x64- eller ARM64-processor",پردازنده x86، x64 یا ARM64,"x86-, x64- of ARM64-processor","x86, x64, or ARM64 processor","x86, x64 või ARM64 protsessor","x86, x64, o ARM64 na processor","x86-, x64- tai ARM64-prosessori","Processeur x86, x64 ou ARM64","Processeur x86, x64 ou ARM64","Procesador x86, x64 ou ARM64","x86, x64 ან ARM64 პროცესორი","x86-, x64- oder ARM64-Prozessor","Επεξεργαστής x86, x64 ή ARM64","x86, x64, અથવા ARM64 પ્રોસેસર","x86, x64, ko ARM64 processor","מעבד x86, x64 או ARM64","x86, x64, या ARM64 प्रोसेसर","x86, x64 vagy ARM64 processzor","x86, x64 eða ARM64 örgjörva","x86, x64, ma ọ bụ ARM64 processor","prosesor x86, x64, atau ARM64","x86, x64, or ARM64 processor","próiseálaí x86, x64, nó ARM64","x86, x64, okanye ARM64 iprosesa","x86, x64, noma iphrosesa ye-ARM64","Processore x86, x64 o ARM64",x86、x64、または ARM64 プロセッサ,"x86, x64, ಅಥವಾ ARM64 ಪ್ರೊಸೆಸರ್","x86, x64 немесе ARM64 процессоры","ខួរក្បាល x86, x64 ឬ ARM64","Procesador x86, x64 o ARM64","x86, x64, or ARM64 processor","x86, x64, or ARM64 processor","x86, x64, or ARM64 processor","x86, x64 또는 ARM64 프로세서","x86, x64, or ARM64 processor","x86, x64, or ARM64 processor","x86, x64, or ARM64 processor","x86, x64, or ARM64 processor","x86, x64, or ARM64 processor","x86, x64, or ARM64 processor","x86, x64, or ARM64 processor","x86, x64, or ARM64 processor","x86, x64, or ARM64 processor","x86, x64, or ARM64 processor","x86, x64, or ARM64 processor","x86, x64, or ARM64 processor","x86, x64, or ARM64 processor","x86, x64, or ARM64 processor","x86, x64, or ARM64 processor","x86, x64, or ARM64 processor","x86, x64, or ARM64 processor","x86, x64, or ARM64 processor","Procesor x86, x64 lub ARM64","processador x86, x64 ou ARM64","x86, x64, or ARM64 processor","x86, x64, or ARM64 processor","x86, x64, or ARM64 processor","Процессор x86, x64 или ARM64","x86, x64, or ARM64 processor","x86, x64, or ARM64 processor","x86, x64, or ARM64 processor","x86, x64, or ARM64 processor","x86, x64, or ARM64 processor","x86, x64, or ARM64 processor","x86, x64, or ARM64 processor","x86, x64, or ARM64 processor","Procesador x86, x64 o ARM64",,"x86, x64, or ARM64 processor","x86, x64, or ARM64 processor","x86, x64, or ARM64 processor","x86, x64, or ARM64 processor","x86, x64, or ARM64 processor","x86, x64, or ARM64 processor","x86, x64 veya ARM64 işlemci","x86, x64, or ARM64 processor","x86, x64, or ARM64 processor","x86, x64, or ARM64 processor","x86, x64, or ARM64 processor","x86, x64, or ARM64 processor"
MinimumHardwareReq3,802,Text,512 MB RAM,512 MB RAM,512 MB RAM,ذاكرة الوصول العشوائي (RAM) سعة 512 ميجابايت,512 MB RAM,512 MB RAM,512 ሜባ ራም,512 ՄԲ օպերատիվ հիշողություն,512 MB RAM,512 MB RAM,512 MB RAM,512 МБ аператыўнай памяці,512 MB RAM-a,512 MB RAM,512 Mo de RAM,512 MB de RAM,512 MB RAM,512 MB RAM,512 MB RAM,512 MB RAM,512 MB RAM,512 مگابایت رم,512 MB RAM,512 MB RAM,512 MB RAM,512 MB RAM,512 Mt RAM-muistia,512 Mo de RAM,512 Mo de RAM,512 MB de RAM,512 MB ოპერატიული მეხსიერება,512 MB RAM,512 MB RAM,512 એમબી રેમ,512 MB RAM,זיכרון RAM של 512 מגה,512 एमबी रैम,512 MB RAM,512 MB vinnsluminni,512 MB nke RAM,RAM 512 MB,512 MB RAM,512 MB RAM,512 MB RAM,512 MB RAM,512 MB di RAM,512 MB RAM,512 MB RAM,512 МБ жедел жады,RAM 512 MB,512 MB de RAM,512 MB RAM,512 MB RAM,512 MB RAM,512MB RAM,512 MB RAM,512 MB RAM,512 MB RAM,512 MB RAM,512 MB RAM,512 MB RAM,512 MB RAM,512 MB RAM,512 MB RAM,512 MB RAM,512 MB RAM,512 MB RAM,512 MB RAM,512 MB RAM,512 MB RAM,512 MB RAM,512 MB RAM,512 MB RAM,512 MB RAM,512 MB de RAM,512 MB RAM,512 MB RAM,512 MB RAM,512 МБ ОЗУ,512 MB RAM,512 MB RAM,512 MB RAM,512 MB RAM,512 MB RAM,512 MB RAM,512 MB RAM,512 MB RAM,512 MB de RAM,162 MB lagringsutrymme för Windows,512 MB RAM,512 MB RAM,512 MB RAM,512 MB RAM,512 MB RAM,512 MB RAM,512 MB RAM,512 MB RAM,512 MB RAM,512 MB RAM,512 MB RAM,512 MB RAM
MinimumHardwareReq4,803,Text,200 MB available storage,200 MB available storage,200 MB hapësirë ​​ruajtëse në dispozicion,مساحة تخزين متوفرة تبلغ 200 ميجابايت,200 MB beskikbare berging,200 MB উপলব্ধ সংৰক্ষণ,200 ሜባ ማከማቻ ይገኛል።,200 ՄԲ հասանելի պահեստ,200 MB mövcud yaddaş,200 MB উপলব্ধ স্টোরেজ,200 MB biltegiratze erabilgarri,200 МБ даступнай памяці,200 MB dostupnog prostora za pohranu,200 MB налично място за съхранение,200 Mo de stockage disponible,200 MB d'emmagatzematge disponible,200 MB available storage,200 MB 可用存储,200 MB dostupnog prostora za pohranu,200 MB dostupného úložiště,200 MB tilgængelig lagerplads,200 مگابایت فضای ذخیره سازی در دسترس,200 MB beschikbare opslagruimte,200 MB available storage,200 MB vaba salvestusruumi,200 MB na available na storage,200 Mt vapaata tallennustilaa,200 Mo de stockage disponible,200 Mo de stockage disponible,200 MB de almacenamento dispoñible,200 MB ხელმისაწვდომი მეხსიერება,200 MB verfügbarer Speicher,200 MB διαθέσιμος αποθηκευτικός χώρος,200 MB ઉપલબ્ધ સ્ટોરેજ,200 MB akwai ajiya,נפח אחסון זמין של 200 MB,200 एमबी उपलब्ध स्टोरेज,200 MB szabad tárhely,200 MB laus geymslupláss,200 MB dị ebe nchekwa,Penyimpanan tersedia 200 MB,200 MB available storage,200 MB stórála ar fáil,200 MB indawo yokugcina ekhoyo,200 MB isitoreji esitholakalayo,200 MB di spazio di archiviazione disponibile,200 MB の利用可能なストレージ,200 MB ಲಭ್ಯವಿರುವ ಸಂಗ್ರಹಣೆ,200 МБ қолжетімді жад,ទំហំផ្ទុក 200 MB,200 MB de almacenamiento disponible,200 MB available storage,200 MB available storage,200 MB available storage,200MB 사용 가능한 저장 공간,200 MB available storage,200 MB available storage,200 MB available storage,200 MB available storage,200 MB available storage,200 MB available storage,200 MB available storage,200 MB available storage,200 MB available storage,200 MB available storage,200 MB available storage,200 MB available storage,200 MB available storage,200 MB available storage,200 MB available storage,200 MB available storage,200 MB available storage,200 MB available storage,200 MB dostępnej pamięci,200 MB de armazenamento disponível,200 MB available storage,200 MB available storage,200 MB available storage,200 МБ доступной памяти,200 MB available storage,200 MB available storage,200 MB available storage,200 MB available storage,200 MB available storage,200 MB available storage,200 MB available storage,200 MB available storage,200 MB de almacenamiento disponible,,200 MB available storage,200 MB available storage,200 MB available storage,200 MB available storage,200 MB available storage,200 MB available storage,200 MB kullanılabilir depolama,200 MB available storage,200 MB available storage,200 MB available storage,200 MB available storage,200 MB available storage
MinimumHardwareReq5,804,Text,,,,,,,,,,,,,,,,,,,,,,,,,,,,,,,,,,,,,,,,,,,,,,,,,,,,,,,,,,,,,,,,,,,,,,,,,,,,,,,,,,,,,,,,,,,,,,,,,,,,,
MinimumHardwareReq6,805,Text,,,,,,,,,,,,,,,,,,,,,,,,,,,,,,,,,,,,,,,,,,,,,,,,,,,,,,,,,,,,,,,,,,,,,,,,,,,,,,,,,,,,,,,,,,,,,,,,,,,,,
MinimumHardwareReq7,806,Text,,,,,,,,,,,,,,,,,,,,,,,,,,,,,,,,,,,,,,,,,,,,,,,,,,,,,,,,,,,,,,,,,,,,,,,,,,,,,,,,,,,,,,,,,,,,,,,,,,,,,
MinimumHardwareReq8,807,Text,,,,,,,,,,,,,,,,,,,,,,,,,,,,,,,,,,,,,,,,,,,,,,,,,,,,,,,,,,,,,,,,,,,,,,,,,,,,,,,,,,,,,,,,,,,,,,,,,,,,,
MinimumHardwareReq9,808,Text,,,,,,,,,,,,,,,,,,,,,,,,,,,,,,,,,,,,,,,,,,,,,,,,,,,,,,,,,,,,,,,,,,,,,,,,,,,,,,,,,,,,,,,,,,,,,,,,,,,,,
MinimumHardwareReq10,809,Text,,,,,,,,,,,,,,,,,,,,,,,,,,,,,,,,,,,,,,,,,,,,,,,,,,,,,,,,,,,,,,,,,,,,,,,,,,,,,,,,,,,,,,,,,,,,,,,,,,,,,
MinimumHardwareReq11,810,Text,,,,,,,,,,,,,,,,,,,,,,,,,,,,,,,,,,,,,,,,,,,,,,,,,,,,,,,,,,,,,,,,,,,,,,,,,,,,,,,,,,,,,,,,,,,,,,,,,,,,,
RecommendedHardwareReq1,850,Text,Windows 11 Version 22000.0 or higher,Windows 11 Version 22000.0 or higher,Windows 11 Versioni 22000.0 ose më i lartë,إصدار Windows 11 22000.0 أو أعلى,Windows 11 Weergawe 22000.0 of hoër,Windows 11 সংস্কৰণ 22000.0 বা উচ্চতৰ,የዊንዶውስ 11 ስሪት 22000.0 ወይም ከዚያ በላይ,Windows 11 Տարբերակ 22000.0 կամ ավելի բարձր,Windows 11 Versiya 22000.0 və ya daha yüksək,Windows 11 সংস্করণ 22000.0 বা উচ্চতর,Windows 11 22000.0 bertsioa edo berriagoa,Windows 11 версіі 22000.0 або вышэй,Windows 11 verzija 22000.0 ili novija,Windows 11 Версия 22000.0 или по-нова,Windows 11 version 22000.0 ou supérieure,Windows 11 versió 22000.0 o superior,Windows 11 Version 22000.0 or higher,Windows 11 版本 22000.0 或更高版本,Windows 11 Verzija 22000.0 ili novija,Windows 11 verze 22000.0 nebo vyšší,Windows 11 version 22000.0 eller nyere,ویندوز 11 نسخه 22000.0 یا بالاتر,Windows 11 versie 22000.0 of hoger,Windows 11 Version 22000.0 or higher,Windows 11 versioon 22000.0 või uuem,Windows 11 Bersyon 22000.0 o mas mataas,Windows 11 -versio 22000.0 tai uudempi,Windows 11 version 22000.0 ou supérieure,Windows 11 version 22000.0 ou supérieure,Windows 11 Versión 22000.0 ou superior,Windows 11 ვერსია 22000.0 ან უფრო მაღალი,Windows 11 Version 22000.0 oder höher,Windows 11 Έκδοση 22000.0 ή νεότερη έκδοση,Windows 11 સંસ્કરણ 22000.0 અથવા ઉચ્ચ,Windows 11 Version 22000.0 ko sama,Windows 11 גרסה 22000.0 ומעלה,विंडोज 11 संस्करण 22000.0 या उच्चतर,Windows 11 22000.0 vagy újabb verzió,Windows 11 útgáfa 22000.0 eða nýrri,Windows 11 Ụdị 22000.0 ma ọ bụ karịa,Windows 11 Versi 22000.0 atau lebih tinggi,Windows 11 Version 22000.0 or higher,Windows 11 Leagan 22000.0 nó níos airde,Windows 11 Inguqulelo 22000.0 okanye ngaphezulu,Windows 11 Inguqulo engu-22000.0 noma ngaphezulu,Windows 11 versione 22000.0 o successiva,Windows 11 バージョン 22000.0 以降,Windows 11 ಆವೃತ್ತಿ 22000.0 ಅಥವಾ ಹೆಚ್ಚಿನದು,Windows 11 нұсқасы 22000.0 немесе одан жоғары,Windows 11 កំណែ 22000.0 ឬខ្ពស់ជាងនេះ។,Windows 11 versión 22000.0 o superior,Windows 11 Version 22000.0 or higher,Windows 11 Version 22000.0 or higher,Windows 11 Version 22000.0 or higher,Windows 11 버전 22000.0 이상,Windows 11 Version 22000.0 or higher,Windows 11 Version 22000.0 or higher,Windows 11 Version 22000.0 or higher,Windows 11 Version 22000.0 or higher,Windows 11 Version 22000.0 or higher,Windows 11 Version 22000.0 or higher,Windows 11 Version 22000.0 or higher,Windows 11 Version 22000.0 or higher,Windows 11 Version 22000.0 or higher,Windows 11 Version 22000.0 or higher,Windows 11 Version 22000.0 or higher,Windows 11 Version 22000.0 or higher,Windows 11 Version 22000.0 or higher,Windows 11 Version 22000.0 or higher,Windows 11 Version 22000.0 or higher,Windows 11 Version 22000.0 or higher,Windows 11 Version 22000.0 or higher,Windows 11 Version 22000.0 or higher,Windows 11 wersja 22000.0 lub wyższa,Windows 11 versão 22000.0 ou superior,Windows 11 Version 22000.0 or higher,Windows 11 Version 22000.0 or higher,Windows 11 Version 22000.0 or higher,Windows 11 версии 22000.0 или выше,Windows 11 Version 22000.0 or higher,Windows 11 Version 22000.0 or higher,Windows 11 Version 22000.0 or higher,Windows 11 Version 22000.0 or higher,Windows 11 Version 22000.0 or higher,Windows 11 Version 22000.0 or higher,Windows 11 Version 22000.0 or higher,Windows 11 Version 22000.0 or higher,Windows 11 versión 22000.0 o superior,10 MB RAM Version 22000.0 eller högre,Windows 11 Version 22000.0 or higher,Windows 11 Version 22000.0 or higher,Windows 11 Version 22000.0 or higher,Windows 11 Version 22000.0 or higher,Windows 11 Version 22000.0 or higher,Windows 11 Version 22000.0 or higher,Windows 11 Sürüm 22000.0 veya üzeri,Windows 11 Version 22000.0 or higher,Windows 11 Version 22000.0 or higher,Windows 11 Version 22000.0 or higher,Windows 11 Version 22000.0 or higher,Windows 11 Version 22000.0 or higher
RecommendedHardwareReq2,851,Text,x64 or ARM64 processor,x64 or ARM64 processor,procesor x64 ose ARM64,معالج x64 أو ARM64,x64 of ARM64 verwerker,x64 বা ARM64 প্ৰচেছৰ,x64 ወይም ARM64 ፕሮሰሰር,x64 կամ ARM64 պրոցեսոր,x64 və ya ARM64 prosessoru,x64 বা ARM64 প্রসেসর,x64 edo ARM64 prozesadorea,працэсар x64 або ARM64,x64 ili ARM64 procesor,x64 или ARM64 процесор,Processeur x64 ou ARM64,Processador x64 o ARM64,x64 or ARM64 processor,x64 或 ARM64 处理器,x64 ili ARM64 procesor,procesor x64 nebo ARM64,x64 eller ARM64 processor,پردازنده x64 یا ARM64,x64- of ARM64-processor,x64 or ARM64 processor,x64 või ARM64 protsessor,x64 o ARM64 na processor,x64 tai ARM64 prosessori,Processeur x64 ou ARM64,Processeur x64 ou ARM64,Procesador x64 ou ARM64,x64 ან ARM64 პროცესორი,x64- oder ARM64-Prozessor,Επεξεργαστής x64 ή ARM64,x64 અથવા ARM64 પ્રોસેસર,x64 ko ARM64 processor,מעבד x64 או ARM64,x64 या ARM64 प्रोसेसर,x64 vagy ARM64 processzor,x64 eða ARM64 örgjörva,x64 ma ọ bụ ARM64 processor,prosesor x64 atau ARM64,x64 or ARM64 processor,próiseálaí x64 nó ARM64,x64 okanye ARM64 iprosesa,x64 noma ARM64 processor,Processore x64 o ARM64,x64 または ARM64 プロセッサ,x64 ಅಥವಾ ARM64 ಪ್ರೊಸೆಸರ್,x64 немесе ARM64 процессоры,x64 ឬ ARM64 processor,Procesador x64 o ARM64,x64 or ARM64 processor,x64 or ARM64 processor,x64 or ARM64 processor,x64 또는 ARM64 프로세서,x64 or ARM64 processor,x64 or ARM64 processor,x64 or ARM64 processor,x64 or ARM64 processor,x64 or ARM64 processor,x64 or ARM64 processor,x64 or ARM64 processor,x64 or ARM64 processor,x64 or ARM64 processor,x64 or ARM64 processor,x64 or ARM64 processor,x64 or ARM64 processor,x64 or ARM64 processor,x64 or ARM64 processor,x64 or ARM64 processor,x64 or ARM64 processor,x64 or ARM64 processor,x64 or ARM64 processor,Procesor x64 lub ARM64,processador x64 ou ARM64,x64 or ARM64 processor,x64 or ARM64 processor,x64 or ARM64 processor,Процессор x64 или ARM64,x64 or ARM64 processor,x64 or ARM64 processor,x64 or ARM64 processor,x64 or ARM64 processor,x64 or ARM64 processor,x64 or ARM64 processor,x64 or ARM64 processor,x64 or ARM64 processor,Procesador x64 o ARM64,x64- eller ARM64-processor,x64 or ARM64 processor,x64 or ARM64 processor,x64 or ARM64 processor,x64 or ARM64 processor,x64 or ARM64 processor,x64 or ARM64 processor,x64 veya ARM64 işlemci,x64 or ARM64 processor,x64 or ARM64 processor,x64 or ARM64 processor,x64 or ARM64 processor,x64 or ARM64 processor
RecommendedHardwareReq3,852,Text,1 GB RAM or higher,1 GB RAM or higher,1 GB RAM ose më e lartë,ذاكرة وصول عشوائي سعة 1 جيجابايت أو أعلى,1 GB RAM of hoër,1 GB ৰেম বা উচ্চতৰ,1 ጊባ ራም ወይም ከዚያ በላይ,1 ԳԲ RAM կամ ավելի բարձր,1 GB RAM və ya daha yüksək,1 জিবি র‌্যাম বা তার বেশি,1 GB RAM edo handiagoa,1 ГБ аператыўнай памяці або вышэй,1 GB RAM-a ili više,1 GB RAM или по-висок,1 Go de RAM ou supérieur,1 GB de RAM o superior,1 GB RAM or higher,1 GB RAM 或更高,1 GB RAM-a ili više,1 GB RAM nebo vyšší,1 GB RAM eller højere,1 گیگابایت رم یا بالاتر,1 GB RAM of hoger,1 GB RAM or higher,1 GB RAM või rohkem,1 GB RAM o mas mataas,1 Gt RAM tai enemmän,1 Go de RAM ou supérieur,1 Go de RAM ou supérieur,1 GB de RAM ou superior,1 GB ოპერატიული მეხსიერება ან მეტი,1 GB RAM oder höher,1 GB RAM ή μεγαλύτερη,1 GB RAM અથવા ઉચ્ચ,1 GB RAM ko mafi girma,1 GB RAM ומעלה,1 जीबी रैम या उच्चतर,1 GB RAM vagy nagyobb,1 GB RAM or higher,1 GB RAM ma ọ bụ karịa,RAM 1 GB atau lebih tinggi,1 GB RAM or higher,1 GB RAM nó níos airde,1 GB RAM okanye ngaphezulu,1 GB RAM noma ngaphezulu,1 GB di RAM o successiva,1 GB RAM 以上,1 GB RAM ಅಥವಾ ಹೆಚ್ಚಿನದು,1 ГБ жедел жады немесе одан жоғары,RAM 1 GB ឬខ្ពស់ជាងនេះ។,1 GB de RAM o superior,1 GB RAM or higher,1 GB RAM or higher,1 GB RAM or higher,1GB RAM 이상,1 GB RAM or higher,1 GB RAM or higher,1 GB RAM or higher,1 GB RAM or higher,1 GB RAM or higher,1 GB RAM or higher,1 GB RAM or higher,1 GB RAM or higher,1 GB RAM or higher,1 GB RAM or higher,1 GB RAM or higher,1 GB RAM or higher,1 GB RAM or higher,1 GB RAM or higher,1 GB RAM or higher,1 GB RAM or higher,1 GB RAM or higher,1 GB RAM or higher,1 GB RAM lub więcej,1 GB de RAM ou superior,1 GB RAM or higher,1 GB RAM or higher,1 GB RAM or higher,1 ГБ ОЗУ или выше,1 GB RAM or higher,1 GB RAM or higher,1 GB RAM or higher,1 GB RAM or higher,1 GB RAM or higher,1 GB RAM or higher,1 GB RAM or higher,1 GB RAM or higher,1 GB de RAM o superior,1 GB RAM eller högre,1 GB RAM or higher,1 GB RAM or higher,1 GB RAM or higher,1 GB RAM or higher,1 GB RAM or higher,1 GB RAM or higher,1 GB RAM veya üzeri,1 GB RAM or higher,1 GB RAM or higher,1 GB RAM or higher,1 GB RAM or higher,1 GB RAM or higher
RecommendedHardwareReq4,853,Text,500 MB available storage,500 MB available storage,500 MB hapësirë ​​ruajtëse në dispozicion,سعة تخزينية متاحة تبلغ 500 ميجابايت,500 MB beskikbare berging,500 MB উপলব্ধ সংৰক্ষণ,500 ሜባ ማከማቻ ይገኛል።,500 ՄԲ հասանելի պահեստ,500 MB mövcud yaddaş,500 MB উপলব্ধ স্টোরেজ,500 MB biltegiratze erabilgarri,500 МБ даступнага сховішча,500 MB dostupnog prostora za pohranu,500 MB налично хранилище,500 Mo disponibles stockage,500 MB d'emmagatzematge disponible,500 MB available storage,500 MB 可用存储,500 MB dostupnog prostora za pohranu,500 MB dostupného úložiště,500 MB tilgængelig lagerplads,500 مگابایت فضای ذخیره سازی در دسترس,500 MB beschikbaar opslag,500 MB available storage,500 MB vaba salvestusruumi,500 MB na available na storage,500 Mt vapaata tallennustilaa,500 Mo disponibles stockage,500 Mo disponibles stockage,500 MB de almacenamento dispoñible,500 MB ხელმისაწვდომი მეხსიერება,500 MB verfügbar Lagerung,500 MB διαθέσιμος χώρος αποθήκευσης,500 MB ઉપલબ્ધ સ્ટોરેજ,500 MB akwai ajiya,500 MB אחסון זמין,500 एमबी उपलब्ध स्टोरेज,500 MB szabad tárhely,500 MB laus geymslupláss,500 MB dị ebe nchekwa,Penyimpanan tersedia 500 MB,500 MB available storage,500 MB stórála ar fáil,500 MB ekhoyo yokugcina,500 MB isitoreji esitholakalayo,500 MB disponibili archiviazione,500 MB の利用可能なストレージ,500 MB ಲಭ್ಯವಿರುವ ಸಂಗ್ರಹಣೆ,500 МБ қолжетімді жад,ទំហំផ្ទុក 500 MB,500 MB de almacenamiento disponible,500 MB available storage,500 MB available storage,500 MB available storage,500MB의 사용 가능한 저장 공간,500 MB available storage,500 MB available storage,500 MB available storage,500 MB available storage,500 MB available storage,500 MB available storage,500 MB available storage,500 MB available storage,500 MB available storage,500 MB available storage,500 MB available storage,500 MB available storage,500 MB available storage,500 MB available storage,500 MB available storage,500 MB available storage,500 MB available storage,500 MB available storage,500 MB dostępnej pamięci,500 MB de armazenamento disponível,500 MB available storage,500 MB available storage,500 MB available storage,500 МБ доступной памяти,500 MB available storage,500 MB available storage,500 MB available storage,500 MB available storage,500 MB available storage,500 MB available storage,500 MB available storage,500 MB available storage,500 MB de almacenamiento disponible,500 MB tillgängligt lagringsutrymme,500 MB available storage,500 MB available storage,500 MB available storage,500 MB available storage,500 MB available storage,500 MB available storage,500 MB kullanılabilir depolama,500 MB available storage,500 MB available storage,500 MB available storage,500 MB available storage,500 MB available storage
RecommendedHardwareReq5,854,Text,,,,,,,,,,,,,,,,,,,,,,,,,,,,,,,,,,,,,,,,,,,,,,,,,,,,,,,,,,,,,,,,,,,,,,,,,,,,,,,,,,,,,,,,,,,,,,,,,,,,,
RecommendedHardwareReq6,855,Text,,,,,,,,,,,,,,,,,,,,,,,,,,,,,,,,,,,,,,,,,,,,,,,,,,,,,,,,,,,,,,,,,,,,,,,,,,,,,,,,,,,,,,,,,,,,,,,,,,,,,
RecommendedHardwareReq7,856,Text,,,,,,,,,,,,,,,,,,,,,,,,,,,,,,,,,,,,,,,,,,,,,,,,,,,,,,,,,,,,,,,,,,,,,,,,,,,,,,,,,,,,,,,,,,,,,,,,,,,,,
RecommendedHardwareReq8,857,Text,,,,,,,,,,,,,,,,,,,,,,,,,,,,,,,,,,,,,,,,,,,,,,,,,,,,,,,,,,,,,,,,,,,,,,,,,,,,,,,,,,,,,,,,,,,,,,,,,,,,,
RecommendedHardwareReq9,858,Text,,,,,,,,,,,,,,,,,,,,,,,,,,,,,,,,,,,,,,,,,,,,,,,,,,,,,,,,,,,,,,,,,,,,,,,,,,,,,,,,,,,,,,,,,,,,,,,,,,,,,
RecommendedHardwareReq10,859,Text,,,,,,,,,,,,,,,,,,,,,,,,,,,,,,,,,,,,,,,,,,,,,,,,,,,,,,,,,,,,,,,,,,,,,,,,,,,,,,,,,,,,,,,,,,,,,,,,,,,,,
RecommendedHardwareReq11,860,Text,,,,,,,,,,,,,,,,,,,,,,,,,,,,,,,,,,,,,,,,,,,,,,,,,,,,,,,,,,,,,,,,,,,,,,,,,,,,,,,,,,,,,,,,,,,,,,,,,,,,,
SearchTerm1,900,Text,tasbeeh,tasbeeh,tesbih,تسبيح,tasbeeh,tasbeeh,ታስቢህ,թասբիհ,təsbih,তাসবীহ,tasbeeh,тасбіх,tasbeeh,tasbeeh,tasbeeh,tasbeeh,tasbeeh,tasbeeh,tasbeeh,tasbeeh,tasbeeh,تسبیح,tasbeeh,tasbeeh,tasbeeh,tasbeeh,tasbeeh,tasbeeh,tasbeeh,tasbeeh,ტასბიჰ,Tasbeeh,tasbeeh,તસ્બીહ,tasbihi,Tasbeeh,तस्बीह,tasbeeh,tasbeeh,tasbeeh,tasbih,tasbeeh,tasbeeh,tasbeeh,tasbeeh,tasbeeh,tasbeeh,ತಸ್ಬೀಹ್,тасбих,តាសប៊ី,tasbeeh,tasbeeh,tasbeeh,tasbeeh,tasbeeh,tasbeeh,tasbeeh,tasbeeh,tasbeeh,tasbeeh,tasbeeh,tasbeeh,tasbeeh,tasbeeh,tasbeeh,tasbeeh,tasbeeh,tasbeeh,tasbeeh,tasbeeh,tasbeeh,tasbeeh,tasbeeh,tasbeeh,tasbeeh,tasbeeh,tasbeeh,tasbeeh,тасбих,tasbeeh,tasbeeh,tasbeeh,tasbeeh,tasbeeh,tasbeeh,tasbeeh,tasbeeh,tasbeeh,tasbeeh,tasbeeh,tasbeeh,tasbeeh,tasbeeh,tasbeeh,tasbeeh,tesbih,tasbeeh,tasbeeh,tasbeeh,tasbeeh,tasbeeh
SearchTerm2,901,Text,dhikr,dhikr,dhikri,ذكر,dhikr,dhikr,ዚክር,dhikr,zikr,dhikr,dhikr,зікр,zhikr,dhikr,dhikr,dhikr,dhikr,dhikr,dhikr,dhikr,dhikr,ذکر,dhikr,dhikr,dhikr,dhikr,dhikr,dhikr,dhikr,dhikr,ზიკრი,Dhikr,dhikr,ધિક્ર,zikiri,dhikr,धिक्र,dhikr,dhikr,zikr,dzikir,dhikr,dhikr,dhikr,i-dhikr,dhikr,dhikr,ಧಿಕ್ರ್,зікір,ឌីគ្រី,dhikr,dhikr,dhikr,dhikr,dhikr,dhikr,dhikr,dhikr,dhikr,dhikr,dhikr,dhikr,dhikr,dhikr,dhikr,dhikr,dhikr,dhikr,dhikr,dhikr,dhikr,dhikr,dhikr,dhikr,dhikr,dhikr,dhikr,dhikr,зикр,dhikr,dhikr,dhikr,dhikr,dhikr,dhikr,dhikr,dhikr,dhikr,dhikr,dhikr,dhikr,dhikr,dhikr,dhikr,dhikr,zikir,dhikr,dhikr,dhikr,dhikr,dhikr
SearchTerm3,902,Text,counter,counter,kundër,عداد,toonbank,কাউণ্টাৰ,ቆጣሪ,հաշվիչ,sayğac,পাল্টা,kontagailua,лічыльнік,counter,брояч,compteur,comptador,counter,计数器,brojač,čelit,tæller,شمارنده,counter,counter,loendur,counter,laskuri,compteur,compteur,contador,მრიცხველი,Zähler,μετρητής,કાઉન્ટર,counter,דֶלְפֵּק,काउंटर,ellen,teljara,counter,penghitung,counter,cuntar,counter,counter,contatore,カウンター,ಕೌಂಟರ್,есептегіш,បញ្ជរ,contador,counter,counter,counter,counter,counter,counter,counter,counter,counter,counter,counter,counter,counter,counter,counter,counter,counter,counter,counter,counter,counter,counter,licznik,contador,counter,counter,counter,счетчик,counter,counter,counter,counter,counter,counter,counter,counter,contador,räknare,counter,counter,counter,counter,counter,counter,sayacı,counter,counter,counter,counter,counter
SearchTerm4,903,Text,muslim,muslim,mysliman,مسلم,moslem,muslim,ሙስሊም,մուսուլման,müsəlman,মুসলিম,musulmana,мусульманскі,musliman,мюсюлманин,musulman,musulmà,muslim,muslim,musliman,muslimský,muslim,مسلمان,muslim,muslim,moslem,muslim,muslimi,musulman,musulman,musulmán,მაჰმადიანი,Muslim,Μουσουλμάνος,મુસ્લિમ,musulmi,מוסלמי,मुस्लिम,muzulmán,múslimi,Muslim,muslim,muslim,Moslamach,Muslim,Muslim,musulmano,イスラム教徒,ಮುಸ್ಲಿಂ,мұсылман,មូស្លីម,musulmán,muslim,muslim,muslim,muslim,muslim,muslim,muslim,muslim,muslim,muslim,muslim,muslim,muslim,muslim,muslim,muslim,muslim,muslim,muslim,muslim,muslim,muslim,muslim,muçulmano,muslim,muslim,muslim,мусульманин,muslim,muslim,muslim,muslim,muslim,muslim,muslim,muslim,musulmán,muslim,muslim,muslim,muslim,muslim,muslim,muslim,müslüman,muslim,muslim,muslim,muslim,muslim
SearchTerm5,904,Text,islam,islam,islami,إسلام,islam,islam,እስልምና,իսլամ,islam,ইসলাম,islamia,іслам,islam,ислям,islam,islam,islam,伊斯兰教,islam,islám,islam,اسلام,islam,islam,islam,islam,islam,islam,islam,islam,ისლამი,Islam,Ισλάμ,ઇસ્લામ,musulunci,אִסלַאם,इस्लाम,iszlám,íslam,islam,islam,islam,Ioslam,inkolo yamaSilamsi,islam,islam,イスラム,ಇಸ್ಲಾಂ,ислам,ឥស្លាម,islam,islam,islam,islam,islam,islam,islam,islam,islam,islam,islam,islam,islam,islam,islam,islam,islam,islam,islam,islam,islam,islam,islam,islam,islão,islam,islam,islam,ислам,islam,islam,islam,islam,islam,islam,islam,islam,islam,islam,islam,islam,islam,islam,islam,islam,islam,islam,islam,islam,islam,islam
SearchTerm6,905,Text,tracker,tracker,gjurmues,تعقب,spoorsnyer,tracker,መከታተያ,հետագծող,izləyici,ট্র্যাকার,jarraitzailea,трэкер,tracker,тракер,tracker,rastrejador,tracker,跟踪器,tracker,sledovač,tracker,ردیاب,tracker,tracker,jälgija,tagasubaybay,jäljitin,tracker,tracker,rastreador,ტრეკერი,Tracker,ιχνηλάτης,ટ્રેકર,tracker,גַשָׁשׁ,ट्रैकर,nyomozó,rekja spor einhvers,tracker,pelacak,tracker,lorgaire,umkhondo,umkhondo,tracker,トラッカー,ಟ್ರ್ಯಾಕರ್,трекер,កម្មវិធីតាមដាន,rastreador,tracker,tracker,tracker,tracker,tracker,tracker,tracker,tracker,tracker,tracker,tracker,tracker,tracker,tracker,tracker,tracker,tracker,tracker,tracker,tracker,tracker,tracker,tracker,rastreador,tracker,tracker,tracker,трекер,tracker,tracker,tracker,tracker,tracker,tracker,tracker,tracker,rastreador,tracker,tracker,tracker,tracker,tracker,tracker,tracker,takip cihazı,tracker,tracker,tracker,tracker,tracker
SearchTerm7,906,Text,prayer,prayer,lutje,صلاة,gebed,প্ৰাৰ্থনা,ጸሎት,աղոթք,dua,প্রার্থনা,otoitza,малітва,molitva,молитва,prière,pregària,prayer,祈祷,molitva,modlitba,bøn,دعا,gebed,prayer,palve,panalangin,rukous,prière,prière,oración,ლოცვა,Gebet,προσευχή,પ્રાર્થના,addu'a,תְפִלָה,प्रार्थना,ima,bæn,ekpere,doa,prayer,paidir,umthandazo,umthandazo,preghiera,祈り,ಪ್ರಾರ್ಥನೆ,дұға,ការអធិស្ឋាន,oración,prayer,prayer,prayer,기도,prayer,prayer,prayer,prayer,prayer,prayer,prayer,prayer,prayer,prayer,prayer,prayer,prayer,prayer,prayer,prayer,prayer,prayer,modlitwa,oração,prayer,prayer,prayer,молитва,prayer,prayer,prayer,prayer,prayer,prayer,prayer,prayer,oración,"bön, svävande räknare",prayer,prayer,prayer,prayer,prayer,prayer,dua,prayer,prayer,prayer,prayer,prayer
TrailerToPlayAtTopOfListing,999,Relative path (or URL to file in Partner Center),,,,,,,,,,,,,,,,,,,,,,,,,,,,,,,,,,,,,,,,,,,,,,,,,,,,,,,,,,,,,,,,,,,,,,,,,,,,,,,,,,,,,,,,,,,,,,,,,,,,,
Trailer1,1000,Relative path (or URL to file in Partner Center),,,,,,,,,,,,,,,,,,,,,,,,,,,,,,,,,,,,,,,,,,,,,,,,,,,,,,,,,,,,,,,,,,,,,,,,,,,,,,,,,,,,,,,,,,,,,,,,,,,,,
Trailer2,1001,Relative path (or URL to file in Partner Center),,,,,,,,,,,,,,,,,,,,,,,,,,,,,,,,,,,,,,,,,,,,,,,,,,,,,,,,,,,,,,,,,,,,,,,,,,,,,,,,,,,,,,,,,,,,,,,,,,,,,
Trailer3,1002,Relative path (or URL to file in Partner Center),,,,,,,,,,,,,,,,,,,,,,,,,,,,,,,,,,,,,,,,,,,,,,,,,,,,,,,,,,,,,,,,,,,,,,,,,,,,,,,,,,,,,,,,,,,,,,,,,,,,,
Trailer4,1003,Relative path (or URL to file in Partner Center),,,,,,,,,,,,,,,,,,,,,,,,,,,,,,,,,,,,,,,,,,,,,,,,,,,,,,,,,,,,,,,,,,,,,,,,,,,,,,,,,,,,,,,,,,,,,,,,,,,,,
Trailer5,1004,Relative path (or URL to file in Partner Center),,,,,,,,,,,,,,,,,,,,,,,,,,,,,,,,,,,,,,,,,,,,,,,,,,,,,,,,,,,,,,,,,,,,,,,,,,,,,,,,,,,,,,,,,,,,,,,,,,,,,
Trailer6,1005,Relative path (or URL to file in Partner Center),,,,,,,,,,,,,,,,,,,,,,,,,,,,,,,,,,,,,,,,,,,,,,,,,,,,,,,,,,,,,,,,,,,,,,,,,,,,,,,,,,,,,,,,,,,,,,,,,,,,,
Trailer7,1006,Relative path (or URL to file in Partner Center),,,,,,,,,,,,,,,,,,,,,,,,,,,,,,,,,,,,,,,,,,,,,,,,,,,,,,,,,,,,,,,,,,,,,,,,,,,,,,,,,,,,,,,,,,,,,,,,,,,,,
Trailer8,1007,Relative path (or URL to file in Partner Center),,,,,,,,,,,,,,,,,,,,,,,,,,,,,,,,,,,,,,,,,,,,,,,,,,,,,,,,,,,,,,,,,,,,,,,,,,,,,,,,,,,,,,,,,,,,,,,,,,,,,
Trailer9,1008,Relative path (or URL to file in Partner Center),,,,,,,,,,,,,,,,,,,,,,,,,,,,,,,,,,,,,,,,,,,,,,,,,,,,,,,,,,,,,,,,,,,,,,,,,,,,,,,,,,,,,,,,,,,,,,,,,,,,,
Trailer10,1009,Relative path (or URL to file in Partner Center),,,,,,,,,,,,,,,,,,,,,,,,,,,,,,,,,,,,,,,,,,,,,,,,,,,,,,,,,,,,,,,,,,,,,,,,,,,,,,,,,,,,,,,,,,,,,,,,,,,,,
Trailer11,1010,Relative path (or URL to file in Partner Center),,,,,,,,,,,,,,,,,,,,,,,,,,,,,,,,,,,,,,,,,,,,,,,,,,,,,,,,,,,,,,,,,,,,,,,,,,,,,,,,,,,,,,,,,,,,,,,,,,,,,
Trailer12,1011,Relative path (or URL to file in Partner Center),,,,,,,,,,,,,,,,,,,,,,,,,,,,,,,,,,,,,,,,,,,,,,,,,,,,,,,,,,,,,,,,,,,,,,,,,,,,,,,,,,,,,,,,,,,,,,,,,,,,,
Trailer13,1012,Relative path (or URL to file in Partner Center),,,,,,,,,,,,,,,,,,,,,,,,,,,,,,,,,,,,,,,,,,,,,,,,,,,,,,,,,,,,,,,,,,,,,,,,,,,,,,,,,,,,,,,,,,,,,,,,,,,,,
Trailer14,1013,Relative path (or URL to file in Partner Center),,,,,,,,,,,,,,,,,,,,,,,,,,,,,,,,,,,,,,,,,,,,,,,,,,,,,,,,,,,,,,,,,,,,,,,,,,,,,,,,,,,,,,,,,,,,,,,,,,,,,
Trailer15,1014,Relative path (or URL to file in Partner Center),,,,,,,,,,,,,,,,,,,,,,,,,,,,,,,,,,,,,,,,,,,,,,,,,,,,,,,,,,,,,,,,,,,,,,,,,,,,,,,,,,,,,,,,,,,,,,,,,,,,,
TrailerTitle1,1020,Text,,,,,,,,,,,,,,,,,,,,,,,,,,,,,,,,,,,,,,,,,,,,,,,,,,,,,,,,,,,,,,,,,,,,,,,,,,,,,,,,,,,,,,,,,,,,,,,,,,,,,
TrailerTitle2,1021,Text,,,,,,,,,,,,,,,,,,,,,,,,,,,,,,,,,,,,,,,,,,,,,,,,,,,,,,,,,,,,,,,,,,,,,,,,,,,,,,,,,,,,,,,,,,,,,,,,,,,,,
TrailerTitle3,1022,Text,,,,,,,,,,,,,,,,,,,,,,,,,,,,,,,,,,,,,,,,,,,,,,,,,,,,,,,,,,,,,,,,,,,,,,,,,,,,,,,,,,,,,,,,,,,,,,,,,,,,,
TrailerTitle4,1023,Text,,,,,,,,,,,,,,,,,,,,,,,,,,,,,,,,,,,,,,,,,,,,,,,,,,,,,,,,,,,,,,,,,,,,,,,,,,,,,,,,,,,,,,,,,,,,,,,,,,,,,
TrailerTitle5,1024,Text,,,,,,,,,,,,,,,,,,,,,,,,,,,,,,,,,,,,,,,,,,,,,,,,,,,,,,,,,,,,,,,,,,,,,,,,,,,,,,,,,,,,,,,,,,,,,,,,,,,,,
TrailerTitle6,1025,Text,,,,,,,,,,,,,,,,,,,,,,,,,,,,,,,,,,,,,,,,,,,,,,,,,,,,,,,,,,,,,,,,,,,,,,,,,,,,,,,,,,,,,,,,,,,,,,,,,,,,,
TrailerTitle7,1026,Text,,,,,,,,,,,,,,,,,,,,,,,,,,,,,,,,,,,,,,,,,,,,,,,,,,,,,,,,,,,,,,,,,,,,,,,,,,,,,,,,,,,,,,,,,,,,,,,,,,,,,
TrailerTitle8,1027,Text,,,,,,,,,,,,,,,,,,,,,,,,,,,,,,,,,,,,,,,,,,,,,,,,,,,,,,,,,,,,,,,,,,,,,,,,,,,,,,,,,,,,,,,,,,,,,,,,,,,,,
TrailerTitle9,1028,Text,,,,,,,,,,,,,,,,,,,,,,,,,,,,,,,,,,,,,,,,,,,,,,,,,,,,,,,,,,,,,,,,,,,,,,,,,,,,,,,,,,,,,,,,,,,,,,,,,,,,,
TrailerTitle10,1029,Text,,,,,,,,,,,,,,,,,,,,,,,,,,,,,,,,,,,,,,,,,,,,,,,,,,,,,,,,,,,,,,,,,,,,,,,,,,,,,,,,,,,,,,,,,,,,,,,,,,,,,
TrailerTitle11,1030,Text,,,,,,,,,,,,,,,,,,,,,,,,,,,,,,,,,,,,,,,,,,,,,,,,,,,,,,,,,,,,,,,,,,,,,,,,,,,,,,,,,,,,,,,,,,,,,,,,,,,,,
TrailerTitle12,1031,Text,,,,,,,,,,,,,,,,,,,,,,,,,,,,,,,,,,,,,,,,,,,,,,,,,,,,,,,,,,,,,,,,,,,,,,,,,,,,,,,,,,,,,,,,,,,,,,,,,,,,,
TrailerTitle13,1032,Text,,,,,,,,,,,,,,,,,,,,,,,,,,,,,,,,,,,,,,,,,,,,,,,,,,,,,,,,,,,,,,,,,,,,,,,,,,,,,,,,,,,,,,,,,,,,,,,,,,,,,
TrailerTitle14,1033,Text,,,,,,,,,,,,,,,,,,,,,,,,,,,,,,,,,,,,,,,,,,,,,,,,,,,,,,,,,,,,,,,,,,,,,,,,,,,,,,,,,,,,,,,,,,,,,,,,,,,,,
TrailerTitle15,1034,Text,,,,,,,,,,,,,,,,,,,,,,,,,,,,,,,,,,,,,,,,,,,,,,,,,,,,,,,,,,,,,,,,,,,,,,,,,,,,,,,,,,,,,,,,,,,,,,,,,,,,,
TrailerThumbnail1,1040,Relative path (or URL to file in Partner Center),,,,,,,,,,,,,,,,,,,,,,,,,,,,,,,,,,,,,,,,,,,,,,,,,,,,,,,,,,,,,,,,,,,,,,,,,,,,,,,,,,,,,,,,,,,,,,,,,,,,,
TrailerThumbnail2,1041,Relative path (or URL to file in Partner Center),,,,,,,,,,,,,,,,,,,,,,,,,,,,,,,,,,,,,,,,,,,,,,,,,,,,,,,,,,,,,,,,,,,,,,,,,,,,,,,,,,,,,,,,,,,,,,,,,,,,,
TrailerThumbnail3,1042,Relative path (or URL to file in Partner Center),,,,,,,,,,,,,,,,,,,,,,,,,,,,,,,,,,,,,,,,,,,,,,,,,,,,,,,,,,,,,,,,,,,,,,,,,,,,,,,,,,,,,,,,,,,,,,,,,,,,,
TrailerThumbnail4,1043,Relative path (or URL to file in Partner Center),,,,,,,,,,,,,,,,,,,,,,,,,,,,,,,,,,,,,,,,,,,,,,,,,,,,,,,,,,,,,,,,,,,,,,,,,,,,,,,,,,,,,,,,,,,,,,,,,,,,,
TrailerThumbnail5,1044,Relative path (or URL to file in Partner Center),,,,,,,,,,,,,,,,,,,,,,,,,,,,,,,,,,,,,,,,,,,,,,,,,,,,,,,,,,,,,,,,,,,,,,,,,,,,,,,,,,,,,,,,,,,,,,,,,,,,,
TrailerThumbnail6,1045,Relative path (or URL to file in Partner Center),,,,,,,,,,,,,,,,,,,,,,,,,,,,,,,,,,,,,,,,,,,,,,,,,,,,,,,,,,,,,,,,,,,,,,,,,,,,,,,,,,,,,,,,,,,,,,,,,,,,,
TrailerThumbnail7,1046,Relative path (or URL to file in Partner Center),,,,,,,,,,,,,,,,,,,,,,,,,,,,,,,,,,,,,,,,,,,,,,,,,,,,,,,,,,,,,,,,,,,,,,,,,,,,,,,,,,,,,,,,,,,,,,,,,,,,,
TrailerThumbnail8,1047,Relative path (or URL to file in Partner Center),,,,,,,,,,,,,,,,,,,,,,,,,,,,,,,,,,,,,,,,,,,,,,,,,,,,,,,,,,,,,,,,,,,,,,,,,,,,,,,,,,,,,,,,,,,,,,,,,,,,,
TrailerThumbnail9,1048,Relative path (or URL to file in Partner Center),,,,,,,,,,,,,,,,,,,,,,,,,,,,,,,,,,,,,,,,,,,,,,,,,,,,,,,,,,,,,,,,,,,,,,,,,,,,,,,,,,,,,,,,,,,,,,,,,,,,,
TrailerThumbnail10,1049,Relative path (or URL to file in Partner Center),,,,,,,,,,,,,,,,,,,,,,,,,,,,,,,,,,,,,,,,,,,,,,,,,,,,,,,,,,,,,,,,,,,,,,,,,,,,,,,,,,,,,,,,,,,,,,,,,,,,,
TrailerThumbnail11,1050,Relative path (or URL to file in Partner Center),,,,,,,,,,,,,,,,,,,,,,,,,,,,,,,,,,,,,,,,,,,,,,,,,,,,,,,,,,,,,,,,,,,,,,,,,,,,,,,,,,,,,,,,,,,,,,,,,,,,,
TrailerThumbnail12,1051,Relative path (or URL to file in Partner Center),,,,,,,,,,,,,,,,,,,,,,,,,,,,,,,,,,,,,,,,,,,,,,,,,,,,,,,,,,,,,,,,,,,,,,,,,,,,,,,,,,,,,,,,,,,,,,,,,,,,,
TrailerThumbnail13,1052,Relative path (or URL to file in Partner Center),,,,,,,,,,,,,,,,,,,,,,,,,,,,,,,,,,,,,,,,,,,,,,,,,,,,,,,,,,,,,,,,,,,,,,,,,,,,,,,,,,,,,,,,,,,,,,,,,,,,,
TrailerThumbnail14,1053,Relative path (or URL to file in Partner Center),,,,,,,,,,,,,,,,,,,,,,,,,,,,,,,,,,,,,,,,,,,,,,,,,,,,,,,,,,,,,,,,,,,,,,,,,,,,,,,,,,,,,,,,,,,,,,,,,,,,,
TrailerThumbnail15,1054,Relative path (or URL to file in Partner Center),,,,,,,,,,,,,,,,,,,,,,,,,,,,,,,,,,,,,,,,,,,,,,,,,,,,,,,,,,,,,,,,,,,,,,,,,,,,,,,,,,,,,,,,,,,,,,,,,,,,,
TrailerClosedCaption1,1055,Relative path (or URL to file in Partner Center),,,,,,,,,,,,,,,,,,,,,,,,,,,,,,,,,,,,,,,,,,,,,,,,,,,,,,,,,,,,,,,,,,,,,,,,,,,,,,,,,,,,,,,,,,,,,,,,,,,,,
TrailerClosedCaption2,1056,Relative path (or URL to file in Partner Center),,,,,,,,,,,,,,,,,,,,,,,,,,,,,,,,,,,,,,,,,,,,,,,,,,,,,,,,,,,,,,,,,,,,,,,,,,,,,,,,,,,,,,,,,,,,,,,,,,,,,
TrailerClosedCaption3,1057,Relative path (or URL to file in Partner Center),,,,,,,,,,,,,,,,,,,,,,,,,,,,,,,,,,,,,,,,,,,,,,,,,,,,,,,,,,,,,,,,,,,,,,,,,,,,,,,,,,,,,,,,,,,,,,,,,,,,,
TrailerClosedCaption4,1058,Relative path (or URL to file in Partner Center),,,,,,,,,,,,,,,,,,,,,,,,,,,,,,,,,,,,,,,,,,,,,,,,,,,,,,,,,,,,,,,,,,,,,,,,,,,,,,,,,,,,,,,,,,,,,,,,,,,,,
TrailerClosedCaption5,1059,Relative path (or URL to file in Partner Center),,,,,,,,,,,,,,,,,,,,,,,,,,,,,,,,,,,,,,,,,,,,,,,,,,,,,,,,,,,,,,,,,,,,,,,,,,,,,,,,,,,,,,,,,,,,,,,,,,,,,
TrailerClosedCaption6,1060,Relative path (or URL to file in Partner Center),,,,,,,,,,,,,,,,,,,,,,,,,,,,,,,,,,,,,,,,,,,,,,,,,,,,,,,,,,,,,,,,,,,,,,,,,,,,,,,,,,,,,,,,,,,,,,,,,,,,,
TrailerClosedCaption7,1061,Relative path (or URL to file in Partner Center),,,,,,,,,,,,,,,,,,,,,,,,,,,,,,,,,,,,,,,,,,,,,,,,,,,,,,,,,,,,,,,,,,,,,,,,,,,,,,,,,,,,,,,,,,,,,,,,,,,,,
TrailerClosedCaption8,1062,Relative path (or URL to file in Partner Center),,,,,,,,,,,,,,,,,,,,,,,,,,,,,,,,,,,,,,,,,,,,,,,,,,,,,,,,,,,,,,,,,,,,,,,,,,,,,,,,,,,,,,,,,,,,,,,,,,,,,
TrailerClosedCaption9,1063,Relative path (or URL to file in Partner Center),,,,,,,,,,,,,,,,,,,,,,,,,,,,,,,,,,,,,,,,,,,,,,,,,,,,,,,,,,,,,,,,,,,,,,,,,,,,,,,,,,,,,,,,,,,,,,,,,,,,,
TrailerClosedCaption10,1064,Relative path (or URL to file in Partner Center),,,,,,,,,,,,,,,,,,,,,,,,,,,,,,,,,,,,,,,,,,,,,,,,,,,,,,,,,,,,,,,,,,,,,,,,,,,,,,,,,,,,,,,,,,,,,,,,,,,,,
TrailerClosedCaption11,1065,Relative path (or URL to file in Partner Center),,,,,,,,,,,,,,,,,,,,,,,,,,,,,,,,,,,,,,,,,,,,,,,,,,,,,,,,,,,,,,,,,,,,,,,,,,,,,,,,,,,,,,,,,,,,,,,,,,,,,
TrailerClosedCaption12,1066,Relative path (or URL to file in Partner Center),,,,,,,,,,,,,,,,,,,,,,,,,,,,,,,,,,,,,,,,,,,,,,,,,,,,,,,,,,,,,,,,,,,,,,,,,,,,,,,,,,,,,,,,,,,,,,,,,,,,,
TrailerClosedCaption13,1067,Relative path (or URL to file in Partner Center),,,,,,,,,,,,,,,,,,,,,,,,,,,,,,,,,,,,,,,,,,,,,,,,,,,,,,,,,,,,,,,,,,,,,,,,,,,,,,,,,,,,,,,,,,,,,,,,,,,,,
TrailerClosedCaption14,1068,Relative path (or URL to file in Partner Center),,,,,,,,,,,,,,,,,,,,,,,,,,,,,,,,,,,,,,,,,,,,,,,,,,,,,,,,,,,,,,,,,,,,,,,,,,,,,,,,,,,,,,,,,,,,,,,,,,,,,
TrailerClosedCaption15,1069,Relative path (or URL to file in Partner Center),,,,,,,,,,,,,,,,,,,,,,,,,,,,,,,,,,,,,,,,,,,,,,,,,,,,,,,,,,,,,,,,,,,,,,,,,,,,,,,,,,,,,,,,,,,,,,,,,,,,,
TrailerAudioDescription1,1070,Relative path (or URL to file in Partner Center),,,,,,,,,,,,,,,,,,,,,,,,,,,,,,,,,,,,,,,,,,,,,,,,,,,,,,,,,,,,,,,,,,,,,,,,,,,,,,,,,,,,,,,,,,,,,,,,,,,,,
TrailerAudioDescription2,1071,Relative path (or URL to file in Partner Center),,,,,,,,,,,,,,,,,,,,,,,,,,,,,,,,,,,,,,,,,,,,,,,,,,,,,,,,,,,,,,,,,,,,,,,,,,,,,,,,,,,,,,,,,,,,,,,,,,,,,
TrailerAudioDescription3,1072,Relative path (or URL to file in Partner Center),,,,,,,,,,,,,,,,,,,,,,,,,,,,,,,,,,,,,,,,,,,,,,,,,,,,,,,,,,,,,,,,,,,,,,,,,,,,,,,,,,,,,,,,,,,,,,,,,,,,,
TrailerAudioDescription4,1073,Relative path (or URL to file in Partner Center),,,,,,,,,,,,,,,,,,,,,,,,,,,,,,,,,,,,,,,,,,,,,,,,,,,,,,,,,,,,,,,,,,,,,,,,,,,,,,,,,,,,,,,,,,,,,,,,,,,,,
TrailerAudioDescription5,1074,Relative path (or URL to file in Partner Center),,,,,,,,,,,,,,,,,,,,,,,,,,,,,,,,,,,,,,,,,,,,,,,,,,,,,,,,,,,,,,,,,,,,,,,,,,,,,,,,,,,,,,,,,,,,,,,,,,,,,
TrailerAudioDescription6,1075,Relative path (or URL to file in Partner Center),,,,,,,,,,,,,,,,,,,,,,,,,,,,,,,,,,,,,,,,,,,,,,,,,,,,,,,,,,,,,,,,,,,,,,,,,,,,,,,,,,,,,,,,,,,,,,,,,,,,,
TrailerAudioDescription7,1076,Relative path (or URL to file in Partner Center),,,,,,,,,,,,,,,,,,,,,,,,,,,,,,,,,,,,,,,,,,,,,,,,,,,,,,,,,,,,,,,,,,,,,,,,,,,,,,,,,,,,,,,,,,,,,,,,,,,,,
TrailerAudioDescription8,1077,Relative path (or URL to file in Partner Center),,,,,,,,,,,,,,,,,,,,,,,,,,,,,,,,,,,,,,,,,,,,,,,,,,,,,,,,,,,,,,,,,,,,,,,,,,,,,,,,,,,,,,,,,,,,,,,,,,,,,
TrailerAudioDescription9,1078,Relative path (or URL to file in Partner Center),,,,,,,,,,,,,,,,,,,,,,,,,,,,,,,,,,,,,,,,,,,,,,,,,,,,,,,,,,,,,,,,,,,,,,,,,,,,,,,,,,,,,,,,,,,,,,,,,,,,,
TrailerAudioDescription10,1079,Relative path (or URL to file in Partner Center),,,,,,,,,,,,,,,,,,,,,,,,,,,,,,,,,,,,,,,,,,,,,,,,,,,,,,,,,,,,,,,,,,,,,,,,,,,,,,,,,,,,,,,,,,,,,,,,,,,,,
TrailerAudioDescription11,1080,Relative path (or URL to file in Partner Center),,,,,,,,,,,,,,,,,,,,,,,,,,,,,,,,,,,,,,,,,,,,,,,,,,,,,,,,,,,,,,,,,,,,,,,,,,,,,,,,,,,,,,,,,,,,,,,,,,,,,
TrailerAudioDescription12,1081,Relative path (or URL to file in Partner Center),,,,,,,,,,,,,,,,,,,,,,,,,,,,,,,,,,,,,,,,,,,,,,,,,,,,,,,,,,,,,,,,,,,,,,,,,,,,,,,,,,,,,,,,,,,,,,,,,,,,,
TrailerAudioDescription13,1082,Relative path (or URL to file in Partner Center),,,,,,,,,,,,,,,,,,,,,,,,,,,,,,,,,,,,,,,,,,,,,,,,,,,,,,,,,,,,,,,,,,,,,,,,,,,,,,,,,,,,,,,,,,,,,,,,,,,,,
TrailerAudioDescription14,1083,Relative path (or URL to file in Partner Center),,,,,,,,,,,,,,,,,,,,,,,,,,,,,,,,,,,,,,,,,,,,,,,,,,,,,,,,,,,,,,,,,,,,,,,,,,,,,,,,,,,,,,,,,,,,,,,,,,,,,
TrailerAudioDescription15,1084,Relative path (or URL to file in Partner Center),,,,,,,,,,,,,,,,,,,,,,,,,,,,,,,,,,,,,,,,,,,,,,,,,,,,,,,,,,,,,,,,,,,,,,,,,,,,,,,,,,,,,,,,,,,,,,,,,,,,,
